INSERT INTO "CP".dual (col) VALUES 
('1')
;INSERT INTO "CP".icp_decision_master (decision_code,decision_label,superlative_label,inferior_label,scoring_erule_code,scoring_display_erule,commonality_factor,directly_proportional,rule_bucket,is_system_defined,maker_id,maker_date,checker_id,checker_date,flag_closed) VALUES 
('COST','Transaction Fee','Cheapest','','EN_DEC_COST_CAD','EN_DEC_COST_DISPLAY',100000000.0000000000,'Y','Decision','Y','SYSTEM','2019-08-27 17:10:12.254','SYSTEM','2019-08-27 17:10:12.254','N')
,('TIME_VD','Value Date','Fastest','','EN_VALUE_DATE','EN_VALUE_DATE_DISPLAY',0.0000001000,'N','Decision','Y','SYSTEM','2019-08-27 17:10:12.254','SYSTEM','2019-08-27 17:10:12.254','N')
,('POPULARITY',' Popularity','Most POPULAR','','EN_DEC_POPU','EN_DEC_POPU_DISPLAY',5000.0000000000,'Y','Decision','Y','SYSTEM','2019-08-27 17:10:12.254','SYSTEM','2019-08-27 17:10:12.254','N')
;INSERT INTO "CP".icp_dynamic_api (api_code,system_code,api_name,ssl_enabled,secret_key_field,http_uri,http_method,is_body_templatized,body_template,single_row,is_system_defined,maker_id,maker_date,checker_id,checker_date,flag_closed) VALUES 
('API_U_GET_RECO','CBX','Get Recommendation','N',NULL,'/igtb/cp/api/getreco','POST','N',NULL,'Y','Y','SYSTEM','2019-08-27 16:58:25.106','SYSTEM','2019-08-27 16:58:25.106','N')
,('API_U_VALIDATE_RECO','CBX','Validate Recommendation','N',NULL,'/igtb/cp/api/validatereco','POST','N',NULL,'Y','Y','SYSTEM','2019-08-27 16:58:25.106','SYSTEM','2019-08-27 16:58:25.106','N')
,('API_U_SAVE_RECO','CBX','Save Recommendation','N',NULL,'/igtb/cp/api/savereco','POST','N',NULL,'Y','Y','SYSTEM','2019-08-27 16:58:25.106','SYSTEM','2019-08-27 16:58:25.106','N')
,('API_U_GET_POPU','CAP','Get Popularity','N',NULL,'/contextual/aiplugin/getpopularity','POST','N',NULL,'Y','Y','SYSTEM','2019-08-27 16:58:25.106','SYSTEM','2019-08-27 16:58:25.106','N')
;INSERT INTO "CP".icp_dynamic_api_dtls (api_code,req_resp,param_type,seq,param_name,param_field_code,param_static_value,resp_body_json_path,resp_body_json_field) VALUES 
('API_U_GET_RECO','REQ','HEADER',1,'source','FLD_SOURCE_01',NULL,NULL,NULL)
,('API_U_GET_RECO','REQ','BODY',13,NULL,NULL,NULL,'payload.nationalRate','FL_NTNL_RATE')
,('API_U_GET_RECO','REQ','HEADER',2,'x-ct-infoabout','FLD_CTINFO_02',NULL,NULL,NULL)
,('API_U_GET_RECO','REQ','BODY',1,NULL,NULL,'234','payload.debtorAccount','IN_DR_AC')
,('API_U_GET_RECO','REQ','BODY',2,NULL,NULL,'456','payload.debtorAccountCurrency','IN_DR_AC_CCY')
,('API_U_GET_RECO','REQ','BODY',3,NULL,NULL,NULL,'payload.creditorBankCountry','IN_CR_AGT_CTRY')
,('API_U_GET_RECO','REQ','BODY',4,NULL,NULL,NULL,'payload.customerCategory','DV_CUST_CAT')
,('API_U_GET_RECO','REQ','BODY',5,NULL,NULL,NULL,'payload.instructedAmount','IN_INST_AMT')
,('API_U_GET_RECO','REQ','BODY',6,NULL,NULL,NULL,'payload.instructedCurrency','IN_INST_AMT_CCY')
,('API_U_GET_RECO','REQ','BODY',7,NULL,NULL,NULL,'payload.initiationTime','IN_INIT_TIME')
;
INSERT INTO "CP".icp_dynamic_api_dtls (api_code,req_resp,param_type,seq,param_name,param_field_code,param_static_value,resp_body_json_path,resp_body_json_field) VALUES 
('API_U_GET_RECO','REQ','BODY',8,NULL,NULL,NULL,'payload.customerId','IN_CUST_ID')
,('API_U_GET_RECO','REQ','BODY',9,NULL,NULL,NULL,'payload.offeringCode','DV_OFFERING_CODE')
,('API_U_GET_RECO','REQ','BODY',10,NULL,NULL,NULL,'payload.valueDate','IN_VAL_DT')
,('API_U_GET_RECO','REQ','BODY',11,NULL,NULL,NULL,'payload.debitAmount','IN_DEBT_AMT')
,('API_U_GET_RECO','REQ','BODY',12,NULL,NULL,NULL,'payload.debitAmounyCurrency','IN_DEBT_AMT_CCY')
,('API_U_VALIDATE_RECO','REQ','HEADER',1,'source','FLD_SOURCE_01',NULL,NULL,NULL)
,('API_U_VALIDATE_RECO','REQ','HEADER',2,'x-ct-infoabout','FLD_CTINFO_02',NULL,NULL,NULL)
,('API_U_VALIDATE_RECO','REQ','BODY',1,NULL,NULL,'234','payload.debtorAccount','IN_DR_AC')
,('API_U_VALIDATE_RECO','REQ','BODY',2,NULL,NULL,'456','payload.debtorAccountCurrency','IN_DR_AC_CCY')
,('API_U_VALIDATE_RECO','REQ','BODY',3,NULL,NULL,NULL,'payload.creditorBankCountry','IN_CR_AGT_CTRY')
;
INSERT INTO "CP".icp_dynamic_api_dtls (api_code,req_resp,param_type,seq,param_name,param_field_code,param_static_value,resp_body_json_path,resp_body_json_field) VALUES 
('API_U_VALIDATE_RECO','REQ','BODY',4,NULL,NULL,NULL,'payload.customerCategory','DV_CUST_CAT')
,('API_U_VALIDATE_RECO','REQ','BODY',5,NULL,NULL,NULL,'payload.instructedAmount','IN_INST_AMT')
,('API_U_VALIDATE_RECO','REQ','BODY',6,NULL,NULL,NULL,'payload.instructedCurrency','IN_INST_AMT_CCY')
,('API_U_VALIDATE_RECO','REQ','BODY',7,NULL,NULL,NULL,'payload.initiationTime','IN_INIT_TIME')
,('API_U_VALIDATE_RECO','REQ','BODY',8,NULL,NULL,NULL,'payload.customerId','IN_CUST_ID')
,('API_U_VALIDATE_RECO','REQ','BODY',9,NULL,NULL,NULL,'payload.offeringCode','DV_OFFERING_CODE')
,('API_U_VALIDATE_RECO','REQ','BODY',10,NULL,NULL,NULL,'payload.valueDate','IN_VAL_DT')
,('API_U_VALIDATE_RECO','REQ','BODY',11,NULL,NULL,NULL,'payload.debitAmount','IN_DEBT_AMT')
,('API_U_VALIDATE_RECO','REQ','BODY',12,NULL,NULL,NULL,'payload.debitAmounyCurrency','IN_DEBT_AMT_CCY')
,('API_U_VALIDATE_RECO','REQ','BODY',13,NULL,NULL,NULL,'payload.nationalRate','FL_NTNL_RATE')
;
INSERT INTO "CP".icp_dynamic_api_dtls (api_code,req_resp,param_type,seq,param_name,param_field_code,param_static_value,resp_body_json_path,resp_body_json_field) VALUES 
('API_U_VALIDATE_RECO','REQ','BODY',14,NULL,NULL,NULL,'payload.offeringCode','DV_OFFERING_CODE')
,('API_U_SAVE_RECO','REQ','HEADER',1,'source','FLD_SOURCE_01',NULL,NULL,NULL)
,('API_U_SAVE_RECO','REQ','HEADER',2,'x-ct-infoabout','FLD_CTINFO_02',NULL,NULL,NULL)
,('API_U_SAVE_RECO','REQ','BODY',1,NULL,NULL,'234','payload.debtorAccount','IN_DR_AC')
,('API_U_SAVE_RECO','REQ','BODY',2,NULL,NULL,'456','payload.debtorAccountCurrency','IN_DR_AC_CCY')
,('API_U_SAVE_RECO','REQ','BODY',3,NULL,NULL,NULL,'payload.creditorBankCountry','IN_CR_AGT_CTRY')
,('API_U_SAVE_RECO','REQ','BODY',4,NULL,NULL,NULL,'payload.customerCategory','DV_CUST_CAT')
,('API_U_SAVE_RECO','REQ','BODY',5,NULL,NULL,NULL,'payload.instructedAmount','IN_INST_AMT')
,('API_U_SAVE_RECO','REQ','BODY',6,NULL,NULL,NULL,'payload.instructedCurrency','IN_INST_AMT_CCY')
,('API_U_SAVE_RECO','REQ','BODY',7,NULL,NULL,NULL,'payload.initiationTime','IN_INIT_TIME')
;
INSERT INTO "CP".icp_dynamic_api_dtls (api_code,req_resp,param_type,seq,param_name,param_field_code,param_static_value,resp_body_json_path,resp_body_json_field) VALUES 
('API_U_SAVE_RECO','REQ','BODY',8,NULL,NULL,NULL,'payload.customerId','IN_CUST_ID')
,('API_U_SAVE_RECO','REQ','BODY',9,NULL,NULL,NULL,'payload.offeringCode','DV_OFFERING_CODE')
,('API_U_SAVE_RECO','REQ','BODY',10,NULL,NULL,NULL,'payload.valueDate','IN_VAL_DT')
,('API_U_SAVE_RECO','REQ','BODY',11,NULL,NULL,NULL,'payload.debitAmount','IN_DEBT_AMT')
,('API_U_SAVE_RECO','REQ','BODY',12,NULL,NULL,NULL,'payload.debitAmounyCurrency','IN_DEBT_AMT_CCY')
,('API_U_SAVE_RECO','REQ','BODY',13,NULL,NULL,NULL,'payload.nationalRate','FL_NTNL_RATE')
,('API_U_SAVE_RECO','REQ','BODY',14,NULL,NULL,NULL,'payload.offeringCode','DV_OFFERING_CODE')
,('API_U_GET_RECO','RES','BODY',1,'customerSector','DV_CUST_SCTR',NULL,'customerSector','DV_CUST_SCTR')
,('API_U_GET_RECO','RES','BODY',2,'debtorAccount','IN_DR_AC',NULL,'debtorAccount','IN_DR_AC')
,('API_U_GET_RECO','RES','BODY',3,'customerCategory','DV_CUST_CAT',NULL,'customerCategory','DV_CUST_CAT')
;
INSERT INTO "CP".icp_dynamic_api_dtls (api_code,req_resp,param_type,seq,param_name,param_field_code,param_static_value,resp_body_json_path,resp_body_json_field) VALUES 
('API_U_GET_RECO','RES','BODY',4,'customerSegment','DV_CUST_SEG',NULL,'customerSegment','DV_CUST_SEG')
,('API_U_GET_RECO','RES','BODY',5,'creditorBankCountry','IN_CR_AGT_CTRY',NULL,'creditorBankCountry','IN_CR_AGT_CTRY')
,('API_U_GET_RECO','RES','BODY',6,'initiationDate','IN_INIT_DATE',NULL,'initiationDate','IN_INIT_DATE')
,('API_U_GET_RECO','RES','BODY',7,'customerId','IN_CUST_ID',NULL,'customerId','IN_CUST_ID')
,('API_U_GET_RECO','RES','BODY',8,'debtorAccountBranch','IN_DR_AC_BR',NULL,'debtorAccountBranch','IN_DR_AC_BR')
,('API_U_GET_RECO','RES','BODY',9,'instructedAmount','IN_INST_AMT',NULL,'instructedAmount','IN_INST_AMT')
,('API_U_GET_RECO','RES','BODY',10,'debtorAccountCurrency','IN_DR_AC_CCY',NULL,'debtorAccountCurrency','IN_DR_AC_CCY')
,('API_U_GET_RECO','RES','BODY',11,'userId','IN_USER_ID',NULL,'userId','IN_USER_ID')
,('API_U_GET_RECO','RES','BODY',12,'initiationTime','IN_INIT_TIME',NULL,'initiationTime','IN_INIT_TIME')
,('API_U_GET_RECO','RES','BODY',13,'instructedCurrency','IN_INST_AMT_CCY',NULL,'instructedCurrency','IN_INST_AMT_CCY')
;
INSERT INTO "CP".icp_dynamic_api_dtls (api_code,req_resp,param_type,seq,param_name,param_field_code,param_static_value,resp_body_json_path,resp_body_json_field) VALUES 
('API_U_GET_RECO','RES','BODY',14,'offeringCode','DV_OFFERING_CODE',NULL,'offeringCode','DV_OFFERING_CODE')
,('API_U_GET_RECO','RES','BODY',15,'eligibleUser','FLD_DER_ELIGIBLE_USER',NULL,'eligibleUser','FLD_DER_ELIGIBLE_USER')
,('API_U_SAVE_RECO','RES','BODY',1,'customerSector','DV_CUST_SCTR',NULL,'customerSector','DV_CUST_SCTR')
,('API_U_SAVE_RECO','RES','BODY',2,'debtorAccount','IN_DR_AC',NULL,'debtorAccount','IN_DR_AC')
,('API_U_SAVE_RECO','RES','BODY',3,'customerCategory','DV_CUST_CAT',NULL,'customerCategory','DV_CUST_CAT')
,('API_U_SAVE_RECO','RES','BODY',4,'customerSegment','DV_CUST_SEG',NULL,'customerSegment','DV_CUST_SEG')
,('API_U_SAVE_RECO','RES','BODY',5,'creditorBankCountry','IN_CR_AGT_CTRY',NULL,'creditorBankCountry','IN_CR_AGT_CTRY')
,('API_U_SAVE_RECO','RES','BODY',6,'initiationDate','IN_INIT_DATE',NULL,'initiationDate','IN_INIT_DATE')
,('API_U_SAVE_RECO','RES','BODY',7,'customerId','IN_CUST_ID',NULL,'customerId','IN_CUST_ID')
,('API_U_SAVE_RECO','RES','BODY',8,'debtorAccountBranch','IN_DR_AC_BR',NULL,'debtorAccountBranch','IN_DR_AC_BR')
;
INSERT INTO "CP".icp_dynamic_api_dtls (api_code,req_resp,param_type,seq,param_name,param_field_code,param_static_value,resp_body_json_path,resp_body_json_field) VALUES 
('API_U_SAVE_RECO','RES','BODY',9,'instructedAmount','IN_INST_AMT',NULL,'instructedAmount','IN_INST_AMT')
,('API_U_SAVE_RECO','RES','BODY',10,'debtorAccountCurrency','IN_DR_AC_CCY',NULL,'debtorAccountCurrency','IN_DR_AC_CCY')
,('API_U_SAVE_RECO','RES','BODY',11,'userId','IN_USER_ID',NULL,'userId','IN_USER_ID')
,('API_U_SAVE_RECO','RES','BODY',12,'initiationTime','IN_INIT_TIME',NULL,'initiationTime','IN_INIT_TIME')
,('API_U_SAVE_RECO','RES','BODY',13,'instructedCurrency','IN_INST_AMT_CCY',NULL,'instructedCurrency','IN_INST_AMT_CCY')
,('API_U_SAVE_RECO','RES','BODY',14,'offeringCode','DV_OFFERING_CODE',NULL,'offeringCode','DV_OFFERING_CODE')
,('API_U_SAVE_RECO','RES','BODY',15,'eligibleUser','FLD_DER_ELIGIBLE_USER',NULL,'eligibleUser','FLD_DER_ELIGIBLE_USER')
,('API_U_VALIDATE_RECO','RES','BODY',1,'customerSector','DV_CUST_SCTR',NULL,'customerSector','DV_CUST_SCTR')
,('API_U_VALIDATE_RECO','RES','BODY',2,'debtorAccount','IN_DR_AC',NULL,'debtorAccount','IN_DR_AC')
,('API_U_VALIDATE_RECO','RES','BODY',3,'customerCategory','DV_CUST_CAT',NULL,'customerCategory','DV_CUST_CAT')
;
INSERT INTO "CP".icp_dynamic_api_dtls (api_code,req_resp,param_type,seq,param_name,param_field_code,param_static_value,resp_body_json_path,resp_body_json_field) VALUES 
('API_U_VALIDATE_RECO','RES','BODY',4,'customerSegment','DV_CUST_SEG',NULL,'customerSegment','DV_CUST_SEG')
,('API_U_VALIDATE_RECO','RES','BODY',5,'creditorBankCountry','IN_CR_AGT_CTRY',NULL,'creditorBankCountry','IN_CR_AGT_CTRY')
,('API_U_VALIDATE_RECO','RES','BODY',6,'initiationDate','IN_INIT_DATE',NULL,'initiationDate','IN_INIT_DATE')
,('API_U_VALIDATE_RECO','RES','BODY',7,'customerId','IN_CUST_ID',NULL,'customerId','IN_CUST_ID')
,('API_U_VALIDATE_RECO','RES','BODY',8,'debtorAccountBranch','IN_DR_AC_BR',NULL,'debtorAccountBranch','IN_DR_AC_BR')
,('API_U_VALIDATE_RECO','RES','BODY',9,'instructedAmount','IN_INST_AMT',NULL,'instructedAmount','IN_INST_AMT')
,('API_U_VALIDATE_RECO','RES','BODY',10,'debtorAccountCurrency','IN_DR_AC_CCY',NULL,'debtorAccountCurrency','IN_DR_AC_CCY')
,('API_U_VALIDATE_RECO','RES','BODY',11,'userId','IN_USER_ID',NULL,'userId','IN_USER_ID')
,('API_U_VALIDATE_RECO','RES','BODY',12,'initiationTime','IN_INIT_TIME',NULL,'initiationTime','IN_INIT_TIME')
,('API_U_VALIDATE_RECO','RES','BODY',13,'instructedCurrency','IN_INST_AMT_CCY',NULL,'instructedCurrency','IN_INST_AMT_CCY')
;
INSERT INTO "CP".icp_dynamic_api_dtls (api_code,req_resp,param_type,seq,param_name,param_field_code,param_static_value,resp_body_json_path,resp_body_json_field) VALUES 
('API_U_VALIDATE_RECO','RES','BODY',14,'offeringCode','DV_OFFERING_CODE',NULL,'offeringCode','DV_OFFERING_CODE')
,('API_U_VALIDATE_RECO','RES','BODY',15,'eligibleUser','FLD_DER_ELIGIBLE_USER',NULL,'eligibleUser','FLD_DER_ELIGIBLE_USER')
,('API_U_VALIDATE_RECO','RES','BODY',16,'valueDate','IN_VAL_DT',NULL,'valueDate','IN_VAL_DT')
,('API_U_VALIDATE_RECO','RES','BODY',17,'debitorAmount','IN_DEBT_AMT',NULL,'debitorAmount','IN_DEBT_AMT')
,('API_U_VALIDATE_RECO','RES','BODY',18,'disclaimer','DV_FLD_DISCLMR',NULL,'disclaimer','DV_FLD_DISCLMR')
,('API_U_SAVE_RECO','RES','BODY',16,'valueDate','IN_VAL_DT',NULL,'valueDate','IN_VAL_DT')
,('API_U_SAVE_RECO','RES','BODY',17,'debitorAmount','IN_DEBT_AMT',NULL,'debitorAmount','IN_DEBT_AMT')
,('API_U_SAVE_RECO','RES','BODY',18,'disclaimer','DV_FLD_DISCLMR',NULL,'disclaimer','DV_FLD_DISCLMR')
,('API_U_GET_RECO','RES','BODY',16,'valueDate','IN_VAL_DT',NULL,'valueDate','IN_VAL_DT')
,('API_U_GET_RECO','RES','BODY',17,'debitorAmount','IN_DEBT_AMT',NULL,'debitorAmount','IN_DEBT_AMT')
;
INSERT INTO "CP".icp_dynamic_api_dtls (api_code,req_resp,param_type,seq,param_name,param_field_code,param_static_value,resp_body_json_path,resp_body_json_field) VALUES 
('API_U_GET_RECO','RES','BODY',18,'disclaimer','DV_FLD_DISCLMR',NULL,'disclaimer','DV_FLD_DISCLMR')
,('API_U_GET_RECO','RES','BODY',19,'freqUsedTag','DV_FREQ_USED',NULL,'freqUsedTag','DV_FREQ_USED')
,('API_U_GET_RECO','REQ','BODY',14,NULL,NULL,NULL,'payload.userId','IN_USERID')
,('API_U_GET_RECO','REQ','BODY',14,NULL,NULL,NULL,'payload.contact','IN_CONTACT')
,('API_U_VALIDATE_RECO','REQ','BODY',19,NULL,NULL,NULL,'payload.userId','IN_USERID')
,('API_U_GET_POPU','REQ','BODY',1,NULL,NULL,'','payload.creditorBankCountry','IN_CR_AGT_CTRY')
,('API_U_GET_POPU','REQ','BODY',2,NULL,NULL,'','payload.customerCategory','DV_CUST_CAT')
,('API_U_GET_POPU','REQ','BODY',3,NULL,NULL,'','payload.instructedAmount','IN_INST_AMT')
,('API_U_GET_POPU','REQ','BODY',4,NULL,NULL,'','payload.instructedCurrency','IN_INST_AMT_CCY')
,('API_U_GET_POPU','REQ','BODY',5,NULL,NULL,'345','payload.debtorAccountCurrency','IN_DR_AC_CCY')
;
INSERT INTO "CP".icp_dynamic_api_dtls (api_code,req_resp,param_type,seq,param_name,param_field_code,param_static_value,resp_body_json_path,resp_body_json_field) VALUES 
('API_U_GET_POPU','REQ','BODY',6,NULL,NULL,'','payload.offeringCode','DV_OFFERING_CODE')
,('API_U_GET_POPU','REQ','HEADER',1,'source','FLD_SOURCE_01',NULL,NULL,NULL)
,('API_U_GET_POPU','REQ','HEADER',2,'x-ct-infoabout','FLD_CTINFO_02',NULL,NULL,NULL)
,('API_U_GET_POPU','RES','BODY',1,'popularityScore','popularityScore',NULL,'popularityScore','popularityScore')
,('API_U_GET_POPU','RES','BODY',2,'popularityDisplay','popularityDisplay',NULL,'popularityDisplay','popularityDisplay')
;INSERT INTO "CP".icp_error_codes (error_code,error_category,error_description_def,cust_error_code,cust_error_description_def,is_system_defined,maker_id,maker_date,checker_id,checker_date,flag_closed) VALUES 
('ERR_ACH_AMTCCY_001','Functional','Invalid instruction amount currency for ACH','Validation rule fail','Invalid instruction amount currency for ACH','N','SYSTEM','2019-10-17 16:39:01.979','SYSTEM','2019-10-17 16:39:01.979','N')
,('ERR_ACH_CTRY_001','Functional','Invalid country for ACH','Validation rule fail','Invalid country for ACH','N','SYSTEM','2019-10-17 16:39:01.979','SYSTEM','2019-10-17 16:39:01.979','N')
,('ERR_ACH_DEBTCCY_001','Functional','Invalid debitor amount currency for ACH','Validation rule fail','Invalid debitor amount currency for ACH','N','SYSTEM','2019-10-17 16:39:01.979','SYSTEM','2019-10-17 16:39:01.979','N')
,('ERR_ACH_MAXLMT_001','Functional','Invalid maximum transaction amount limit for ACH','Validation rule fail','Invalid maximum transaction amount limit for ACH','N','SYSTEM','2019-10-17 16:39:01.979','SYSTEM','2019-10-17 16:39:01.979','N')
,('ERR_ACH_MINLMT_001','Functional','Invalid minimum transaction amount limit for ACH','Validation rule fail','Invalid minimum transaction amount limit for ACH','N','SYSTEM','2019-10-17 16:39:01.979','SYSTEM','2019-10-17 16:39:01.979','N')
,('ERR_BILLPAY_AMTCCY_001','Functional','Invalid instruction amount currency for BILLPAY','Validation rule fail','Invalid instruction amount currency for BILLPAY','N','SYSTEM','2019-10-17 16:39:01.979','SYSTEM','2019-10-17 16:39:01.979','N')
,('ERR_BILLPAY_CTRY_001','Functional','Invalid country for BILLPAY','Validation rule fail','Invalid country for BILLPAY','N','SYSTEM','2019-10-17 16:39:01.979','SYSTEM','2019-10-17 16:39:01.979','N')
,('ERR_BILLPAY_DBTCCY_001','Functional','Invalid debitor amount currency for BILLPAY','Validation rule fail','Invalid debitor amount currency for BILLPAY','N','SYSTEM','2019-10-17 16:39:01.979','SYSTEM','2019-10-17 16:39:01.979','N')
,('ERR_BILLPAY_MAXLMT_001','Functional','Invalid maximum transaction amount limit for BILLPAY','Validation rule fail','Invalid maximum transaction amount limit for BILLPAY','N','SYSTEM','2019-10-17 16:39:01.979','SYSTEM','2019-10-17 16:39:01.979','N')
,('ERR_BILLPAY_MINLMT_001','Functional','Invalid minimum transaction amount limit for BILLPAY','Validation rule fail','Invalid minimum transaction amount limit for BILLPAY','N','SYSTEM','2019-10-17 16:39:01.979','SYSTEM','2019-10-17 16:39:01.979','N')
;
INSERT INTO "CP".icp_error_codes (error_code,error_category,error_description_def,cust_error_code,cust_error_description_def,is_system_defined,maker_id,maker_date,checker_id,checker_date,flag_closed) VALUES 
('ERR_EFT_AMTCCY_001','Functional','Invalid instruction amount currency for EFT','Validation rule fail','Invalid instruction amount currency for EFT','N','SYSTEM','2019-10-17 16:39:01.979','SYSTEM','2019-10-17 16:39:01.979','N')
,('ERR_EFT_CTRY_001','Functional','Invalid country for EFT','Validation rule fail','Invalid country for EFT','N','SYSTEM','2019-10-17 16:39:01.979','SYSTEM','2019-10-17 16:39:01.979','N')
,('ERR_EFT_MAXLMT_001','Functional','Invalid maximum transaction amount limit for EFT','Validation rule fail','Invalid maximum transaction amount limit for EFT','N','SYSTEM','2019-10-17 16:39:01.979','SYSTEM','2019-10-17 16:39:01.979','N')
,('ERR_EFT_MINLMT_001','Functional','Invalid minimum transaction amount limit for EFT','Validation rule fail','Invalid minimum transaction amount limit for EFT','N','SYSTEM','2019-10-17 16:39:01.979','SYSTEM','2019-10-17 16:39:01.979','N')
,('ERR_ETRF_AMTCCY_001','Functional','Invalid instruction amount currency for E transfer','Validation rule fail','Invalid instruction amount currency for E transfer','N','SYSTEM','2019-10-17 16:39:01.979','SYSTEM','2019-10-17 16:39:01.979','N')
,('ERR_ETRF_CTRY_001','Functional','Invalid country for E transfer','Validation rule fail','Invalid country for E transfer','N','SYSTEM','2019-10-17 16:39:01.979','SYSTEM','2019-10-17 16:39:01.979','N')
,('ERR_ETRF_DEBTCCY_001','Functional','Invalid debitor amount currency for E transfer','Validation rule fail','Invalid debitor amount currency for E transfer','N','SYSTEM','2019-10-17 16:39:01.979','SYSTEM','2019-10-17 16:39:01.979','N')
,('ERR_ETRF_MAXLMT_001','Functional','Invalid maximum transaction amount limit','Validation rule fail','Invalid maximum transaction amount limit','N','SYSTEM','2019-10-17 16:39:01.979','SYSTEM','2019-10-17 16:39:01.979','N')
,('ERR_ETRF_MINLMT_001','Functional','Invalid minimum transaction amount limit','Validation rule fail','Invalid minimum transaction amount limit','N','SYSTEM','2019-10-17 16:39:01.979','SYSTEM','2019-10-17 16:39:01.979','N')
,('ERR_WIRE_AMTCCY_001','Functional','Invalid instruction amount currency for wires','Validation rule fail','Invalid instruction amount currency for wires','N','SYSTEM','2019-10-17 16:39:01.979','SYSTEM','2019-10-17 16:39:01.979','N')
;
INSERT INTO "CP".icp_error_codes (error_code,error_category,error_description_def,cust_error_code,cust_error_description_def,is_system_defined,maker_id,maker_date,checker_id,checker_date,flag_closed) VALUES 
('ERR_WIRE_CTRY_001','Functional','Invalid country for wires','Validation rule fail','Invalid country for wires','N','SYSTEM','2019-10-17 16:39:01.979','SYSTEM','2019-10-17 16:39:01.979','N')
,('ERR_WIRE_MAXLMT_001','Functional','Invalid maximum transaction amount limit  for wires','Validation rule fail','Invalid maximum transaction amount limit  for wires','N','SYSTEM','2019-10-17 16:39:01.979','SYSTEM','2019-10-17 16:39:01.979','N')
,('ERR_WIRE_MINLMT_001','Functional','Invalid minimum transaction amount limit  for wires','Validation rule fail','Invalid minimum transaction amount limit  for wires','N','SYSTEM','2019-10-17 16:39:01.979','SYSTEM','2019-10-17 16:39:01.979','N')
,('ERR_GMT_MINLMT_001','Functional','Invalid minimum transaction amount limit','Validation rule fail','Invalid minimum transaction amount limit','N','SYSTEM','2019-10-17 16:39:01.979','SYSTEM','2019-10-17 16:39:01.979','N')
,('ERR_GMT_MAXLMT_001','Functional','Invalid maximum transaction amount limit','Validation rule fail','Invalid maximum transaction amount limit','N','SYSTEM','2019-10-17 16:39:01.979','SYSTEM','2019-10-17 16:39:01.979','N')
,('ERR_CE_001','Technical','Request can not be processed','Invalid Request','Request can not be processed. Please contact support.','N','SYSTEM','2019-10-17 16:39:01.979','SYSTEM','2019-10-17 16:39:01.979','N')
,('ERR_GET_001','Technical','Get recommendation orchestator is unable to process request','Invalid Request','Get recommendation orchestator is unable to process request','N','SYSTEM','2019-10-17 16:39:01.979','SYSTEM','2019-10-17 16:39:01.979','N')
,('ERR_ORCH_001','Technical','Interfacing or api table missing at orchestrator level','Invalid Request','Interfacing or api table missing at orchestrator level','N','SYSTEM','2019-10-17 16:39:01.979','SYSTEM','2019-10-17 16:39:01.979','N')
,('ERR_ORCH_003','Technical','Invalid url or method call','Invalid Request','Invalid url or method call','N','SYSTEM','2019-10-17 16:39:01.979','SYSTEM','2019-10-17 16:39:01.979','N')
,('ERR_ORCH_004','Technical','Orchestrator not mapped to url','Invalid Request','Orchestrator not mapped to url','N','SYSTEM','2019-10-17 16:39:01.979','SYSTEM','2019-10-17 16:39:01.979','N')
;
INSERT INTO "CP".icp_error_codes (error_code,error_category,error_description_def,cust_error_code,cust_error_description_def,is_system_defined,maker_id,maker_date,checker_id,checker_date,flag_closed) VALUES 
('ERR_ORCH_005','Technical','Orchestrator unable to process request','Invalid Request','Orchestrator unable to process request','N','SYSTEM','2019-10-17 16:39:01.979','SYSTEM','2019-10-17 16:39:01.979','N')
,('ERR_ORCH_ASSM_001','Technical','Assimiliation table misisng at assimilation layer','Fullfilment fail','Assimiliation table misisng at assimilation layer','N','SYSTEM','2019-10-17 16:39:01.979','SYSTEM','2019-10-17 16:39:01.979','N')
,('ERR_ORCH_ASSM_002','Technical','Assimiliation layer unable to process request','Fullfilment fail','Assimiliation layer unable to process request','N','SYSTEM','2019-10-17 16:39:01.979','SYSTEM','2019-10-17 16:39:01.979','N')
,('ERR_ORCH_ASSM_003','Technical','Unable to convert object to json at orchestrator level','Invalid Request','Unable to convert object to json at orchestrator level','N','SYSTEM','2019-10-17 16:39:01.979','SYSTEM','2019-10-17 16:39:01.979','N')
,('ERR_ORCH_DECS_001','Technical','Decision table missing at decision layer','Decision Fail','Decision table missing at decision layer','N','SYSTEM','2019-10-17 16:39:01.979','SYSTEM','2019-10-17 16:39:01.979','N')
,('ERR_ORCH_DECS_002','Technical','Decision layer unable to process request','Decision Fail','Decision layer unable to process request','N','SYSTEM','2019-10-17 16:39:01.979','SYSTEM','2019-10-17 16:39:01.979','N')
,('ERR_ORCH_DRVD_001','Technical','Mandatory field missing at derived layer','Invalid Request','Mandatory field missing at derived layer','N','SYSTEM','2019-10-17 16:39:01.979','SYSTEM','2019-10-17 16:39:01.979','N')
,('ERR_ORCH_DRVD_002','Technical','Irule failed for the given input','Validation rule fail','Irule failed for the given input','N','SYSTEM','2019-10-17 16:39:01.979','SYSTEM','2019-10-17 16:39:01.979','N')
,('ERR_ORCH_DRVD_003','Technical','Derived field code list missing','Enrichment Fail','Derived field code list missing','N','SYSTEM','2019-10-17 16:39:01.979','SYSTEM','2019-10-17 16:39:01.979','N')
,('ERR_ORCH_DRVD_004','Technical','Derived enrichment table missing','Enrichment Fail','Derived enrichment table missing','N','SYSTEM','2019-10-17 16:39:01.979','SYSTEM','2019-10-17 16:39:01.979','N')
;
INSERT INTO "CP".icp_error_codes (error_code,error_category,error_description_def,cust_error_code,cust_error_description_def,is_system_defined,maker_id,maker_date,checker_id,checker_date,flag_closed) VALUES 
('ERR_ORCH_DRVD_005','Technical','Derived layer unable to process request','Enrichment Fail','Derived layer unable to process request','N','SYSTEM','2019-10-17 16:39:01.979','SYSTEM','2019-10-17 16:39:01.979','N')
,('ERR_ORCH_ELIM_001','Technical','Elimination table misisng at elimination layer','Elimination Fail','Elimination table misisng at elimination layer','N','SYSTEM','2019-10-17 16:39:01.979','SYSTEM','2019-10-17 16:39:01.979','N')
,('ERR_ORCH_ELIM_002','Technical','Elimination layer unable to process request','Elimination Fail','Elimination layer unable to process request','N','SYSTEM','2019-10-17 16:39:01.979','SYSTEM','2019-10-17 16:39:01.979','N')
,('ERR_ORCH_RECR_001','Technical','Api table missing at reciver level','Invalid Request','Api table missing at reciver level','N','SYSTEM','2019-10-17 16:39:01.979','SYSTEM','2019-10-17 16:39:01.979','N')
,('ERR_ORCH_RECR_002','Technical','Reciver layer unable to process request','Invalid Request','Reciver layer unable to process request','N','SYSTEM','2019-10-17 16:39:01.979','SYSTEM','2019-10-17 16:39:01.979','N')
,('ERR_ORCH_SCOR_001','Technical','Scoring layer is unable to process request','Scoring Fail','Scoring layer is unable to process request','N','SYSTEM','2019-10-17 16:39:01.979','SYSTEM','2019-10-17 16:39:01.979','N')
,('ERR_ORCH_WEGT_001','Technical','Decision weight layer unable to process request','Decision Fail','Decision weight layer unable to process request','N','SYSTEM','2019-10-17 16:39:01.979','SYSTEM','2019-10-17 16:39:01.979','N')
,('ERR_SAVE_001','Technical','Selected save orcestrator is unable to process requuest','Invalid Request','Selected save orcestrator is unable to process requuest','N','SYSTEM','2019-10-17 16:39:01.979','SYSTEM','2019-10-17 16:39:01.979','N')
,('ERR_SAVE_002','Technical','Original request id missing in the given context','Invalid Request','Original request id missing in the given context','N','SYSTEM','2019-10-17 16:39:01.979','SYSTEM','2019-10-17 16:39:01.979','N')
,('ERR_SAVE_003','Technical','Selected save table missing at selected save orchestrator layer','Invalid Request','Selected save table missing at selected save orchestrator layer','N','SYSTEM','2019-10-17 16:39:01.979','SYSTEM','2019-10-17 16:39:01.979','N')
;
INSERT INTO "CP".icp_error_codes (error_code,error_category,error_description_def,cust_error_code,cust_error_description_def,is_system_defined,maker_id,maker_date,checker_id,checker_date,flag_closed) VALUES 
('ERR_SAVE_004','Technical','Fulfillment derived table misisng at selected save layer','Fullfilment fail','Fulfillment derived table misisng at selected save layer','N','SYSTEM','2019-10-17 16:39:01.979','SYSTEM','2019-10-17 16:39:01.979','N')
,('ERR_SAVE_005','Technical','Offering code missing at selected save layer','Invalid Request','Offering code missing at selected save layer','N','SYSTEM','2019-10-17 16:39:01.979','SYSTEM','2019-10-17 16:39:01.979','N')
,('ERR_VALD_001','Technical','Validation orcestartor is unable to process request','Invalid Request','Validation orcestartor is unable to process request','N','SYSTEM','2019-10-17 16:39:01.979','SYSTEM','2019-10-17 16:39:01.979','N')
,('ERR_VALD_002','Technical','Offering code missing at validation orcestartor layer','Invalid Request','Offering code missing at validation orcestartor layer','N','SYSTEM','2019-10-17 16:39:01.979','SYSTEM','2019-10-17 16:39:01.979','N')
,('ERR_ORCH_002','Technical','Invalid request','400','Invalid request','N','SYSTEM','2019-10-17 16:39:01.979','SYSTEM','2019-10-17 16:39:01.979','N')
,('ERR_ETRF_VD_001','Functional','Invalid value date for ETRF','Validation rule fail','Invalid value date for ETRF','N','SYSTEM','2019-10-24 18:09:13.976','SYSTEM','2019-10-24 18:09:13.976','N')
,('ERR_WIRE_VD_001','Functional','Invalid value date for WIRE','Validation rule fail','Invalid value date for WIRE','N','SYSTEM','2019-10-24 18:09:13.976','SYSTEM','2019-10-24 18:09:13.976','N')
,('ERR_ACH_VD_001','Functional','Invalid value date for ACH','Validation rule fail','Invalid value date for ACH','N','SYSTEM','2019-10-24 18:09:13.976','SYSTEM','2019-10-24 18:09:13.976','N')
,('ERR_EFT_VD_001','Functional','Invalid value date for EFT','Validation rule fail','Invalid value date for EFT','N','SYSTEM','2019-10-24 18:09:13.976','SYSTEM','2019-10-24 18:09:13.976','N')
,('ERR_GMT_VD_001','Functional','Invalid value date for GMT','Validation rule fail','Invalid value date for GMT','N','SYSTEM','2019-10-24 18:09:13.976','SYSTEM','2019-10-24 18:09:13.976','N')
;
INSERT INTO "CP".icp_error_codes (error_code,error_category,error_description_def,cust_error_code,cust_error_description_def,is_system_defined,maker_id,maker_date,checker_id,checker_date,flag_closed) VALUES 
('ERR_BILLPAY_VD_001','Functional','Invalid value date for BILLPAY','Validation rule fail','Invalid value date for BILLPAY','N','SYSTEM','2019-10-24 18:09:13.976','SYSTEM','2019-10-24 18:09:13.976','N')
,('ERR_BILLPAY_ENTUSR_001','Functional','User not entitled','Validation rule fail','User not entitled','N','SYSTEM','2019-10-17 16:39:01.979','SYSTEM','2019-10-17 16:39:01.979','N')
,('ERR_WIRE_ENTUSR_001','Functional','User not entitled','Validation rule fail','User not entitled','N','SYSTEM','2019-10-17 16:39:01.979','SYSTEM','2019-10-17 16:39:01.979','N')
,('ERR_ACH_ENTUSR_001','Functional','User not entitled','Validation rule fail','User not entitled','N','SYSTEM','2019-10-17 16:39:01.979','SYSTEM','2019-10-17 16:39:01.979','N')
,('ERR_EFT_ENTUSR_001','Functional','User not entitled','Validation rule fail','User not entitled','N','SYSTEM','2019-10-17 16:39:01.979','SYSTEM','2019-10-17 16:39:01.979','N')
,('ERR_ETRF_ENTUSR_001','Functional','User not entitled','Validation rule fail','User not entitled','N','SYSTEM','2019-10-17 16:39:01.979','SYSTEM','2019-10-17 16:39:01.979','N')
,('ERR_GMT_ENTUSR_001','Functional','User not entitled','Validation rule fail','User not entitled','N','SYSTEM','2019-10-17 16:39:01.979','SYSTEM','2019-10-17 16:39:01.979','N')
;INSERT INTO "CP".icp_erule_dtls (erule_code,seq,vrule_bucket,vrule_code,if_enrichment_type,if_enrichment_value) VALUES 
('EN_DISCLMR_ETRF',1,'Validation','ALWAYS_TRUE','FIXED','Disclaimer - The e-transfer instructions issued shall be irrevocable and the customer understands that the customer shall not be entitled to withdraw the same under any circumstances.')
,('EN_DISCLMR_WIRE',1,'Validation','ALWAYS_TRUE','FIXED','Disclaimer - The wires instructions issued shall be irrevocable and the customer understands that the customer shall not be entitled to withdraw the same under any circumstances.')
,('EN_DISCLMR_ACH',1,'Validation','ALWAYS_TRUE','FIXED','Disclaimer - The ACH instructions issued shall be irrevocable and the customer understands that the customer shall not be entitled to withdraw the same under any circumstances.')
,('EN_DISCLMR_GMT',1,'Validation','ALWAYS_TRUE','FIXED','Disclaimer - The GMT instructions issued shall be irrevocable and the customer understands that the customer shall not be entitled to withdraw the same under any circumstances.')
,('EN_DISCLMR_BILLPAY',1,'Validation','ALWAYS_TRUE','FIXED','Disclaimer - The Billpay instructions issued shall be irrevocable and the customer understands that the customer shall not be entitled to withdraw the same under any circumstances.')
,('EN_DER_ETRF_OFFRCODE',1,'Validation','ALWAYS_TRUE','FIXED','PRD_OFRNG_ETRF_001')
,('EN_DER_WIRE_OFFRCODE',1,'Validation','ALWAYS_TRUE','FIXED','PRD_OFRNG_WIRE_001')
,('EN_DER_ACH_OFFRCODE',1,'Validation','ALWAYS_TRUE','FIXED','PRD_OFRNG_ACH_001')
,('EN_DER_EFT_OFFRCODE',1,'Validation','ALWAYS_TRUE','FIXED','PRD_OFRNG_EFT_001')
,('EN_DER_GMT_OFFRCODE',1,'Validation','ALWAYS_TRUE','FIXED','PRD_OFRNG_GMT_001')
;
INSERT INTO "CP".icp_erule_dtls (erule_code,seq,vrule_bucket,vrule_code,if_enrichment_type,if_enrichment_value) VALUES 
('EN_DER_BILLPAY_OFFRCODE',1,'Validation','ALWAYS_TRUE','FIXED','PRD_OFRNG_BILLPAY_001')
,('EN_DEC_TIME_VD',1,'Validation','ALWAYS_TRUE','FIXED','190101')
,('EN_DEC_TIME_VD_DISPLAY',1,'Validation','ALWAYS_TRUE','FIXED','01-Jan-2019')
,('EN_VALUE_DATE',1,'Validation','ALWAYS_TRUE','QUERY','QRY_NEW_VD_SCORE')
,('EN_FREQ_USED',1,'Validation','ALWAYS_TRUE','QUERY','QRY_FREQ')
,('EN_VALUE_DATE_DISPLAY',1,'Validation','ALWAYS_TRUE','QUERY','QRY_NEW_VD_DISPLAY')
,('EN_DEC_COST_DISPLAY',5,'Validation','IS_SMARTBNK_GMT','FIXED','45.00 CAD')
,('EN_DEC_COST_DISPLAY',2,'Validation','IS_SMARTBNK_WIRE','FIXED','20.00 CAD')
,('EN_DEC_COST_DISPLAY',3,'Validation','IS_SMARTBNK_ACH','FIXED','10.00 CAD')
,('EN_DEC_COST_DISPLAY',4,'Validation','IS_SMARTBNK_EFT','FIXED','2.00 CAD')
;
INSERT INTO "CP".icp_erule_dtls (erule_code,seq,vrule_bucket,vrule_code,if_enrichment_type,if_enrichment_value) VALUES 
('EN_DEC_COST_DISPLAY',7,'Validation','IS_CASHMGM_EFTR','FIXED','1.50 CAD')
,('EN_DEC_COST_DISPLAY',8,'Validation','IS_CASHMGM_WIRE','FIXED','15.00 CAD')
,('EN_DEC_COST_DISPLAY',9,'Validation','IS_CASHMGM_ACH','FIXED','10.00 CAD')
,('EN_DEC_COST_DISPLAY',6,'Validation','IS_SMARTBNK_BILLPAY','FIXED','38.00 CAD')
,('EN_DEC_COST_DISPLAY',1,'Validation','IS_CASHMGM_EFT','FIXED','2.00 CAD')
,('EN_DEC_COST_DISPLAY',1,'Validation','IS_CASHMGM_GMT','FIXED','30.00 CAD')
,('EN_DEC_COST_DISPLAY',2,'Validation','IS_CASHMGM_BILLPAY','FIXED','40.00 CAD')
,('EN_DEC_COST_CAD',2,'Validation','IS_SMARTBNK_WIRE','FIXED','20')
,('EN_DEC_COST_CAD',3,'Validation','IS_SMARTBNK_ACH','FIXED','10')
,('EN_DEC_COST_CAD',4,'Validation','IS_SMARTBNK_EFT','FIXED','2')
;
INSERT INTO "CP".icp_erule_dtls (erule_code,seq,vrule_bucket,vrule_code,if_enrichment_type,if_enrichment_value) VALUES 
('EN_DEC_COST_CAD',7,'Validation','IS_CASHMGM_EFTR','FIXED','1.5')
,('EN_DEC_COST_CAD',8,'Validation','IS_CASHMGM_WIRE','FIXED','15')
,('EN_DEC_COST_CAD',9,'Validation','IS_CASHMGM_ACH','FIXED','10')
,('EN_DEC_COST_CAD',6,'Validation','IS_SMARTBNK_BILLPAY','FIXED','38')
,('EN_DEC_COST_CAD',1,'Validation','IS_CASHMGM_EFT','FIXED','2')
,('EN_DEC_COST_CAD',1,'Validation','IS_CASHMGM_GMT','FIXED','30')
,('EN_DEC_COST_CAD',2,'Validation','IS_CASHMGM_BILLPAY','FIXED','40')
,('EN_DEC_COST_CAD',5,'Validation','IS_SMARTBNK_GMT','FIXED','45')
,('EN_DEC_COST_CAD',1,'Validation','IS_SMARTBNK_EFTR','FIXED','5')
,('EN_DEC_COST_DISPLAY',1,'Validation','IS_SMARTBNK_EFTR','FIXED','5.00 CAD')
;
INSERT INTO "CP".icp_erule_dtls (erule_code,seq,vrule_bucket,vrule_code,if_enrichment_type,if_enrichment_value) VALUES 
('EN_DER_ELIGIBLE',1,'Validation','ALWAYS_TRUE','QUERY','QRY_USER_ELIGIBLE')
,('EN_DISCLMR_EFT',1,'Validation','ALWAYS_TRUE','FIXED','Disclaimer - The EFT instructions issued shall be irrevocable and the customer understands that the customer shall not be entitled to withdraw the same under any circumstances.')
,('EN_DEC_POPU',1,'Validation','ALWAYS_TRUE','API','API_U_GET_POPU')
;INSERT INTO "CP".icp_erule_master (erule_code,erule_name,erule_description,rule_bucket,else_enrichment_type,else_enrichment_value,is_system_defined,maker_id,maker_date,checker_id,checker_date,flag_closed) VALUES 
('EN_DER_ELIGIBLE','Derive Eligibility of User','Derive Eligibility of User','Derived Fields','FIXED','N','N','SYSTEM','2019-08-27 17:04:18.917','SYSTEM','2019-08-27 17:04:18.917','N')
,('EN_DISCLMR_ETRF','Disclaimer-Business eTransfer','Disclaimer for Business eTransfer','Disclaimer','FIXED','0','N','SYSTEM','2019-08-27 17:04:18.917','SYSTEM','2019-08-27 17:04:18.917','N')
,('EN_DISCLMR_WIRE','Disclaimer-Wires','Disclaimer for wires','Disclaimer','FIXED','0','N','SYSTEM','2019-08-27 17:04:18.917','SYSTEM','2019-08-27 17:04:18.917','N')
,('EN_DISCLMR_ACH','Disclaimer-ACH Payment','Disclaimer for ACH Payment','Disclaimer','FIXED','0','N','SYSTEM','2019-08-27 17:04:18.917','SYSTEM','2019-08-27 17:04:18.917','N')
,('EN_DISCLMR_EFT','Disclaimer-EFT Payment','Disclaimer for EFT Payment','Disclaimer','FIXED','0','N','SYSTEM','2019-08-27 17:04:18.917','SYSTEM','2019-08-27 17:04:18.917','N')
,('EN_DISCLMR_GMT','Disclaimer-Global Money Transfer','Disclaimer for Global Money Transfer','Disclaimer','FIXED','0','N','SYSTEM','2019-08-27 17:04:18.917','SYSTEM','2019-08-27 17:04:18.917','N')
,('EN_DISCLMR_BILLPAY','Disclaimer-Bill Payment','Disclaimer for Bill Payment','Disclaimer','FIXED','0','N','SYSTEM','2019-08-27 17:04:18.917','SYSTEM','2019-08-27 17:04:18.917','N')
,('EN_DEC_TIME_VD','Scoring - Value Date','Scoring - Value Date','Decision','FIXED','0','N','SYSTEM','2019-08-27 17:04:18.917','SYSTEM','2019-08-27 17:04:18.917','N')
,('EN_DEC_TIME_VD_DISPLAY','Display Scoring - Value Date','Display Scoring - Value Date','Decision','FIXED','0','N','SYSTEM','2019-08-27 17:04:18.917','SYSTEM','2019-08-27 17:04:18.917','N')
,('EN_DEC_TIME_RD_DISPLAY','Display Scoring - Release Date','Display Scoring - Release Date','Decision','FIXED','0','N','SYSTEM','2019-08-27 17:04:18.917','SYSTEM','2019-08-27 17:04:18.917','N')
;
INSERT INTO "CP".icp_erule_master (erule_code,erule_name,erule_description,rule_bucket,else_enrichment_type,else_enrichment_value,is_system_defined,maker_id,maker_date,checker_id,checker_date,flag_closed) VALUES 
('EN_DER_ETRF_OFFRCODE','Deriving Offering Code For ETRF','Deriving Offering Code','Derived Fields','FIXED','0','N','SYSTEM','2019-08-27 17:04:18.917','SYSTEM','2019-08-27 17:04:18.917','N')
,('EN_DER_WIRE_OFFRCODE','Deriving Offering Code For Wire','Deriving Offering Code','Derived Fields','FIXED','0','N','SYSTEM','2019-08-27 17:04:18.917','SYSTEM','2019-08-27 17:04:18.917','N')
,('EN_DER_ACH_OFFRCODE','Deriving Offering Code For ACH','Deriving Offering Code','Derived Fields','FIXED','0','N','SYSTEM','2019-08-27 17:04:18.917','SYSTEM','2019-08-27 17:04:18.917','N')
,('EN_DER_EFT_OFFRCODE','Deriving Offering Code For EFT','Deriving Offering Code','Derived Fields','FIXED','0','N','SYSTEM','2019-08-27 17:04:18.917','SYSTEM','2019-08-27 17:04:18.917','N')
,('EN_DER_GMT_OFFRCODE','Deriving Offering Code For GMT','Deriving Offering Code','Derived Fields','FIXED','0','N','SYSTEM','2019-08-27 17:04:18.917','SYSTEM','2019-08-27 17:04:18.917','N')
,('EN_DER_BILLPAY_OFFRCODE','Deriving Offering Code For BillPay','Deriving Offering Code','Derived Fields','FIXED','0','N','SYSTEM','2019-08-27 17:04:18.917','SYSTEM','2019-08-27 17:04:18.917','N')
,('EN_VALUE_DATE','Scoring - Value Date','Scoring - Value Date','Decision','FIXED','0','N','SYSTEM','2019-08-27 17:04:18.000','SYSTEM','2019-08-27 17:04:18.000','N')
,('EN_VALUE_DATE_DISPLAY','Scoring - Value Date Display','Scoring - Value Date Display','Decision','FIXED','0','N','SYSTEM','2019-08-27 17:04:18.000','SYSTEM','2019-08-27 17:04:18.000','N')
,('EN_DEC_COST_DISPLAY','Display Scoring - Cost','Display Scoring - Cost','Decision','FIXED','0.00 CAD','N','SYSTEM','2019-08-27 17:04:18.917','SYSTEM','2019-08-27 17:04:18.917','N')
,('EN_DEC_COST_CAD','Scoring - Cost','Scoring - Cost','Decision','FIXED','0','N','SYSTEM','2019-08-27 17:04:18.917','SYSTEM','2019-08-27 17:04:18.917','N')
;
INSERT INTO "CP".icp_erule_master (erule_code,erule_name,erule_description,rule_bucket,else_enrichment_type,else_enrichment_value,is_system_defined,maker_id,maker_date,checker_id,checker_date,flag_closed) VALUES 
('EN_FREQ_USED','Frequently Used Enrichment','Frequently Used Enrichment','Derived Fields','FIXED',' ','N','SYSTEM','2019-08-27 17:04:18.917','SYSTEM','2019-08-27 17:04:18.917','N')
,('EN_DEC_POPU','Popularity','Popularity','Decision','FIXED','0','N','SYSTEM','2019-08-27 17:04:18.917','SYSTEM','2019-08-27 17:04:18.917','N')
;INSERT INTO "CP".icp_exception_log (api_cp_reference_id,api_channel_request_id,api_date_time,api_layer,api_stage,api_fine_grain,api_payload,api_error_msg,api_error_trace) VALUES 
('210127-06243630-23498440cd','837937620','2021-01-27 18:39:14.280','L3 - DECISION-HANDLER','S1 - ENRICH-OFFERING-DECISION-PARAM','N','null','json string can not be null or empty','[com.jayway.jsonpath.internal.Utils.notEmpty(Utils.java:386), com.jayway.jsonpath.internal.ParseContextImpl.parse(ParseContextImpl.java:36), com.jayway.jsonpath.JsonPath.read(JsonPath.java:502), com.intellect.contextual.util.common.CommonUtil.searchInRequestBodyForPath(CommonUtil.java:85), com.intellect.contextual.util.process.DynamicAPIUtil.lambda$getApiData$3(DynamicAPIUtil.java:132), java.util.ArrayList.forEach(ArrayList.java:1249), com.intellect.contextual.util.process.DynamicAPIUtil.getApiData(DynamicAPIUtil.java:132), com.intellect.contextual.util.process.DynamicAPIUtil.getAPIDataString(DynamicAPIUtil.java:173), com.intellect.contextual.util.process.DynamicAPIUtil$$FastClassBySpringCGLIB$$f6aea0c6.invoke(<generated>), org.springframework.cglib.proxy.MethodProxy.invoke(MethodProxy.java:218), org.springframework.aop.framework.CglibAopProxy$CglibMethodInvocation.invokeJoinpoint(CglibAopProxy.java:749), org.springframework.aop.framework.ReflectiveMethodInvocation.proceed(ReflectiveMethodInvocation.java:163), org.springframework.aop.framework.adapter.AfterReturningAdviceInterceptor.invoke(AfterReturningAdviceInterceptor.java:55), org.springframework.aop.framework.ReflectiveMethodInvocation.proceed(ReflectiveMethodInvocation.java:186), org.springframework.aop.aspectj.AspectJAfterThrowingAdvice.invoke(AspectJAfterThrowingAdvice.java:62), org.springframework.aop.framework.ReflectiveMethodInvocation.proceed(ReflectiveMethodInvocation.java:186), org.springframework.aop.interceptor.ExposeInvocationInterceptor.invoke(ExposeInvocationInterceptor.java:93), org.springframework.aop.framework.ReflectiveMethodInvocation.proceed(ReflectiveMethodInvocation.java:186), org.springframework.aop.framework.CglibAopProxy$DynamicAdvisedInterceptor.intercept(CglibAopProxy.java:688), com.intellect.contextual.util.process.DynamicAPIUtil$$EnhancerBySpringCGLIB$$bf3ec565.getAPIDataString(<generated>), com.intellect.contextual.util.process.RuleEngineConfig.lambda$channelType$16(RuleEngineConfig.java:183), com.intellect.contextual.util.process.ERule.enrichFinalValue(ERule.java:193), com.intellect.contextual.util.process.ERule.enrichData(ERule.java:104), com.intellect.contextual.util.process.ERule$$FastClassBySpringCGLIB$$a6bd7a18.invoke(<generated>), org.springframework.cglib.proxy.MethodProxy.invoke(MethodProxy.java:218), org.springframework.aop.framework.CglibAopProxy$CglibMethodInvocation.invokeJoinpoint(CglibAopProxy.java:749), org.springframework.aop.framework.ReflectiveMethodInvocation.proceed(ReflectiveMethodInvocation.java:163), org.springframework.aop.framework.adapter.AfterReturningAdviceInterceptor.invoke(AfterReturningAdviceInterceptor.java:55), org.springframework.aop.framework.ReflectiveMethodInvocation.proceed(ReflectiveMethodInvocation.java:186), org.springframework.aop.aspectj.AspectJAfterThrowingAdvice.invoke(AspectJAfterThrowingAdvice.java:62), org.springframework.aop.framework.ReflectiveMethodInvocation.proceed(ReflectiveMethodInvocation.java:186), org.springframework.aop.interceptor.ExposeInvocationInterceptor.invoke(ExposeInvocationInterceptor.java:93), org.springframework.aop.framework.ReflectiveMethodInvocation.proceed(ReflectiveMethodInvocation.java:186), org.springframework.aop.framework.CglibAopProxy$DynamicAdvisedInterceptor.intercept(CglibAopProxy.java:688), com.intellect.contextual.util.process.ERule$$EnhancerBySpringCGLIB$$66ccb49b.enrichData(<generated>), com.intellect.contextual.service.decisionparams.DecisionService.lambda$null$9(DecisionService.java:131), java.util.ArrayList.forEach(ArrayList.java:1249), com.intellect.contextual.service.decisionparams.DecisionService.lambda$decisionParamProcessor$10(DecisionService.java:110), com.intellect.contextual.service.decisionparams.DecisionService.lambda$null$12(DecisionService.java:163), java.util.concurrent.FutureTask.run(FutureTask.java:266), java.util.concurrent.ThreadPoolExecutor.runWorker(ThreadPoolExecutor.java:1149), java.util.concurrent.ThreadPoolExecutor$Worker.run(Thr')
,('210127-06243630-23498440cd','837937620','2021-01-27 18:39:15.359','L3 - DECISION-HANDLER','S1 - ENRICH-OFFERING-DECISION-PARAM','N','null','json string can not be null or empty','[com.jayway.jsonpath.internal.Utils.notEmpty(Utils.java:386), com.jayway.jsonpath.internal.ParseContextImpl.parse(ParseContextImpl.java:36), com.jayway.jsonpath.JsonPath.read(JsonPath.java:502), com.intellect.contextual.util.common.CommonUtil.searchInRequestBodyForPath(CommonUtil.java:85), com.intellect.contextual.util.process.DynamicAPIUtil.lambda$getApiData$3(DynamicAPIUtil.java:132), java.util.ArrayList.forEach(ArrayList.java:1249), com.intellect.contextual.util.process.DynamicAPIUtil.getApiData(DynamicAPIUtil.java:132), com.intellect.contextual.util.process.DynamicAPIUtil.getAPIDataString(DynamicAPIUtil.java:173), com.intellect.contextual.util.process.DynamicAPIUtil$$FastClassBySpringCGLIB$$f6aea0c6.invoke(<generated>), org.springframework.cglib.proxy.MethodProxy.invoke(MethodProxy.java:218), org.springframework.aop.framework.CglibAopProxy$CglibMethodInvocation.invokeJoinpoint(CglibAopProxy.java:749), org.springframework.aop.framework.ReflectiveMethodInvocation.proceed(ReflectiveMethodInvocation.java:163), org.springframework.aop.framework.adapter.AfterReturningAdviceInterceptor.invoke(AfterReturningAdviceInterceptor.java:55), org.springframework.aop.framework.ReflectiveMethodInvocation.proceed(ReflectiveMethodInvocation.java:186), org.springframework.aop.aspectj.AspectJAfterThrowingAdvice.invoke(AspectJAfterThrowingAdvice.java:62), org.springframework.aop.framework.ReflectiveMethodInvocation.proceed(ReflectiveMethodInvocation.java:186), org.springframework.aop.interceptor.ExposeInvocationInterceptor.invoke(ExposeInvocationInterceptor.java:93), org.springframework.aop.framework.ReflectiveMethodInvocation.proceed(ReflectiveMethodInvocation.java:186), org.springframework.aop.framework.CglibAopProxy$DynamicAdvisedInterceptor.intercept(CglibAopProxy.java:688), com.intellect.contextual.util.process.DynamicAPIUtil$$EnhancerBySpringCGLIB$$bf3ec565.getAPIDataString(<generated>), com.intellect.contextual.util.process.RuleEngineConfig.lambda$channelType$16(RuleEngineConfig.java:183), com.intellect.contextual.util.process.ERule.enrichFinalValue(ERule.java:193), com.intellect.contextual.util.process.ERule.enrichData(ERule.java:104), com.intellect.contextual.util.process.ERule$$FastClassBySpringCGLIB$$a6bd7a18.invoke(<generated>), org.springframework.cglib.proxy.MethodProxy.invoke(MethodProxy.java:218), org.springframework.aop.framework.CglibAopProxy$CglibMethodInvocation.invokeJoinpoint(CglibAopProxy.java:749), org.springframework.aop.framework.ReflectiveMethodInvocation.proceed(ReflectiveMethodInvocation.java:163), org.springframework.aop.framework.adapter.AfterReturningAdviceInterceptor.invoke(AfterReturningAdviceInterceptor.java:55), org.springframework.aop.framework.ReflectiveMethodInvocation.proceed(ReflectiveMethodInvocation.java:186), org.springframework.aop.aspectj.AspectJAfterThrowingAdvice.invoke(AspectJAfterThrowingAdvice.java:62), org.springframework.aop.framework.ReflectiveMethodInvocation.proceed(ReflectiveMethodInvocation.java:186), org.springframework.aop.interceptor.ExposeInvocationInterceptor.invoke(ExposeInvocationInterceptor.java:93), org.springframework.aop.framework.ReflectiveMethodInvocation.proceed(ReflectiveMethodInvocation.java:186), org.springframework.aop.framework.CglibAopProxy$DynamicAdvisedInterceptor.intercept(CglibAopProxy.java:688), com.intellect.contextual.util.process.ERule$$EnhancerBySpringCGLIB$$66ccb49b.enrichData(<generated>), com.intellect.contextual.service.decisionparams.DecisionService.lambda$null$9(DecisionService.java:131), java.util.ArrayList.forEach(ArrayList.java:1249), com.intellect.contextual.service.decisionparams.DecisionService.lambda$decisionParamProcessor$10(DecisionService.java:110), com.intellect.contextual.service.decisionparams.DecisionService.lambda$null$12(DecisionService.java:163), java.util.concurrent.FutureTask.run(FutureTask.java:266), java.util.concurrent.ThreadPoolExecutor.runWorker(ThreadPoolExecutor.java:1149), java.util.concurrent.ThreadPoolExecutor$Worker.run(Thr')
,('210127-06243630-23498440cd','837937620','2021-01-27 18:39:29.149','L3 - DECISION-HANDLER','S1 - ENRICH-OFFERING-DECISION-PARAM','Y','null','json string can not be null or empty','[com.jayway.jsonpath.internal.Utils.notEmpty(Utils.java:386), com.jayway.jsonpath.internal.ParseContextImpl.parse(ParseContextImpl.java:36), com.jayway.jsonpath.JsonPath.read(JsonPath.java:502), com.intellect.contextual.util.common.CommonUtil.searchInRequestBodyForPath(CommonUtil.java:85), com.intellect.contextual.util.process.DynamicAPIUtil.lambda$getApiData$3(DynamicAPIUtil.java:132), java.util.ArrayList.forEach(ArrayList.java:1249), com.intellect.contextual.util.process.DynamicAPIUtil.getApiData(DynamicAPIUtil.java:132), com.intellect.contextual.util.process.DynamicAPIUtil.getAPIDataString(DynamicAPIUtil.java:173), com.intellect.contextual.util.process.DynamicAPIUtil$$FastClassBySpringCGLIB$$f6aea0c6.invoke(<generated>), org.springframework.cglib.proxy.MethodProxy.invoke(MethodProxy.java:218), org.springframework.aop.framework.CglibAopProxy$CglibMethodInvocation.invokeJoinpoint(CglibAopProxy.java:749), org.springframework.aop.framework.ReflectiveMethodInvocation.proceed(ReflectiveMethodInvocation.java:163), org.springframework.aop.framework.adapter.AfterReturningAdviceInterceptor.invoke(AfterReturningAdviceInterceptor.java:55), org.springframework.aop.framework.ReflectiveMethodInvocation.proceed(ReflectiveMethodInvocation.java:186), org.springframework.aop.aspectj.AspectJAfterThrowingAdvice.invoke(AspectJAfterThrowingAdvice.java:62), org.springframework.aop.framework.ReflectiveMethodInvocation.proceed(ReflectiveMethodInvocation.java:186), org.springframework.aop.interceptor.ExposeInvocationInterceptor.invoke(ExposeInvocationInterceptor.java:93), org.springframework.aop.framework.ReflectiveMethodInvocation.proceed(ReflectiveMethodInvocation.java:186), org.springframework.aop.framework.CglibAopProxy$DynamicAdvisedInterceptor.intercept(CglibAopProxy.java:688), com.intellect.contextual.util.process.DynamicAPIUtil$$EnhancerBySpringCGLIB$$bf3ec565.getAPIDataString(<generated>), com.intellect.contextual.util.process.RuleEngineConfig.lambda$channelType$16(RuleEngineConfig.java:183), com.intellect.contextual.util.process.ERule.enrichFinalValue(ERule.java:193), com.intellect.contextual.util.process.ERule.enrichData(ERule.java:104), com.intellect.contextual.util.process.ERule$$FastClassBySpringCGLIB$$a6bd7a18.invoke(<generated>), org.springframework.cglib.proxy.MethodProxy.invoke(MethodProxy.java:218), org.springframework.aop.framework.CglibAopProxy$CglibMethodInvocation.invokeJoinpoint(CglibAopProxy.java:749), org.springframework.aop.framework.ReflectiveMethodInvocation.proceed(ReflectiveMethodInvocation.java:163), org.springframework.aop.framework.adapter.AfterReturningAdviceInterceptor.invoke(AfterReturningAdviceInterceptor.java:55), org.springframework.aop.framework.ReflectiveMethodInvocation.proceed(ReflectiveMethodInvocation.java:186), org.springframework.aop.aspectj.AspectJAfterThrowingAdvice.invoke(AspectJAfterThrowingAdvice.java:62), org.springframework.aop.framework.ReflectiveMethodInvocation.proceed(ReflectiveMethodInvocation.java:186), org.springframework.aop.interceptor.ExposeInvocationInterceptor.invoke(ExposeInvocationInterceptor.java:93), org.springframework.aop.framework.ReflectiveMethodInvocation.proceed(ReflectiveMethodInvocation.java:186), org.springframework.aop.framework.CglibAopProxy$DynamicAdvisedInterceptor.intercept(CglibAopProxy.java:688), com.intellect.contextual.util.process.ERule$$EnhancerBySpringCGLIB$$66ccb49b.enrichData(<generated>), com.intellect.contextual.service.decisionparams.DecisionService.lambda$null$9(DecisionService.java:131), java.util.ArrayList.forEach(ArrayList.java:1249), com.intellect.contextual.service.decisionparams.DecisionService.lambda$decisionParamProcessor$10(DecisionService.java:110), com.intellect.contextual.service.decisionparams.DecisionService.lambda$null$12(DecisionService.java:163), java.util.concurrent.FutureTask.run(FutureTask.java:266), java.util.concurrent.ThreadPoolExecutor.runWorker(ThreadPoolExecutor.java:1149), java.util.concurrent.ThreadPoolExecutor$Worker.run(Thr')
,('210127-06243630-23498440cd','837937620','2021-01-27 18:39:30.119','L3 - DECISION-HANDLER','S1 - ENRICH-OFFERING-DECISION-PARAM','Y','null','json string can not be null or empty','[com.jayway.jsonpath.internal.Utils.notEmpty(Utils.java:386), com.jayway.jsonpath.internal.ParseContextImpl.parse(ParseContextImpl.java:36), com.jayway.jsonpath.JsonPath.read(JsonPath.java:502), com.intellect.contextual.util.common.CommonUtil.searchInRequestBodyForPath(CommonUtil.java:85), com.intellect.contextual.util.process.DynamicAPIUtil.lambda$getApiData$3(DynamicAPIUtil.java:132), java.util.ArrayList.forEach(ArrayList.java:1249), com.intellect.contextual.util.process.DynamicAPIUtil.getApiData(DynamicAPIUtil.java:132), com.intellect.contextual.util.process.DynamicAPIUtil.getAPIDataString(DynamicAPIUtil.java:173), com.intellect.contextual.util.process.DynamicAPIUtil$$FastClassBySpringCGLIB$$f6aea0c6.invoke(<generated>), org.springframework.cglib.proxy.MethodProxy.invoke(MethodProxy.java:218), org.springframework.aop.framework.CglibAopProxy$CglibMethodInvocation.invokeJoinpoint(CglibAopProxy.java:749), org.springframework.aop.framework.ReflectiveMethodInvocation.proceed(ReflectiveMethodInvocation.java:163), org.springframework.aop.framework.adapter.AfterReturningAdviceInterceptor.invoke(AfterReturningAdviceInterceptor.java:55), org.springframework.aop.framework.ReflectiveMethodInvocation.proceed(ReflectiveMethodInvocation.java:186), org.springframework.aop.aspectj.AspectJAfterThrowingAdvice.invoke(AspectJAfterThrowingAdvice.java:62), org.springframework.aop.framework.ReflectiveMethodInvocation.proceed(ReflectiveMethodInvocation.java:186), org.springframework.aop.interceptor.ExposeInvocationInterceptor.invoke(ExposeInvocationInterceptor.java:93), org.springframework.aop.framework.ReflectiveMethodInvocation.proceed(ReflectiveMethodInvocation.java:186), org.springframework.aop.framework.CglibAopProxy$DynamicAdvisedInterceptor.intercept(CglibAopProxy.java:688), com.intellect.contextual.util.process.DynamicAPIUtil$$EnhancerBySpringCGLIB$$bf3ec565.getAPIDataString(<generated>), com.intellect.contextual.util.process.RuleEngineConfig.lambda$channelType$16(RuleEngineConfig.java:183), com.intellect.contextual.util.process.ERule.enrichFinalValue(ERule.java:193), com.intellect.contextual.util.process.ERule.enrichData(ERule.java:104), com.intellect.contextual.util.process.ERule$$FastClassBySpringCGLIB$$a6bd7a18.invoke(<generated>), org.springframework.cglib.proxy.MethodProxy.invoke(MethodProxy.java:218), org.springframework.aop.framework.CglibAopProxy$CglibMethodInvocation.invokeJoinpoint(CglibAopProxy.java:749), org.springframework.aop.framework.ReflectiveMethodInvocation.proceed(ReflectiveMethodInvocation.java:163), org.springframework.aop.framework.adapter.AfterReturningAdviceInterceptor.invoke(AfterReturningAdviceInterceptor.java:55), org.springframework.aop.framework.ReflectiveMethodInvocation.proceed(ReflectiveMethodInvocation.java:186), org.springframework.aop.aspectj.AspectJAfterThrowingAdvice.invoke(AspectJAfterThrowingAdvice.java:62), org.springframework.aop.framework.ReflectiveMethodInvocation.proceed(ReflectiveMethodInvocation.java:186), org.springframework.aop.interceptor.ExposeInvocationInterceptor.invoke(ExposeInvocationInterceptor.java:93), org.springframework.aop.framework.ReflectiveMethodInvocation.proceed(ReflectiveMethodInvocation.java:186), org.springframework.aop.framework.CglibAopProxy$DynamicAdvisedInterceptor.intercept(CglibAopProxy.java:688), com.intellect.contextual.util.process.ERule$$EnhancerBySpringCGLIB$$66ccb49b.enrichData(<generated>), com.intellect.contextual.service.decisionparams.DecisionService.lambda$null$9(DecisionService.java:131), java.util.ArrayList.forEach(ArrayList.java:1249), com.intellect.contextual.service.decisionparams.DecisionService.lambda$decisionParamProcessor$10(DecisionService.java:110), com.intellect.contextual.service.decisionparams.DecisionService.lambda$null$12(DecisionService.java:163), java.util.concurrent.FutureTask.run(FutureTask.java:266), java.util.concurrent.ThreadPoolExecutor.runWorker(ThreadPoolExecutor.java:1149), java.util.concurrent.ThreadPoolExecutor$Worker.run(Thr')
,('210127-06243630-23498440cd','837937620','2021-01-27 18:39:30.439','L3 - DECISION-HANDLER','S1 - ENRICH-OFFERING-DECISION-PARAM','Y','null','json string can not be null or empty','[com.jayway.jsonpath.internal.Utils.notEmpty(Utils.java:386), com.jayway.jsonpath.internal.ParseContextImpl.parse(ParseContextImpl.java:36), com.jayway.jsonpath.JsonPath.read(JsonPath.java:502), com.intellect.contextual.util.common.CommonUtil.searchInRequestBodyForPath(CommonUtil.java:85), com.intellect.contextual.util.process.DynamicAPIUtil.lambda$getApiData$3(DynamicAPIUtil.java:132), java.util.ArrayList.forEach(ArrayList.java:1249), com.intellect.contextual.util.process.DynamicAPIUtil.getApiData(DynamicAPIUtil.java:132), com.intellect.contextual.util.process.DynamicAPIUtil.getAPIDataString(DynamicAPIUtil.java:173), com.intellect.contextual.util.process.DynamicAPIUtil$$FastClassBySpringCGLIB$$f6aea0c6.invoke(<generated>), org.springframework.cglib.proxy.MethodProxy.invoke(MethodProxy.java:218), org.springframework.aop.framework.CglibAopProxy$CglibMethodInvocation.invokeJoinpoint(CglibAopProxy.java:749), org.springframework.aop.framework.ReflectiveMethodInvocation.proceed(ReflectiveMethodInvocation.java:163), org.springframework.aop.framework.adapter.AfterReturningAdviceInterceptor.invoke(AfterReturningAdviceInterceptor.java:55), org.springframework.aop.framework.ReflectiveMethodInvocation.proceed(ReflectiveMethodInvocation.java:186), org.springframework.aop.aspectj.AspectJAfterThrowingAdvice.invoke(AspectJAfterThrowingAdvice.java:62), org.springframework.aop.framework.ReflectiveMethodInvocation.proceed(ReflectiveMethodInvocation.java:186), org.springframework.aop.interceptor.ExposeInvocationInterceptor.invoke(ExposeInvocationInterceptor.java:93), org.springframework.aop.framework.ReflectiveMethodInvocation.proceed(ReflectiveMethodInvocation.java:186), org.springframework.aop.framework.CglibAopProxy$DynamicAdvisedInterceptor.intercept(CglibAopProxy.java:688), com.intellect.contextual.util.process.DynamicAPIUtil$$EnhancerBySpringCGLIB$$bf3ec565.getAPIDataString(<generated>), com.intellect.contextual.util.process.RuleEngineConfig.lambda$channelType$16(RuleEngineConfig.java:183), com.intellect.contextual.util.process.ERule.enrichFinalValue(ERule.java:193), com.intellect.contextual.util.process.ERule.enrichData(ERule.java:104), com.intellect.contextual.util.process.ERule$$FastClassBySpringCGLIB$$a6bd7a18.invoke(<generated>), org.springframework.cglib.proxy.MethodProxy.invoke(MethodProxy.java:218), org.springframework.aop.framework.CglibAopProxy$CglibMethodInvocation.invokeJoinpoint(CglibAopProxy.java:749), org.springframework.aop.framework.ReflectiveMethodInvocation.proceed(ReflectiveMethodInvocation.java:163), org.springframework.aop.framework.adapter.AfterReturningAdviceInterceptor.invoke(AfterReturningAdviceInterceptor.java:55), org.springframework.aop.framework.ReflectiveMethodInvocation.proceed(ReflectiveMethodInvocation.java:186), org.springframework.aop.aspectj.AspectJAfterThrowingAdvice.invoke(AspectJAfterThrowingAdvice.java:62), org.springframework.aop.framework.ReflectiveMethodInvocation.proceed(ReflectiveMethodInvocation.java:186), org.springframework.aop.interceptor.ExposeInvocationInterceptor.invoke(ExposeInvocationInterceptor.java:93), org.springframework.aop.framework.ReflectiveMethodInvocation.proceed(ReflectiveMethodInvocation.java:186), org.springframework.aop.framework.CglibAopProxy$DynamicAdvisedInterceptor.intercept(CglibAopProxy.java:688), com.intellect.contextual.util.process.ERule$$EnhancerBySpringCGLIB$$66ccb49b.enrichData(<generated>), com.intellect.contextual.service.decisionparams.DecisionService.lambda$null$9(DecisionService.java:131), java.util.ArrayList.forEach(ArrayList.java:1249), com.intellect.contextual.service.decisionparams.DecisionService.lambda$decisionParamProcessor$10(DecisionService.java:110), com.intellect.contextual.service.decisionparams.DecisionService.lambda$null$12(DecisionService.java:163), java.util.concurrent.FutureTask.run(FutureTask.java:266), java.util.concurrent.ThreadPoolExecutor.runWorker(ThreadPoolExecutor.java:1149), java.util.concurrent.ThreadPoolExecutor$Worker.run(Thr')
,('210127-06243630-23498440cd','837937620','2021-01-27 18:39:31.560','L3 - DECISION-HANDLER','S1 - ENRICH-OFFERING-DECISION-PARAM','Y','null','json string can not be null or empty','[com.jayway.jsonpath.internal.Utils.notEmpty(Utils.java:386), com.jayway.jsonpath.internal.ParseContextImpl.parse(ParseContextImpl.java:36), com.jayway.jsonpath.JsonPath.read(JsonPath.java:502), com.intellect.contextual.util.common.CommonUtil.searchInRequestBodyForPath(CommonUtil.java:85), com.intellect.contextual.util.process.DynamicAPIUtil.lambda$getApiData$3(DynamicAPIUtil.java:132), java.util.ArrayList.forEach(ArrayList.java:1249), com.intellect.contextual.util.process.DynamicAPIUtil.getApiData(DynamicAPIUtil.java:132), com.intellect.contextual.util.process.DynamicAPIUtil.getAPIDataString(DynamicAPIUtil.java:173), com.intellect.contextual.util.process.DynamicAPIUtil$$FastClassBySpringCGLIB$$f6aea0c6.invoke(<generated>), org.springframework.cglib.proxy.MethodProxy.invoke(MethodProxy.java:218), org.springframework.aop.framework.CglibAopProxy$CglibMethodInvocation.invokeJoinpoint(CglibAopProxy.java:749), org.springframework.aop.framework.ReflectiveMethodInvocation.proceed(ReflectiveMethodInvocation.java:163), org.springframework.aop.framework.adapter.AfterReturningAdviceInterceptor.invoke(AfterReturningAdviceInterceptor.java:55), org.springframework.aop.framework.ReflectiveMethodInvocation.proceed(ReflectiveMethodInvocation.java:186), org.springframework.aop.aspectj.AspectJAfterThrowingAdvice.invoke(AspectJAfterThrowingAdvice.java:62), org.springframework.aop.framework.ReflectiveMethodInvocation.proceed(ReflectiveMethodInvocation.java:186), org.springframework.aop.interceptor.ExposeInvocationInterceptor.invoke(ExposeInvocationInterceptor.java:93), org.springframework.aop.framework.ReflectiveMethodInvocation.proceed(ReflectiveMethodInvocation.java:186), org.springframework.aop.framework.CglibAopProxy$DynamicAdvisedInterceptor.intercept(CglibAopProxy.java:688), com.intellect.contextual.util.process.DynamicAPIUtil$$EnhancerBySpringCGLIB$$bf3ec565.getAPIDataString(<generated>), com.intellect.contextual.util.process.RuleEngineConfig.lambda$channelType$16(RuleEngineConfig.java:183), com.intellect.contextual.util.process.ERule.enrichFinalValue(ERule.java:193), com.intellect.contextual.util.process.ERule.enrichData(ERule.java:104), com.intellect.contextual.util.process.ERule$$FastClassBySpringCGLIB$$a6bd7a18.invoke(<generated>), org.springframework.cglib.proxy.MethodProxy.invoke(MethodProxy.java:218), org.springframework.aop.framework.CglibAopProxy$CglibMethodInvocation.invokeJoinpoint(CglibAopProxy.java:749), org.springframework.aop.framework.ReflectiveMethodInvocation.proceed(ReflectiveMethodInvocation.java:163), org.springframework.aop.framework.adapter.AfterReturningAdviceInterceptor.invoke(AfterReturningAdviceInterceptor.java:55), org.springframework.aop.framework.ReflectiveMethodInvocation.proceed(ReflectiveMethodInvocation.java:186), org.springframework.aop.aspectj.AspectJAfterThrowingAdvice.invoke(AspectJAfterThrowingAdvice.java:62), org.springframework.aop.framework.ReflectiveMethodInvocation.proceed(ReflectiveMethodInvocation.java:186), org.springframework.aop.interceptor.ExposeInvocationInterceptor.invoke(ExposeInvocationInterceptor.java:93), org.springframework.aop.framework.ReflectiveMethodInvocation.proceed(ReflectiveMethodInvocation.java:186), org.springframework.aop.framework.CglibAopProxy$DynamicAdvisedInterceptor.intercept(CglibAopProxy.java:688), com.intellect.contextual.util.process.ERule$$EnhancerBySpringCGLIB$$66ccb49b.enrichData(<generated>), com.intellect.contextual.service.decisionparams.DecisionService.lambda$null$9(DecisionService.java:131), java.util.ArrayList.forEach(ArrayList.java:1249), com.intellect.contextual.service.decisionparams.DecisionService.lambda$decisionParamProcessor$10(DecisionService.java:110), com.intellect.contextual.service.decisionparams.DecisionService.lambda$null$12(DecisionService.java:163), java.util.concurrent.FutureTask.run(FutureTask.java:266), java.util.concurrent.ThreadPoolExecutor.runWorker(ThreadPoolExecutor.java:1149), java.util.concurrent.ThreadPoolExecutor$Worker.run(Thr')
,(NULL,NULL,'2021-04-28 05:38:11.278',NULL,NULL,NULL,'','Unable to process the offering list. Please verify the config','[com.intellect.contextual.service.decisionparams.DecisionService.decisionParamProcessor(DecisionService.java:180), com.intellect.contextual.service.decisionparams.DecisionService$$FastClassBySpringCGLIB$$a146bd48.invoke(<generated>), org.springframework.cglib.proxy.MethodProxy.invoke(MethodProxy.java:218), org.springframework.aop.framework.CglibAopProxy$CglibMethodInvocation.invokeJoinpoint(CglibAopProxy.java:749), org.springframework.aop.framework.ReflectiveMethodInvocation.proceed(ReflectiveMethodInvocation.java:163), org.springframework.aop.framework.adapter.AfterReturningAdviceInterceptor.invoke(AfterReturningAdviceInterceptor.java:55), org.springframework.aop.framework.ReflectiveMethodInvocation.proceed(ReflectiveMethodInvocation.java:186), org.springframework.aop.aspectj.AspectJAfterThrowingAdvice.invoke(AspectJAfterThrowingAdvice.java:62), org.springframework.aop.framework.ReflectiveMethodInvocation.proceed(ReflectiveMethodInvocation.java:186), org.springframework.aop.interceptor.ExposeInvocationInterceptor.invoke(ExposeInvocationInterceptor.java:93), org.springframework.aop.framework.ReflectiveMethodInvocation.proceed(ReflectiveMethodInvocation.java:186), org.springframework.aop.framework.CglibAopProxy$DynamicAdvisedInterceptor.intercept(CglibAopProxy.java:688), com.intellect.contextual.service.decisionparams.DecisionService$$EnhancerBySpringCGLIB$$e2afcc5.decisionParamProcessor(<generated>), com.intellect.contextual.service.decisionparams.DecisionHandler.execute(DecisionHandler.java:65), com.intellect.contextual.service.decisionparams.DecisionHandler$$FastClassBySpringCGLIB$$544e4ddd.invoke(<generated>), org.springframework.cglib.proxy.MethodProxy.invoke(MethodProxy.java:218), org.springframework.aop.framework.CglibAopProxy$CglibMethodInvocation.invokeJoinpoint(CglibAopProxy.java:749), org.springframework.aop.framework.ReflectiveMethodInvocation.proceed(ReflectiveMethodInvocation.java:163), org.springframework.aop.framework.adapter.AfterReturningAdviceInterceptor.invoke(AfterReturningAdviceInterceptor.java:55), org.springframework.aop.framework.ReflectiveMethodInvocation.proceed(ReflectiveMethodInvocation.java:186), org.springframework.aop.aspectj.AspectJAfterThrowingAdvice.invoke(AspectJAfterThrowingAdvice.java:62), org.springframework.aop.framework.ReflectiveMethodInvocation.proceed(ReflectiveMethodInvocation.java:186), org.springframework.aop.interceptor.ExposeInvocationInterceptor.invoke(ExposeInvocationInterceptor.java:93), org.springframework.aop.framework.ReflectiveMethodInvocation.proceed(ReflectiveMethodInvocation.java:186), org.springframework.aop.framework.CglibAopProxy$DynamicAdvisedInterceptor.intercept(CglibAopProxy.java:688), com.intellect.contextual.service.decisionparams.DecisionHandler$$EnhancerBySpringCGLIB$$aa0233a4.execute(<generated>), com.intellect.contextual.service.orchestrator.GetRecommendationOrchestrator.execute(GetRecommendationOrchestrator.java:65), com.intellect.contextual.service.orchestrator.GetRecommendationOrchestrator$$FastClassBySpringCGLIB$$e224a390.invoke(<generated>), org.springframework.cglib.proxy.MethodProxy.invoke(MethodProxy.java:218), org.springframework.aop.framework.CglibAopProxy$CglibMethodInvocation.invokeJoinpoint(CglibAopProxy.java:749), org.springframework.aop.framework.ReflectiveMethodInvocation.proceed(ReflectiveMethodInvocation.java:163), org.springframework.aop.framework.adapter.AfterReturningAdviceInterceptor.invoke(AfterReturningAdviceInterceptor.java:55), org.springframework.aop.framework.ReflectiveMethodInvocation.proceed(ReflectiveMethodInvocation.java:186), org.springframework.aop.aspectj.AspectJAfterThrowingAdvice.invoke(AspectJAfterThrowingAdvice.java:62), org.springframework.aop.framework.ReflectiveMethodInvocation.proceed(ReflectiveMethodInvocation.java:186), org.springframework.aop.interceptor.ExposeInvocationInterceptor.invoke(ExposeInvocationInterceptor.java:93), org.springframework.aop.framework.ReflectiveMethodInvocation.proceed(ReflectiveMethodI')
,('210127-06243630-23498440cd','837937620','2021-01-27 18:39:32.791','L3 - DECISION-HANDLER','S1 - ENRICH-OFFERING-DECISION-PARAM','Y','null','json string can not be null or empty','[com.jayway.jsonpath.internal.Utils.notEmpty(Utils.java:386), com.jayway.jsonpath.internal.ParseContextImpl.parse(ParseContextImpl.java:36), com.jayway.jsonpath.JsonPath.read(JsonPath.java:502), com.intellect.contextual.util.common.CommonUtil.searchInRequestBodyForPath(CommonUtil.java:85), com.intellect.contextual.util.process.DynamicAPIUtil.lambda$getApiData$3(DynamicAPIUtil.java:132), java.util.ArrayList.forEach(ArrayList.java:1249), com.intellect.contextual.util.process.DynamicAPIUtil.getApiData(DynamicAPIUtil.java:132), com.intellect.contextual.util.process.DynamicAPIUtil.getAPIDataString(DynamicAPIUtil.java:173), com.intellect.contextual.util.process.DynamicAPIUtil$$FastClassBySpringCGLIB$$f6aea0c6.invoke(<generated>), org.springframework.cglib.proxy.MethodProxy.invoke(MethodProxy.java:218), org.springframework.aop.framework.CglibAopProxy$CglibMethodInvocation.invokeJoinpoint(CglibAopProxy.java:749), org.springframework.aop.framework.ReflectiveMethodInvocation.proceed(ReflectiveMethodInvocation.java:163), org.springframework.aop.framework.adapter.AfterReturningAdviceInterceptor.invoke(AfterReturningAdviceInterceptor.java:55), org.springframework.aop.framework.ReflectiveMethodInvocation.proceed(ReflectiveMethodInvocation.java:186), org.springframework.aop.aspectj.AspectJAfterThrowingAdvice.invoke(AspectJAfterThrowingAdvice.java:62), org.springframework.aop.framework.ReflectiveMethodInvocation.proceed(ReflectiveMethodInvocation.java:186), org.springframework.aop.interceptor.ExposeInvocationInterceptor.invoke(ExposeInvocationInterceptor.java:93), org.springframework.aop.framework.ReflectiveMethodInvocation.proceed(ReflectiveMethodInvocation.java:186), org.springframework.aop.framework.CglibAopProxy$DynamicAdvisedInterceptor.intercept(CglibAopProxy.java:688), com.intellect.contextual.util.process.DynamicAPIUtil$$EnhancerBySpringCGLIB$$bf3ec565.getAPIDataString(<generated>), com.intellect.contextual.util.process.RuleEngineConfig.lambda$channelType$16(RuleEngineConfig.java:183), com.intellect.contextual.util.process.ERule.enrichFinalValue(ERule.java:193), com.intellect.contextual.util.process.ERule.enrichData(ERule.java:104), com.intellect.contextual.util.process.ERule$$FastClassBySpringCGLIB$$a6bd7a18.invoke(<generated>), org.springframework.cglib.proxy.MethodProxy.invoke(MethodProxy.java:218), org.springframework.aop.framework.CglibAopProxy$CglibMethodInvocation.invokeJoinpoint(CglibAopProxy.java:749), org.springframework.aop.framework.ReflectiveMethodInvocation.proceed(ReflectiveMethodInvocation.java:163), org.springframework.aop.framework.adapter.AfterReturningAdviceInterceptor.invoke(AfterReturningAdviceInterceptor.java:55), org.springframework.aop.framework.ReflectiveMethodInvocation.proceed(ReflectiveMethodInvocation.java:186), org.springframework.aop.aspectj.AspectJAfterThrowingAdvice.invoke(AspectJAfterThrowingAdvice.java:62), org.springframework.aop.framework.ReflectiveMethodInvocation.proceed(ReflectiveMethodInvocation.java:186), org.springframework.aop.interceptor.ExposeInvocationInterceptor.invoke(ExposeInvocationInterceptor.java:93), org.springframework.aop.framework.ReflectiveMethodInvocation.proceed(ReflectiveMethodInvocation.java:186), org.springframework.aop.framework.CglibAopProxy$DynamicAdvisedInterceptor.intercept(CglibAopProxy.java:688), com.intellect.contextual.util.process.ERule$$EnhancerBySpringCGLIB$$66ccb49b.enrichData(<generated>), com.intellect.contextual.service.decisionparams.DecisionService.lambda$null$9(DecisionService.java:131), java.util.ArrayList.forEach(ArrayList.java:1249), com.intellect.contextual.service.decisionparams.DecisionService.lambda$decisionParamProcessor$10(DecisionService.java:110), com.intellect.contextual.service.decisionparams.DecisionService.lambda$null$12(DecisionService.java:163), java.util.concurrent.FutureTask.run(FutureTask.java:266), java.util.concurrent.ThreadPoolExecutor.runWorker(ThreadPoolExecutor.java:1149), java.util.concurrent.ThreadPoolExecutor$Worker.run(Thr')
,('210127-06243630-23498440cd','837937620','2021-01-27 18:39:33.538','L3 - DECISION-HANDLER','S1 - ENRICH-OFFERING-DECISION-PARAM','Y','null','json string can not be null or empty','[com.jayway.jsonpath.internal.Utils.notEmpty(Utils.java:386), com.jayway.jsonpath.internal.ParseContextImpl.parse(ParseContextImpl.java:36), com.jayway.jsonpath.JsonPath.read(JsonPath.java:502), com.intellect.contextual.util.common.CommonUtil.searchInRequestBodyForPath(CommonUtil.java:85), com.intellect.contextual.util.process.DynamicAPIUtil.lambda$getApiData$3(DynamicAPIUtil.java:132), java.util.ArrayList.forEach(ArrayList.java:1249), com.intellect.contextual.util.process.DynamicAPIUtil.getApiData(DynamicAPIUtil.java:132), com.intellect.contextual.util.process.DynamicAPIUtil.getAPIDataString(DynamicAPIUtil.java:173), com.intellect.contextual.util.process.DynamicAPIUtil$$FastClassBySpringCGLIB$$f6aea0c6.invoke(<generated>), org.springframework.cglib.proxy.MethodProxy.invoke(MethodProxy.java:218), org.springframework.aop.framework.CglibAopProxy$CglibMethodInvocation.invokeJoinpoint(CglibAopProxy.java:749), org.springframework.aop.framework.ReflectiveMethodInvocation.proceed(ReflectiveMethodInvocation.java:163), org.springframework.aop.framework.adapter.AfterReturningAdviceInterceptor.invoke(AfterReturningAdviceInterceptor.java:55), org.springframework.aop.framework.ReflectiveMethodInvocation.proceed(ReflectiveMethodInvocation.java:186), org.springframework.aop.aspectj.AspectJAfterThrowingAdvice.invoke(AspectJAfterThrowingAdvice.java:62), org.springframework.aop.framework.ReflectiveMethodInvocation.proceed(ReflectiveMethodInvocation.java:186), org.springframework.aop.interceptor.ExposeInvocationInterceptor.invoke(ExposeInvocationInterceptor.java:93), org.springframework.aop.framework.ReflectiveMethodInvocation.proceed(ReflectiveMethodInvocation.java:186), org.springframework.aop.framework.CglibAopProxy$DynamicAdvisedInterceptor.intercept(CglibAopProxy.java:688), com.intellect.contextual.util.process.DynamicAPIUtil$$EnhancerBySpringCGLIB$$bf3ec565.getAPIDataString(<generated>), com.intellect.contextual.util.process.RuleEngineConfig.lambda$channelType$16(RuleEngineConfig.java:183), com.intellect.contextual.util.process.ERule.enrichFinalValue(ERule.java:193), com.intellect.contextual.util.process.ERule.enrichData(ERule.java:104), com.intellect.contextual.util.process.ERule$$FastClassBySpringCGLIB$$a6bd7a18.invoke(<generated>), org.springframework.cglib.proxy.MethodProxy.invoke(MethodProxy.java:218), org.springframework.aop.framework.CglibAopProxy$CglibMethodInvocation.invokeJoinpoint(CglibAopProxy.java:749), org.springframework.aop.framework.ReflectiveMethodInvocation.proceed(ReflectiveMethodInvocation.java:163), org.springframework.aop.framework.adapter.AfterReturningAdviceInterceptor.invoke(AfterReturningAdviceInterceptor.java:55), org.springframework.aop.framework.ReflectiveMethodInvocation.proceed(ReflectiveMethodInvocation.java:186), org.springframework.aop.aspectj.AspectJAfterThrowingAdvice.invoke(AspectJAfterThrowingAdvice.java:62), org.springframework.aop.framework.ReflectiveMethodInvocation.proceed(ReflectiveMethodInvocation.java:186), org.springframework.aop.interceptor.ExposeInvocationInterceptor.invoke(ExposeInvocationInterceptor.java:93), org.springframework.aop.framework.ReflectiveMethodInvocation.proceed(ReflectiveMethodInvocation.java:186), org.springframework.aop.framework.CglibAopProxy$DynamicAdvisedInterceptor.intercept(CglibAopProxy.java:688), com.intellect.contextual.util.process.ERule$$EnhancerBySpringCGLIB$$66ccb49b.enrichData(<generated>), com.intellect.contextual.service.decisionparams.DecisionService.lambda$null$9(DecisionService.java:131), java.util.ArrayList.forEach(ArrayList.java:1249), com.intellect.contextual.service.decisionparams.DecisionService.lambda$decisionParamProcessor$10(DecisionService.java:110), com.intellect.contextual.service.decisionparams.DecisionService.lambda$null$12(DecisionService.java:163), java.util.concurrent.FutureTask.run(FutureTask.java:266), java.util.concurrent.ThreadPoolExecutor.runWorker(ThreadPoolExecutor.java:1149), java.util.concurrent.ThreadPoolExecutor$Worker.run(Thr')
,('210127-06243630-23498440cd','837937620','2021-01-27 18:39:34.667','L3 - DECISION-HANDLER','S1 - ENRICH-OFFERING-DECISION-PARAM','Y','null','Unable to process the offering list. Please verify the config','[com.intellect.contextual.service.decisionparams.DecisionService.decisionParamProcessor(DecisionService.java:180), com.intellect.contextual.service.decisionparams.DecisionService$$FastClassBySpringCGLIB$$a146bd48.invoke(<generated>), org.springframework.cglib.proxy.MethodProxy.invoke(MethodProxy.java:218), org.springframework.aop.framework.CglibAopProxy$CglibMethodInvocation.invokeJoinpoint(CglibAopProxy.java:749), org.springframework.aop.framework.ReflectiveMethodInvocation.proceed(ReflectiveMethodInvocation.java:163), org.springframework.aop.framework.adapter.AfterReturningAdviceInterceptor.invoke(AfterReturningAdviceInterceptor.java:55), org.springframework.aop.framework.ReflectiveMethodInvocation.proceed(ReflectiveMethodInvocation.java:186), org.springframework.aop.aspectj.AspectJAfterThrowingAdvice.invoke(AspectJAfterThrowingAdvice.java:62), org.springframework.aop.framework.ReflectiveMethodInvocation.proceed(ReflectiveMethodInvocation.java:186), org.springframework.aop.interceptor.ExposeInvocationInterceptor.invoke(ExposeInvocationInterceptor.java:93), org.springframework.aop.framework.ReflectiveMethodInvocation.proceed(ReflectiveMethodInvocation.java:186), org.springframework.aop.framework.CglibAopProxy$DynamicAdvisedInterceptor.intercept(CglibAopProxy.java:688), com.intellect.contextual.service.decisionparams.DecisionService$$EnhancerBySpringCGLIB$$15f3fc2b.decisionParamProcessor(<generated>), com.intellect.contextual.service.decisionparams.DecisionHandler.execute(DecisionHandler.java:65), com.intellect.contextual.service.decisionparams.DecisionHandler$$FastClassBySpringCGLIB$$544e4ddd.invoke(<generated>), org.springframework.cglib.proxy.MethodProxy.invoke(MethodProxy.java:218), org.springframework.aop.framework.CglibAopProxy$CglibMethodInvocation.invokeJoinpoint(CglibAopProxy.java:749), org.springframework.aop.framework.ReflectiveMethodInvocation.proceed(ReflectiveMethodInvocation.java:163), org.springframework.aop.framework.adapter.AfterReturningAdviceInterceptor.invoke(AfterReturningAdviceInterceptor.java:55), org.springframework.aop.framework.ReflectiveMethodInvocation.proceed(ReflectiveMethodInvocation.java:186), org.springframework.aop.aspectj.AspectJAfterThrowingAdvice.invoke(AspectJAfterThrowingAdvice.java:62), org.springframework.aop.framework.ReflectiveMethodInvocation.proceed(ReflectiveMethodInvocation.java:186), org.springframework.aop.interceptor.ExposeInvocationInterceptor.invoke(ExposeInvocationInterceptor.java:93), org.springframework.aop.framework.ReflectiveMethodInvocation.proceed(ReflectiveMethodInvocation.java:186), org.springframework.aop.framework.CglibAopProxy$DynamicAdvisedInterceptor.intercept(CglibAopProxy.java:688), com.intellect.contextual.service.decisionparams.DecisionHandler$$EnhancerBySpringCGLIB$$b1cb330a.execute(<generated>), com.intellect.contextual.service.orchestrator.GetRecommendationOrchestrator.execute(GetRecommendationOrchestrator.java:65), com.intellect.contextual.service.orchestrator.GetRecommendationOrchestrator$$FastClassBySpringCGLIB$$e224a390.invoke(<generated>), org.springframework.cglib.proxy.MethodProxy.invoke(MethodProxy.java:218), org.springframework.aop.framework.CglibAopProxy$CglibMethodInvocation.invokeJoinpoint(CglibAopProxy.java:749), org.springframework.aop.framework.ReflectiveMethodInvocation.proceed(ReflectiveMethodInvocation.java:163), org.springframework.aop.framework.adapter.AfterReturningAdviceInterceptor.invoke(AfterReturningAdviceInterceptor.java:55), org.springframework.aop.framework.ReflectiveMethodInvocation.proceed(ReflectiveMethodInvocation.java:186), org.springframework.aop.aspectj.AspectJAfterThrowingAdvice.invoke(AspectJAfterThrowingAdvice.java:62), org.springframework.aop.framework.ReflectiveMethodInvocation.proceed(ReflectiveMethodInvocation.java:186), org.springframework.aop.interceptor.ExposeInvocationInterceptor.invoke(ExposeInvocationInterceptor.java:93), org.springframework.aop.framework.ReflectiveMethodInvocation.proceed(ReflectiveMethod')
;
INSERT INTO "CP".icp_exception_log (api_cp_reference_id,api_channel_request_id,api_date_time,api_layer,api_stage,api_fine_grain,api_payload,api_error_msg,api_error_trace) VALUES 
('210127-06243630-23498440cd','837937620','2021-01-27 18:39:35.409','L3 - DECISION-HANDLER','S1 - ENRICH-OFFERING-DECISION-PARAM','Y','null','Unable to process the offering list. Please verify the config','[com.intellect.contextual.service.decisionparams.DecisionService.decisionParamProcessor(DecisionService.java:180), com.intellect.contextual.service.decisionparams.DecisionService$$FastClassBySpringCGLIB$$a146bd48.invoke(<generated>), org.springframework.cglib.proxy.MethodProxy.invoke(MethodProxy.java:218), org.springframework.aop.framework.CglibAopProxy$CglibMethodInvocation.invokeJoinpoint(CglibAopProxy.java:749), org.springframework.aop.framework.ReflectiveMethodInvocation.proceed(ReflectiveMethodInvocation.java:163), org.springframework.aop.framework.adapter.AfterReturningAdviceInterceptor.invoke(AfterReturningAdviceInterceptor.java:55), org.springframework.aop.framework.ReflectiveMethodInvocation.proceed(ReflectiveMethodInvocation.java:186), org.springframework.aop.aspectj.AspectJAfterThrowingAdvice.invoke(AspectJAfterThrowingAdvice.java:62), org.springframework.aop.framework.ReflectiveMethodInvocation.proceed(ReflectiveMethodInvocation.java:186), org.springframework.aop.interceptor.ExposeInvocationInterceptor.invoke(ExposeInvocationInterceptor.java:93), org.springframework.aop.framework.ReflectiveMethodInvocation.proceed(ReflectiveMethodInvocation.java:186), org.springframework.aop.framework.CglibAopProxy$DynamicAdvisedInterceptor.intercept(CglibAopProxy.java:688), com.intellect.contextual.service.decisionparams.DecisionService$$EnhancerBySpringCGLIB$$15f3fc2b.decisionParamProcessor(<generated>), com.intellect.contextual.service.decisionparams.DecisionHandler.execute(DecisionHandler.java:65), com.intellect.contextual.service.decisionparams.DecisionHandler$$FastClassBySpringCGLIB$$544e4ddd.invoke(<generated>), org.springframework.cglib.proxy.MethodProxy.invoke(MethodProxy.java:218), org.springframework.aop.framework.CglibAopProxy$CglibMethodInvocation.invokeJoinpoint(CglibAopProxy.java:749), org.springframework.aop.framework.ReflectiveMethodInvocation.proceed(ReflectiveMethodInvocation.java:163), org.springframework.aop.framework.adapter.AfterReturningAdviceInterceptor.invoke(AfterReturningAdviceInterceptor.java:55), org.springframework.aop.framework.ReflectiveMethodInvocation.proceed(ReflectiveMethodInvocation.java:186), org.springframework.aop.aspectj.AspectJAfterThrowingAdvice.invoke(AspectJAfterThrowingAdvice.java:62), org.springframework.aop.framework.ReflectiveMethodInvocation.proceed(ReflectiveMethodInvocation.java:186), org.springframework.aop.interceptor.ExposeInvocationInterceptor.invoke(ExposeInvocationInterceptor.java:93), org.springframework.aop.framework.ReflectiveMethodInvocation.proceed(ReflectiveMethodInvocation.java:186), org.springframework.aop.framework.CglibAopProxy$DynamicAdvisedInterceptor.intercept(CglibAopProxy.java:688), com.intellect.contextual.service.decisionparams.DecisionHandler$$EnhancerBySpringCGLIB$$b1cb330a.execute(<generated>), com.intellect.contextual.service.orchestrator.GetRecommendationOrchestrator.execute(GetRecommendationOrchestrator.java:65), com.intellect.contextual.service.orchestrator.GetRecommendationOrchestrator$$FastClassBySpringCGLIB$$e224a390.invoke(<generated>), org.springframework.cglib.proxy.MethodProxy.invoke(MethodProxy.java:218), org.springframework.aop.framework.CglibAopProxy$CglibMethodInvocation.invokeJoinpoint(CglibAopProxy.java:749), org.springframework.aop.framework.ReflectiveMethodInvocation.proceed(ReflectiveMethodInvocation.java:163), org.springframework.aop.framework.adapter.AfterReturningAdviceInterceptor.invoke(AfterReturningAdviceInterceptor.java:55), org.springframework.aop.framework.ReflectiveMethodInvocation.proceed(ReflectiveMethodInvocation.java:186), org.springframework.aop.aspectj.AspectJAfterThrowingAdvice.invoke(AspectJAfterThrowingAdvice.java:62), org.springframework.aop.framework.ReflectiveMethodInvocation.proceed(ReflectiveMethodInvocation.java:186), org.springframework.aop.interceptor.ExposeInvocationInterceptor.invoke(ExposeInvocationInterceptor.java:93), org.springframework.aop.framework.ReflectiveMethodInvocation.proceed(ReflectiveMethod')
,(NULL,NULL,'2021-01-27 18:39:36.175',NULL,NULL,NULL,'','Unable to process the offering list. Please verify the config','[com.intellect.contextual.service.decisionparams.DecisionService.decisionParamProcessor(DecisionService.java:180), com.intellect.contextual.service.decisionparams.DecisionService$$FastClassBySpringCGLIB$$a146bd48.invoke(<generated>), org.springframework.cglib.proxy.MethodProxy.invoke(MethodProxy.java:218), org.springframework.aop.framework.CglibAopProxy$CglibMethodInvocation.invokeJoinpoint(CglibAopProxy.java:749), org.springframework.aop.framework.ReflectiveMethodInvocation.proceed(ReflectiveMethodInvocation.java:163), org.springframework.aop.framework.adapter.AfterReturningAdviceInterceptor.invoke(AfterReturningAdviceInterceptor.java:55), org.springframework.aop.framework.ReflectiveMethodInvocation.proceed(ReflectiveMethodInvocation.java:186), org.springframework.aop.aspectj.AspectJAfterThrowingAdvice.invoke(AspectJAfterThrowingAdvice.java:62), org.springframework.aop.framework.ReflectiveMethodInvocation.proceed(ReflectiveMethodInvocation.java:186), org.springframework.aop.interceptor.ExposeInvocationInterceptor.invoke(ExposeInvocationInterceptor.java:93), org.springframework.aop.framework.ReflectiveMethodInvocation.proceed(ReflectiveMethodInvocation.java:186), org.springframework.aop.framework.CglibAopProxy$DynamicAdvisedInterceptor.intercept(CglibAopProxy.java:688), com.intellect.contextual.service.decisionparams.DecisionService$$EnhancerBySpringCGLIB$$15f3fc2b.decisionParamProcessor(<generated>), com.intellect.contextual.service.decisionparams.DecisionHandler.execute(DecisionHandler.java:65), com.intellect.contextual.service.decisionparams.DecisionHandler$$FastClassBySpringCGLIB$$544e4ddd.invoke(<generated>), org.springframework.cglib.proxy.MethodProxy.invoke(MethodProxy.java:218), org.springframework.aop.framework.CglibAopProxy$CglibMethodInvocation.invokeJoinpoint(CglibAopProxy.java:749), org.springframework.aop.framework.ReflectiveMethodInvocation.proceed(ReflectiveMethodInvocation.java:163), org.springframework.aop.framework.adapter.AfterReturningAdviceInterceptor.invoke(AfterReturningAdviceInterceptor.java:55), org.springframework.aop.framework.ReflectiveMethodInvocation.proceed(ReflectiveMethodInvocation.java:186), org.springframework.aop.aspectj.AspectJAfterThrowingAdvice.invoke(AspectJAfterThrowingAdvice.java:62), org.springframework.aop.framework.ReflectiveMethodInvocation.proceed(ReflectiveMethodInvocation.java:186), org.springframework.aop.interceptor.ExposeInvocationInterceptor.invoke(ExposeInvocationInterceptor.java:93), org.springframework.aop.framework.ReflectiveMethodInvocation.proceed(ReflectiveMethodInvocation.java:186), org.springframework.aop.framework.CglibAopProxy$DynamicAdvisedInterceptor.intercept(CglibAopProxy.java:688), com.intellect.contextual.service.decisionparams.DecisionHandler$$EnhancerBySpringCGLIB$$b1cb330a.execute(<generated>), com.intellect.contextual.service.orchestrator.GetRecommendationOrchestrator.execute(GetRecommendationOrchestrator.java:65), com.intellect.contextual.service.orchestrator.GetRecommendationOrchestrator$$FastClassBySpringCGLIB$$e224a390.invoke(<generated>), org.springframework.cglib.proxy.MethodProxy.invoke(MethodProxy.java:218), org.springframework.aop.framework.CglibAopProxy$CglibMethodInvocation.invokeJoinpoint(CglibAopProxy.java:749), org.springframework.aop.framework.ReflectiveMethodInvocation.proceed(ReflectiveMethodInvocation.java:163), org.springframework.aop.framework.adapter.AfterReturningAdviceInterceptor.invoke(AfterReturningAdviceInterceptor.java:55), org.springframework.aop.framework.ReflectiveMethodInvocation.proceed(ReflectiveMethodInvocation.java:186), org.springframework.aop.aspectj.AspectJAfterThrowingAdvice.invoke(AspectJAfterThrowingAdvice.java:62), org.springframework.aop.framework.ReflectiveMethodInvocation.proceed(ReflectiveMethodInvocation.java:186), org.springframework.aop.interceptor.ExposeInvocationInterceptor.invoke(ExposeInvocationInterceptor.java:93), org.springframework.aop.framework.ReflectiveMethodInvocation.proceed(ReflectiveMethod')
,('210127-08243051-8e5d004189','837937620','2021-01-27 20:32:00.532','L3 - DECISION-HANDLER','S1 - ENRICH-OFFERING-DECISION-PARAM','1.50 CAD','null','json string can not be null or empty','[com.jayway.jsonpath.internal.Utils.notEmpty(Utils.java:386), com.jayway.jsonpath.internal.ParseContextImpl.parse(ParseContextImpl.java:36), com.jayway.jsonpath.JsonPath.read(JsonPath.java:502), com.intellect.contextual.util.common.CommonUtil.searchInRequestBodyForPath(CommonUtil.java:85), com.intellect.contextual.util.process.DynamicAPIUtil.lambda$getApiData$3(DynamicAPIUtil.java:132), java.util.ArrayList.forEach(ArrayList.java:1249), com.intellect.contextual.util.process.DynamicAPIUtil.getApiData(DynamicAPIUtil.java:132), com.intellect.contextual.util.process.DynamicAPIUtil.getAPIDataString(DynamicAPIUtil.java:173), com.intellect.contextual.util.process.DynamicAPIUtil$$FastClassBySpringCGLIB$$f6aea0c6.invoke(<generated>), org.springframework.cglib.proxy.MethodProxy.invoke(MethodProxy.java:218), org.springframework.aop.framework.CglibAopProxy$CglibMethodInvocation.invokeJoinpoint(CglibAopProxy.java:749), org.springframework.aop.framework.ReflectiveMethodInvocation.proceed(ReflectiveMethodInvocation.java:163), org.springframework.aop.framework.adapter.AfterReturningAdviceInterceptor.invoke(AfterReturningAdviceInterceptor.java:55), org.springframework.aop.framework.ReflectiveMethodInvocation.proceed(ReflectiveMethodInvocation.java:186), org.springframework.aop.aspectj.AspectJAfterThrowingAdvice.invoke(AspectJAfterThrowingAdvice.java:62), org.springframework.aop.framework.ReflectiveMethodInvocation.proceed(ReflectiveMethodInvocation.java:186), org.springframework.aop.interceptor.ExposeInvocationInterceptor.invoke(ExposeInvocationInterceptor.java:93), org.springframework.aop.framework.ReflectiveMethodInvocation.proceed(ReflectiveMethodInvocation.java:186), org.springframework.aop.framework.CglibAopProxy$DynamicAdvisedInterceptor.intercept(CglibAopProxy.java:688), com.intellect.contextual.util.process.DynamicAPIUtil$$EnhancerBySpringCGLIB$$bf3ec565.getAPIDataString(<generated>), com.intellect.contextual.util.process.RuleEngineConfig.lambda$channelType$16(RuleEngineConfig.java:183), com.intellect.contextual.util.process.ERule.enrichFinalValue(ERule.java:193), com.intellect.contextual.util.process.ERule.enrichData(ERule.java:104), com.intellect.contextual.util.process.ERule$$FastClassBySpringCGLIB$$a6bd7a18.invoke(<generated>), org.springframework.cglib.proxy.MethodProxy.invoke(MethodProxy.java:218), org.springframework.aop.framework.CglibAopProxy$CglibMethodInvocation.invokeJoinpoint(CglibAopProxy.java:749), org.springframework.aop.framework.ReflectiveMethodInvocation.proceed(ReflectiveMethodInvocation.java:163), org.springframework.aop.framework.adapter.AfterReturningAdviceInterceptor.invoke(AfterReturningAdviceInterceptor.java:55), org.springframework.aop.framework.ReflectiveMethodInvocation.proceed(ReflectiveMethodInvocation.java:186), org.springframework.aop.aspectj.AspectJAfterThrowingAdvice.invoke(AspectJAfterThrowingAdvice.java:62), org.springframework.aop.framework.ReflectiveMethodInvocation.proceed(ReflectiveMethodInvocation.java:186), org.springframework.aop.interceptor.ExposeInvocationInterceptor.invoke(ExposeInvocationInterceptor.java:93), org.springframework.aop.framework.ReflectiveMethodInvocation.proceed(ReflectiveMethodInvocation.java:186), org.springframework.aop.framework.CglibAopProxy$DynamicAdvisedInterceptor.intercept(CglibAopProxy.java:688), com.intellect.contextual.util.process.ERule$$EnhancerBySpringCGLIB$$66ccb49b.enrichData(<generated>), com.intellect.contextual.service.decisionparams.DecisionService.lambda$null$9(DecisionService.java:131), java.util.ArrayList.forEach(ArrayList.java:1249), com.intellect.contextual.service.decisionparams.DecisionService.lambda$decisionParamProcessor$10(DecisionService.java:110), com.intellect.contextual.service.decisionparams.DecisionService.lambda$null$12(DecisionService.java:163), java.util.concurrent.FutureTask.run(FutureTask.java:266), java.util.concurrent.ThreadPoolExecutor.runWorker(ThreadPoolExecutor.java:1149), java.util.concurrent.ThreadPoolExecutor$Worker.run(Thr')
,('210127-08243051-8e5d004189','837937620','2021-01-27 20:32:02.111','L3 - DECISION-HANDLER','S1 - ENRICH-OFFERING-DECISION-PARAM','N','null','json string can not be null or empty','[com.jayway.jsonpath.internal.Utils.notEmpty(Utils.java:386), com.jayway.jsonpath.internal.ParseContextImpl.parse(ParseContextImpl.java:36), com.jayway.jsonpath.JsonPath.read(JsonPath.java:502), com.intellect.contextual.util.common.CommonUtil.searchInRequestBodyForPath(CommonUtil.java:85), com.intellect.contextual.util.process.DynamicAPIUtil.lambda$getApiData$3(DynamicAPIUtil.java:132), java.util.ArrayList.forEach(ArrayList.java:1249), com.intellect.contextual.util.process.DynamicAPIUtil.getApiData(DynamicAPIUtil.java:132), com.intellect.contextual.util.process.DynamicAPIUtil.getAPIDataString(DynamicAPIUtil.java:173), com.intellect.contextual.util.process.DynamicAPIUtil$$FastClassBySpringCGLIB$$f6aea0c6.invoke(<generated>), org.springframework.cglib.proxy.MethodProxy.invoke(MethodProxy.java:218), org.springframework.aop.framework.CglibAopProxy$CglibMethodInvocation.invokeJoinpoint(CglibAopProxy.java:749), org.springframework.aop.framework.ReflectiveMethodInvocation.proceed(ReflectiveMethodInvocation.java:163), org.springframework.aop.framework.adapter.AfterReturningAdviceInterceptor.invoke(AfterReturningAdviceInterceptor.java:55), org.springframework.aop.framework.ReflectiveMethodInvocation.proceed(ReflectiveMethodInvocation.java:186), org.springframework.aop.aspectj.AspectJAfterThrowingAdvice.invoke(AspectJAfterThrowingAdvice.java:62), org.springframework.aop.framework.ReflectiveMethodInvocation.proceed(ReflectiveMethodInvocation.java:186), org.springframework.aop.interceptor.ExposeInvocationInterceptor.invoke(ExposeInvocationInterceptor.java:93), org.springframework.aop.framework.ReflectiveMethodInvocation.proceed(ReflectiveMethodInvocation.java:186), org.springframework.aop.framework.CglibAopProxy$DynamicAdvisedInterceptor.intercept(CglibAopProxy.java:688), com.intellect.contextual.util.process.DynamicAPIUtil$$EnhancerBySpringCGLIB$$bf3ec565.getAPIDataString(<generated>), com.intellect.contextual.util.process.RuleEngineConfig.lambda$channelType$16(RuleEngineConfig.java:183), com.intellect.contextual.util.process.ERule.enrichFinalValue(ERule.java:193), com.intellect.contextual.util.process.ERule.enrichData(ERule.java:104), com.intellect.contextual.util.process.ERule$$FastClassBySpringCGLIB$$a6bd7a18.invoke(<generated>), org.springframework.cglib.proxy.MethodProxy.invoke(MethodProxy.java:218), org.springframework.aop.framework.CglibAopProxy$CglibMethodInvocation.invokeJoinpoint(CglibAopProxy.java:749), org.springframework.aop.framework.ReflectiveMethodInvocation.proceed(ReflectiveMethodInvocation.java:163), org.springframework.aop.framework.adapter.AfterReturningAdviceInterceptor.invoke(AfterReturningAdviceInterceptor.java:55), org.springframework.aop.framework.ReflectiveMethodInvocation.proceed(ReflectiveMethodInvocation.java:186), org.springframework.aop.aspectj.AspectJAfterThrowingAdvice.invoke(AspectJAfterThrowingAdvice.java:62), org.springframework.aop.framework.ReflectiveMethodInvocation.proceed(ReflectiveMethodInvocation.java:186), org.springframework.aop.interceptor.ExposeInvocationInterceptor.invoke(ExposeInvocationInterceptor.java:93), org.springframework.aop.framework.ReflectiveMethodInvocation.proceed(ReflectiveMethodInvocation.java:186), org.springframework.aop.framework.CglibAopProxy$DynamicAdvisedInterceptor.intercept(CglibAopProxy.java:688), com.intellect.contextual.util.process.ERule$$EnhancerBySpringCGLIB$$66ccb49b.enrichData(<generated>), com.intellect.contextual.service.decisionparams.DecisionService.lambda$null$9(DecisionService.java:131), java.util.ArrayList.forEach(ArrayList.java:1249), com.intellect.contextual.service.decisionparams.DecisionService.lambda$decisionParamProcessor$10(DecisionService.java:110), com.intellect.contextual.service.decisionparams.DecisionService.lambda$null$12(DecisionService.java:163), java.util.concurrent.FutureTask.run(FutureTask.java:266), java.util.concurrent.ThreadPoolExecutor.runWorker(ThreadPoolExecutor.java:1149), java.util.concurrent.ThreadPoolExecutor$Worker.run(Thr')
,(NULL,NULL,'2021-04-29 02:24:22.502',NULL,NULL,NULL,'','Unable to process the offering list. Please verify the config','[com.intellect.contextual.service.decisionparams.DecisionService.decisionParamProcessor(DecisionService.java:180), com.intellect.contextual.service.decisionparams.DecisionService$$FastClassBySpringCGLIB$$a146bd48.invoke(<generated>), org.springframework.cglib.proxy.MethodProxy.invoke(MethodProxy.java:218), org.springframework.aop.framework.CglibAopProxy$CglibMethodInvocation.invokeJoinpoint(CglibAopProxy.java:749), org.springframework.aop.framework.ReflectiveMethodInvocation.proceed(ReflectiveMethodInvocation.java:163), org.springframework.aop.framework.adapter.AfterReturningAdviceInterceptor.invoke(AfterReturningAdviceInterceptor.java:55), org.springframework.aop.framework.ReflectiveMethodInvocation.proceed(ReflectiveMethodInvocation.java:186), org.springframework.aop.aspectj.AspectJAfterThrowingAdvice.invoke(AspectJAfterThrowingAdvice.java:62), org.springframework.aop.framework.ReflectiveMethodInvocation.proceed(ReflectiveMethodInvocation.java:186), org.springframework.aop.interceptor.ExposeInvocationInterceptor.invoke(ExposeInvocationInterceptor.java:93), org.springframework.aop.framework.ReflectiveMethodInvocation.proceed(ReflectiveMethodInvocation.java:186), org.springframework.aop.framework.CglibAopProxy$DynamicAdvisedInterceptor.intercept(CglibAopProxy.java:688), com.intellect.contextual.service.decisionparams.DecisionService$$EnhancerBySpringCGLIB$$13cf73b.decisionParamProcessor(<generated>), com.intellect.contextual.service.decisionparams.DecisionHandler.execute(DecisionHandler.java:65), com.intellect.contextual.service.decisionparams.DecisionHandler$$FastClassBySpringCGLIB$$544e4ddd.invoke(<generated>), org.springframework.cglib.proxy.MethodProxy.invoke(MethodProxy.java:218), org.springframework.aop.framework.CglibAopProxy$CglibMethodInvocation.invokeJoinpoint(CglibAopProxy.java:749), org.springframework.aop.framework.ReflectiveMethodInvocation.proceed(ReflectiveMethodInvocation.java:163), org.springframework.aop.framework.adapter.AfterReturningAdviceInterceptor.invoke(AfterReturningAdviceInterceptor.java:55), org.springframework.aop.framework.ReflectiveMethodInvocation.proceed(ReflectiveMethodInvocation.java:186), org.springframework.aop.aspectj.AspectJAfterThrowingAdvice.invoke(AspectJAfterThrowingAdvice.java:62), org.springframework.aop.framework.ReflectiveMethodInvocation.proceed(ReflectiveMethodInvocation.java:186), org.springframework.aop.interceptor.ExposeInvocationInterceptor.invoke(ExposeInvocationInterceptor.java:93), org.springframework.aop.framework.ReflectiveMethodInvocation.proceed(ReflectiveMethodInvocation.java:186), org.springframework.aop.framework.CglibAopProxy$DynamicAdvisedInterceptor.intercept(CglibAopProxy.java:688), com.intellect.contextual.service.decisionparams.DecisionHandler$$EnhancerBySpringCGLIB$$9d142e1a.execute(<generated>), com.intellect.contextual.service.orchestrator.GetRecommendationOrchestrator.execute(GetRecommendationOrchestrator.java:65), com.intellect.contextual.service.orchestrator.GetRecommendationOrchestrator$$FastClassBySpringCGLIB$$e224a390.invoke(<generated>), org.springframework.cglib.proxy.MethodProxy.invoke(MethodProxy.java:218), org.springframework.aop.framework.CglibAopProxy$CglibMethodInvocation.invokeJoinpoint(CglibAopProxy.java:749), org.springframework.aop.framework.ReflectiveMethodInvocation.proceed(ReflectiveMethodInvocation.java:163), org.springframework.aop.framework.adapter.AfterReturningAdviceInterceptor.invoke(AfterReturningAdviceInterceptor.java:55), org.springframework.aop.framework.ReflectiveMethodInvocation.proceed(ReflectiveMethodInvocation.java:186), org.springframework.aop.aspectj.AspectJAfterThrowingAdvice.invoke(AspectJAfterThrowingAdvice.java:62), org.springframework.aop.framework.ReflectiveMethodInvocation.proceed(ReflectiveMethodInvocation.java:186), org.springframework.aop.interceptor.ExposeInvocationInterceptor.invoke(ExposeInvocationInterceptor.java:93), org.springframework.aop.framework.ReflectiveMethodInvocation.proceed(ReflectiveMethodI')
,('210127-08243051-8e5d004189','837937620','2021-01-27 20:32:17.131','L3 - DECISION-HANDLER','S1 - ENRICH-OFFERING-DECISION-PARAM','27-Jan-2021','null','json string can not be null or empty','[com.jayway.jsonpath.internal.Utils.notEmpty(Utils.java:386), com.jayway.jsonpath.internal.ParseContextImpl.parse(ParseContextImpl.java:36), com.jayway.jsonpath.JsonPath.read(JsonPath.java:502), com.intellect.contextual.util.common.CommonUtil.searchInRequestBodyForPath(CommonUtil.java:85), com.intellect.contextual.util.process.DynamicAPIUtil.lambda$getApiData$3(DynamicAPIUtil.java:132), java.util.ArrayList.forEach(ArrayList.java:1249), com.intellect.contextual.util.process.DynamicAPIUtil.getApiData(DynamicAPIUtil.java:132), com.intellect.contextual.util.process.DynamicAPIUtil.getAPIDataString(DynamicAPIUtil.java:173), com.intellect.contextual.util.process.DynamicAPIUtil$$FastClassBySpringCGLIB$$f6aea0c6.invoke(<generated>), org.springframework.cglib.proxy.MethodProxy.invoke(MethodProxy.java:218), org.springframework.aop.framework.CglibAopProxy$CglibMethodInvocation.invokeJoinpoint(CglibAopProxy.java:749), org.springframework.aop.framework.ReflectiveMethodInvocation.proceed(ReflectiveMethodInvocation.java:163), org.springframework.aop.framework.adapter.AfterReturningAdviceInterceptor.invoke(AfterReturningAdviceInterceptor.java:55), org.springframework.aop.framework.ReflectiveMethodInvocation.proceed(ReflectiveMethodInvocation.java:186), org.springframework.aop.aspectj.AspectJAfterThrowingAdvice.invoke(AspectJAfterThrowingAdvice.java:62), org.springframework.aop.framework.ReflectiveMethodInvocation.proceed(ReflectiveMethodInvocation.java:186), org.springframework.aop.interceptor.ExposeInvocationInterceptor.invoke(ExposeInvocationInterceptor.java:93), org.springframework.aop.framework.ReflectiveMethodInvocation.proceed(ReflectiveMethodInvocation.java:186), org.springframework.aop.framework.CglibAopProxy$DynamicAdvisedInterceptor.intercept(CglibAopProxy.java:688), com.intellect.contextual.util.process.DynamicAPIUtil$$EnhancerBySpringCGLIB$$bf3ec565.getAPIDataString(<generated>), com.intellect.contextual.util.process.RuleEngineConfig.lambda$channelType$16(RuleEngineConfig.java:183), com.intellect.contextual.util.process.ERule.enrichFinalValue(ERule.java:193), com.intellect.contextual.util.process.ERule.enrichData(ERule.java:104), com.intellect.contextual.util.process.ERule$$FastClassBySpringCGLIB$$a6bd7a18.invoke(<generated>), org.springframework.cglib.proxy.MethodProxy.invoke(MethodProxy.java:218), org.springframework.aop.framework.CglibAopProxy$CglibMethodInvocation.invokeJoinpoint(CglibAopProxy.java:749), org.springframework.aop.framework.ReflectiveMethodInvocation.proceed(ReflectiveMethodInvocation.java:163), org.springframework.aop.framework.adapter.AfterReturningAdviceInterceptor.invoke(AfterReturningAdviceInterceptor.java:55), org.springframework.aop.framework.ReflectiveMethodInvocation.proceed(ReflectiveMethodInvocation.java:186), org.springframework.aop.aspectj.AspectJAfterThrowingAdvice.invoke(AspectJAfterThrowingAdvice.java:62), org.springframework.aop.framework.ReflectiveMethodInvocation.proceed(ReflectiveMethodInvocation.java:186), org.springframework.aop.interceptor.ExposeInvocationInterceptor.invoke(ExposeInvocationInterceptor.java:93), org.springframework.aop.framework.ReflectiveMethodInvocation.proceed(ReflectiveMethodInvocation.java:186), org.springframework.aop.framework.CglibAopProxy$DynamicAdvisedInterceptor.intercept(CglibAopProxy.java:688), com.intellect.contextual.util.process.ERule$$EnhancerBySpringCGLIB$$66ccb49b.enrichData(<generated>), com.intellect.contextual.service.decisionparams.DecisionService.lambda$null$9(DecisionService.java:131), java.util.ArrayList.forEach(ArrayList.java:1249), com.intellect.contextual.service.decisionparams.DecisionService.lambda$decisionParamProcessor$10(DecisionService.java:110), com.intellect.contextual.service.decisionparams.DecisionService.lambda$null$12(DecisionService.java:163), java.util.concurrent.FutureTask.run(FutureTask.java:266), java.util.concurrent.ThreadPoolExecutor.runWorker(ThreadPoolExecutor.java:1149), java.util.concurrent.ThreadPoolExecutor$Worker.run(Thr')
,('210127-08243051-8e5d004189','837937620','2021-01-27 20:32:20.174','L3 - DECISION-HANDLER','S1 - ENRICH-OFFERING-DECISION-PARAM','Y','null','json string can not be null or empty','[com.jayway.jsonpath.internal.Utils.notEmpty(Utils.java:386), com.jayway.jsonpath.internal.ParseContextImpl.parse(ParseContextImpl.java:36), com.jayway.jsonpath.JsonPath.read(JsonPath.java:502), com.intellect.contextual.util.common.CommonUtil.searchInRequestBodyForPath(CommonUtil.java:85), com.intellect.contextual.util.process.DynamicAPIUtil.lambda$getApiData$3(DynamicAPIUtil.java:132), java.util.ArrayList.forEach(ArrayList.java:1249), com.intellect.contextual.util.process.DynamicAPIUtil.getApiData(DynamicAPIUtil.java:132), com.intellect.contextual.util.process.DynamicAPIUtil.getAPIDataString(DynamicAPIUtil.java:173), com.intellect.contextual.util.process.DynamicAPIUtil$$FastClassBySpringCGLIB$$f6aea0c6.invoke(<generated>), org.springframework.cglib.proxy.MethodProxy.invoke(MethodProxy.java:218), org.springframework.aop.framework.CglibAopProxy$CglibMethodInvocation.invokeJoinpoint(CglibAopProxy.java:749), org.springframework.aop.framework.ReflectiveMethodInvocation.proceed(ReflectiveMethodInvocation.java:163), org.springframework.aop.framework.adapter.AfterReturningAdviceInterceptor.invoke(AfterReturningAdviceInterceptor.java:55), org.springframework.aop.framework.ReflectiveMethodInvocation.proceed(ReflectiveMethodInvocation.java:186), org.springframework.aop.aspectj.AspectJAfterThrowingAdvice.invoke(AspectJAfterThrowingAdvice.java:62), org.springframework.aop.framework.ReflectiveMethodInvocation.proceed(ReflectiveMethodInvocation.java:186), org.springframework.aop.interceptor.ExposeInvocationInterceptor.invoke(ExposeInvocationInterceptor.java:93), org.springframework.aop.framework.ReflectiveMethodInvocation.proceed(ReflectiveMethodInvocation.java:186), org.springframework.aop.framework.CglibAopProxy$DynamicAdvisedInterceptor.intercept(CglibAopProxy.java:688), com.intellect.contextual.util.process.DynamicAPIUtil$$EnhancerBySpringCGLIB$$bf3ec565.getAPIDataString(<generated>), com.intellect.contextual.util.process.RuleEngineConfig.lambda$channelType$16(RuleEngineConfig.java:183), com.intellect.contextual.util.process.ERule.enrichFinalValue(ERule.java:193), com.intellect.contextual.util.process.ERule.enrichData(ERule.java:104), com.intellect.contextual.util.process.ERule$$FastClassBySpringCGLIB$$a6bd7a18.invoke(<generated>), org.springframework.cglib.proxy.MethodProxy.invoke(MethodProxy.java:218), org.springframework.aop.framework.CglibAopProxy$CglibMethodInvocation.invokeJoinpoint(CglibAopProxy.java:749), org.springframework.aop.framework.ReflectiveMethodInvocation.proceed(ReflectiveMethodInvocation.java:163), org.springframework.aop.framework.adapter.AfterReturningAdviceInterceptor.invoke(AfterReturningAdviceInterceptor.java:55), org.springframework.aop.framework.ReflectiveMethodInvocation.proceed(ReflectiveMethodInvocation.java:186), org.springframework.aop.aspectj.AspectJAfterThrowingAdvice.invoke(AspectJAfterThrowingAdvice.java:62), org.springframework.aop.framework.ReflectiveMethodInvocation.proceed(ReflectiveMethodInvocation.java:186), org.springframework.aop.interceptor.ExposeInvocationInterceptor.invoke(ExposeInvocationInterceptor.java:93), org.springframework.aop.framework.ReflectiveMethodInvocation.proceed(ReflectiveMethodInvocation.java:186), org.springframework.aop.framework.CglibAopProxy$DynamicAdvisedInterceptor.intercept(CglibAopProxy.java:688), com.intellect.contextual.util.process.ERule$$EnhancerBySpringCGLIB$$66ccb49b.enrichData(<generated>), com.intellect.contextual.service.decisionparams.DecisionService.lambda$null$9(DecisionService.java:131), java.util.ArrayList.forEach(ArrayList.java:1249), com.intellect.contextual.service.decisionparams.DecisionService.lambda$decisionParamProcessor$10(DecisionService.java:110), com.intellect.contextual.service.decisionparams.DecisionService.lambda$null$12(DecisionService.java:163), java.util.concurrent.FutureTask.run(FutureTask.java:266), java.util.concurrent.ThreadPoolExecutor.runWorker(ThreadPoolExecutor.java:1149), java.util.concurrent.ThreadPoolExecutor$Worker.run(Thr')
,('210127-08243051-8e5d004189','837937620','2021-01-27 20:32:21.310','L3 - DECISION-HANDLER','S1 - ENRICH-OFFERING-DECISION-PARAM','Y','null','json string can not be null or empty','[com.jayway.jsonpath.internal.Utils.notEmpty(Utils.java:386), com.jayway.jsonpath.internal.ParseContextImpl.parse(ParseContextImpl.java:36), com.jayway.jsonpath.JsonPath.read(JsonPath.java:502), com.intellect.contextual.util.common.CommonUtil.searchInRequestBodyForPath(CommonUtil.java:85), com.intellect.contextual.util.process.DynamicAPIUtil.lambda$getApiData$3(DynamicAPIUtil.java:132), java.util.ArrayList.forEach(ArrayList.java:1249), com.intellect.contextual.util.process.DynamicAPIUtil.getApiData(DynamicAPIUtil.java:132), com.intellect.contextual.util.process.DynamicAPIUtil.getAPIDataString(DynamicAPIUtil.java:173), com.intellect.contextual.util.process.DynamicAPIUtil$$FastClassBySpringCGLIB$$f6aea0c6.invoke(<generated>), org.springframework.cglib.proxy.MethodProxy.invoke(MethodProxy.java:218), org.springframework.aop.framework.CglibAopProxy$CglibMethodInvocation.invokeJoinpoint(CglibAopProxy.java:749), org.springframework.aop.framework.ReflectiveMethodInvocation.proceed(ReflectiveMethodInvocation.java:163), org.springframework.aop.framework.adapter.AfterReturningAdviceInterceptor.invoke(AfterReturningAdviceInterceptor.java:55), org.springframework.aop.framework.ReflectiveMethodInvocation.proceed(ReflectiveMethodInvocation.java:186), org.springframework.aop.aspectj.AspectJAfterThrowingAdvice.invoke(AspectJAfterThrowingAdvice.java:62), org.springframework.aop.framework.ReflectiveMethodInvocation.proceed(ReflectiveMethodInvocation.java:186), org.springframework.aop.interceptor.ExposeInvocationInterceptor.invoke(ExposeInvocationInterceptor.java:93), org.springframework.aop.framework.ReflectiveMethodInvocation.proceed(ReflectiveMethodInvocation.java:186), org.springframework.aop.framework.CglibAopProxy$DynamicAdvisedInterceptor.intercept(CglibAopProxy.java:688), com.intellect.contextual.util.process.DynamicAPIUtil$$EnhancerBySpringCGLIB$$bf3ec565.getAPIDataString(<generated>), com.intellect.contextual.util.process.RuleEngineConfig.lambda$channelType$16(RuleEngineConfig.java:183), com.intellect.contextual.util.process.ERule.enrichFinalValue(ERule.java:193), com.intellect.contextual.util.process.ERule.enrichData(ERule.java:104), com.intellect.contextual.util.process.ERule$$FastClassBySpringCGLIB$$a6bd7a18.invoke(<generated>), org.springframework.cglib.proxy.MethodProxy.invoke(MethodProxy.java:218), org.springframework.aop.framework.CglibAopProxy$CglibMethodInvocation.invokeJoinpoint(CglibAopProxy.java:749), org.springframework.aop.framework.ReflectiveMethodInvocation.proceed(ReflectiveMethodInvocation.java:163), org.springframework.aop.framework.adapter.AfterReturningAdviceInterceptor.invoke(AfterReturningAdviceInterceptor.java:55), org.springframework.aop.framework.ReflectiveMethodInvocation.proceed(ReflectiveMethodInvocation.java:186), org.springframework.aop.aspectj.AspectJAfterThrowingAdvice.invoke(AspectJAfterThrowingAdvice.java:62), org.springframework.aop.framework.ReflectiveMethodInvocation.proceed(ReflectiveMethodInvocation.java:186), org.springframework.aop.interceptor.ExposeInvocationInterceptor.invoke(ExposeInvocationInterceptor.java:93), org.springframework.aop.framework.ReflectiveMethodInvocation.proceed(ReflectiveMethodInvocation.java:186), org.springframework.aop.framework.CglibAopProxy$DynamicAdvisedInterceptor.intercept(CglibAopProxy.java:688), com.intellect.contextual.util.process.ERule$$EnhancerBySpringCGLIB$$66ccb49b.enrichData(<generated>), com.intellect.contextual.service.decisionparams.DecisionService.lambda$null$9(DecisionService.java:131), java.util.ArrayList.forEach(ArrayList.java:1249), com.intellect.contextual.service.decisionparams.DecisionService.lambda$decisionParamProcessor$10(DecisionService.java:110), com.intellect.contextual.service.decisionparams.DecisionService.lambda$null$12(DecisionService.java:163), java.util.concurrent.FutureTask.run(FutureTask.java:266), java.util.concurrent.ThreadPoolExecutor.runWorker(ThreadPoolExecutor.java:1149), java.util.concurrent.ThreadPoolExecutor$Worker.run(Thr')
,('210127-08243051-8e5d004189','837937620','2021-01-27 20:32:22.086','L3 - DECISION-HANDLER','S1 - ENRICH-OFFERING-DECISION-PARAM','Y','null','Unable to process the offering list. Please verify the config','[com.intellect.contextual.service.decisionparams.DecisionService.decisionParamProcessor(DecisionService.java:180), com.intellect.contextual.service.decisionparams.DecisionService$$FastClassBySpringCGLIB$$a146bd48.invoke(<generated>), org.springframework.cglib.proxy.MethodProxy.invoke(MethodProxy.java:218), org.springframework.aop.framework.CglibAopProxy$CglibMethodInvocation.invokeJoinpoint(CglibAopProxy.java:749), org.springframework.aop.framework.ReflectiveMethodInvocation.proceed(ReflectiveMethodInvocation.java:163), org.springframework.aop.framework.adapter.AfterReturningAdviceInterceptor.invoke(AfterReturningAdviceInterceptor.java:55), org.springframework.aop.framework.ReflectiveMethodInvocation.proceed(ReflectiveMethodInvocation.java:186), org.springframework.aop.aspectj.AspectJAfterThrowingAdvice.invoke(AspectJAfterThrowingAdvice.java:62), org.springframework.aop.framework.ReflectiveMethodInvocation.proceed(ReflectiveMethodInvocation.java:186), org.springframework.aop.interceptor.ExposeInvocationInterceptor.invoke(ExposeInvocationInterceptor.java:93), org.springframework.aop.framework.ReflectiveMethodInvocation.proceed(ReflectiveMethodInvocation.java:186), org.springframework.aop.framework.CglibAopProxy$DynamicAdvisedInterceptor.intercept(CglibAopProxy.java:688), com.intellect.contextual.service.decisionparams.DecisionService$$EnhancerBySpringCGLIB$$15f3fc2b.decisionParamProcessor(<generated>), com.intellect.contextual.service.decisionparams.DecisionHandler.execute(DecisionHandler.java:65), com.intellect.contextual.service.decisionparams.DecisionHandler$$FastClassBySpringCGLIB$$544e4ddd.invoke(<generated>), org.springframework.cglib.proxy.MethodProxy.invoke(MethodProxy.java:218), org.springframework.aop.framework.CglibAopProxy$CglibMethodInvocation.invokeJoinpoint(CglibAopProxy.java:749), org.springframework.aop.framework.ReflectiveMethodInvocation.proceed(ReflectiveMethodInvocation.java:163), org.springframework.aop.framework.adapter.AfterReturningAdviceInterceptor.invoke(AfterReturningAdviceInterceptor.java:55), org.springframework.aop.framework.ReflectiveMethodInvocation.proceed(ReflectiveMethodInvocation.java:186), org.springframework.aop.aspectj.AspectJAfterThrowingAdvice.invoke(AspectJAfterThrowingAdvice.java:62), org.springframework.aop.framework.ReflectiveMethodInvocation.proceed(ReflectiveMethodInvocation.java:186), org.springframework.aop.interceptor.ExposeInvocationInterceptor.invoke(ExposeInvocationInterceptor.java:93), org.springframework.aop.framework.ReflectiveMethodInvocation.proceed(ReflectiveMethodInvocation.java:186), org.springframework.aop.framework.CglibAopProxy$DynamicAdvisedInterceptor.intercept(CglibAopProxy.java:688), com.intellect.contextual.service.decisionparams.DecisionHandler$$EnhancerBySpringCGLIB$$b1cb330a.execute(<generated>), com.intellect.contextual.service.orchestrator.GetRecommendationOrchestrator.execute(GetRecommendationOrchestrator.java:65), com.intellect.contextual.service.orchestrator.GetRecommendationOrchestrator$$FastClassBySpringCGLIB$$e224a390.invoke(<generated>), org.springframework.cglib.proxy.MethodProxy.invoke(MethodProxy.java:218), org.springframework.aop.framework.CglibAopProxy$CglibMethodInvocation.invokeJoinpoint(CglibAopProxy.java:749), org.springframework.aop.framework.ReflectiveMethodInvocation.proceed(ReflectiveMethodInvocation.java:163), org.springframework.aop.framework.adapter.AfterReturningAdviceInterceptor.invoke(AfterReturningAdviceInterceptor.java:55), org.springframework.aop.framework.ReflectiveMethodInvocation.proceed(ReflectiveMethodInvocation.java:186), org.springframework.aop.aspectj.AspectJAfterThrowingAdvice.invoke(AspectJAfterThrowingAdvice.java:62), org.springframework.aop.framework.ReflectiveMethodInvocation.proceed(ReflectiveMethodInvocation.java:186), org.springframework.aop.interceptor.ExposeInvocationInterceptor.invoke(ExposeInvocationInterceptor.java:93), org.springframework.aop.framework.ReflectiveMethodInvocation.proceed(ReflectiveMethod')
,('210127-08243051-8e5d004189','837937620','2021-01-27 20:32:22.839','L3 - DECISION-HANDLER','S1 - ENRICH-OFFERING-DECISION-PARAM','Y','null','Unable to process the offering list. Please verify the config','[com.intellect.contextual.service.decisionparams.DecisionService.decisionParamProcessor(DecisionService.java:180), com.intellect.contextual.service.decisionparams.DecisionService$$FastClassBySpringCGLIB$$a146bd48.invoke(<generated>), org.springframework.cglib.proxy.MethodProxy.invoke(MethodProxy.java:218), org.springframework.aop.framework.CglibAopProxy$CglibMethodInvocation.invokeJoinpoint(CglibAopProxy.java:749), org.springframework.aop.framework.ReflectiveMethodInvocation.proceed(ReflectiveMethodInvocation.java:163), org.springframework.aop.framework.adapter.AfterReturningAdviceInterceptor.invoke(AfterReturningAdviceInterceptor.java:55), org.springframework.aop.framework.ReflectiveMethodInvocation.proceed(ReflectiveMethodInvocation.java:186), org.springframework.aop.aspectj.AspectJAfterThrowingAdvice.invoke(AspectJAfterThrowingAdvice.java:62), org.springframework.aop.framework.ReflectiveMethodInvocation.proceed(ReflectiveMethodInvocation.java:186), org.springframework.aop.interceptor.ExposeInvocationInterceptor.invoke(ExposeInvocationInterceptor.java:93), org.springframework.aop.framework.ReflectiveMethodInvocation.proceed(ReflectiveMethodInvocation.java:186), org.springframework.aop.framework.CglibAopProxy$DynamicAdvisedInterceptor.intercept(CglibAopProxy.java:688), com.intellect.contextual.service.decisionparams.DecisionService$$EnhancerBySpringCGLIB$$15f3fc2b.decisionParamProcessor(<generated>), com.intellect.contextual.service.decisionparams.DecisionHandler.execute(DecisionHandler.java:65), com.intellect.contextual.service.decisionparams.DecisionHandler$$FastClassBySpringCGLIB$$544e4ddd.invoke(<generated>), org.springframework.cglib.proxy.MethodProxy.invoke(MethodProxy.java:218), org.springframework.aop.framework.CglibAopProxy$CglibMethodInvocation.invokeJoinpoint(CglibAopProxy.java:749), org.springframework.aop.framework.ReflectiveMethodInvocation.proceed(ReflectiveMethodInvocation.java:163), org.springframework.aop.framework.adapter.AfterReturningAdviceInterceptor.invoke(AfterReturningAdviceInterceptor.java:55), org.springframework.aop.framework.ReflectiveMethodInvocation.proceed(ReflectiveMethodInvocation.java:186), org.springframework.aop.aspectj.AspectJAfterThrowingAdvice.invoke(AspectJAfterThrowingAdvice.java:62), org.springframework.aop.framework.ReflectiveMethodInvocation.proceed(ReflectiveMethodInvocation.java:186), org.springframework.aop.interceptor.ExposeInvocationInterceptor.invoke(ExposeInvocationInterceptor.java:93), org.springframework.aop.framework.ReflectiveMethodInvocation.proceed(ReflectiveMethodInvocation.java:186), org.springframework.aop.framework.CglibAopProxy$DynamicAdvisedInterceptor.intercept(CglibAopProxy.java:688), com.intellect.contextual.service.decisionparams.DecisionHandler$$EnhancerBySpringCGLIB$$b1cb330a.execute(<generated>), com.intellect.contextual.service.orchestrator.GetRecommendationOrchestrator.execute(GetRecommendationOrchestrator.java:65), com.intellect.contextual.service.orchestrator.GetRecommendationOrchestrator$$FastClassBySpringCGLIB$$e224a390.invoke(<generated>), org.springframework.cglib.proxy.MethodProxy.invoke(MethodProxy.java:218), org.springframework.aop.framework.CglibAopProxy$CglibMethodInvocation.invokeJoinpoint(CglibAopProxy.java:749), org.springframework.aop.framework.ReflectiveMethodInvocation.proceed(ReflectiveMethodInvocation.java:163), org.springframework.aop.framework.adapter.AfterReturningAdviceInterceptor.invoke(AfterReturningAdviceInterceptor.java:55), org.springframework.aop.framework.ReflectiveMethodInvocation.proceed(ReflectiveMethodInvocation.java:186), org.springframework.aop.aspectj.AspectJAfterThrowingAdvice.invoke(AspectJAfterThrowingAdvice.java:62), org.springframework.aop.framework.ReflectiveMethodInvocation.proceed(ReflectiveMethodInvocation.java:186), org.springframework.aop.interceptor.ExposeInvocationInterceptor.invoke(ExposeInvocationInterceptor.java:93), org.springframework.aop.framework.ReflectiveMethodInvocation.proceed(ReflectiveMethod')
;
INSERT INTO "CP".icp_exception_log (api_cp_reference_id,api_channel_request_id,api_date_time,api_layer,api_stage,api_fine_grain,api_payload,api_error_msg,api_error_trace) VALUES 
(NULL,NULL,'2021-01-27 20:32:23.589',NULL,NULL,NULL,'','Unable to process the offering list. Please verify the config','[com.intellect.contextual.service.decisionparams.DecisionService.decisionParamProcessor(DecisionService.java:180), com.intellect.contextual.service.decisionparams.DecisionService$$FastClassBySpringCGLIB$$a146bd48.invoke(<generated>), org.springframework.cglib.proxy.MethodProxy.invoke(MethodProxy.java:218), org.springframework.aop.framework.CglibAopProxy$CglibMethodInvocation.invokeJoinpoint(CglibAopProxy.java:749), org.springframework.aop.framework.ReflectiveMethodInvocation.proceed(ReflectiveMethodInvocation.java:163), org.springframework.aop.framework.adapter.AfterReturningAdviceInterceptor.invoke(AfterReturningAdviceInterceptor.java:55), org.springframework.aop.framework.ReflectiveMethodInvocation.proceed(ReflectiveMethodInvocation.java:186), org.springframework.aop.aspectj.AspectJAfterThrowingAdvice.invoke(AspectJAfterThrowingAdvice.java:62), org.springframework.aop.framework.ReflectiveMethodInvocation.proceed(ReflectiveMethodInvocation.java:186), org.springframework.aop.interceptor.ExposeInvocationInterceptor.invoke(ExposeInvocationInterceptor.java:93), org.springframework.aop.framework.ReflectiveMethodInvocation.proceed(ReflectiveMethodInvocation.java:186), org.springframework.aop.framework.CglibAopProxy$DynamicAdvisedInterceptor.intercept(CglibAopProxy.java:688), com.intellect.contextual.service.decisionparams.DecisionService$$EnhancerBySpringCGLIB$$15f3fc2b.decisionParamProcessor(<generated>), com.intellect.contextual.service.decisionparams.DecisionHandler.execute(DecisionHandler.java:65), com.intellect.contextual.service.decisionparams.DecisionHandler$$FastClassBySpringCGLIB$$544e4ddd.invoke(<generated>), org.springframework.cglib.proxy.MethodProxy.invoke(MethodProxy.java:218), org.springframework.aop.framework.CglibAopProxy$CglibMethodInvocation.invokeJoinpoint(CglibAopProxy.java:749), org.springframework.aop.framework.ReflectiveMethodInvocation.proceed(ReflectiveMethodInvocation.java:163), org.springframework.aop.framework.adapter.AfterReturningAdviceInterceptor.invoke(AfterReturningAdviceInterceptor.java:55), org.springframework.aop.framework.ReflectiveMethodInvocation.proceed(ReflectiveMethodInvocation.java:186), org.springframework.aop.aspectj.AspectJAfterThrowingAdvice.invoke(AspectJAfterThrowingAdvice.java:62), org.springframework.aop.framework.ReflectiveMethodInvocation.proceed(ReflectiveMethodInvocation.java:186), org.springframework.aop.interceptor.ExposeInvocationInterceptor.invoke(ExposeInvocationInterceptor.java:93), org.springframework.aop.framework.ReflectiveMethodInvocation.proceed(ReflectiveMethodInvocation.java:186), org.springframework.aop.framework.CglibAopProxy$DynamicAdvisedInterceptor.intercept(CglibAopProxy.java:688), com.intellect.contextual.service.decisionparams.DecisionHandler$$EnhancerBySpringCGLIB$$b1cb330a.execute(<generated>), com.intellect.contextual.service.orchestrator.GetRecommendationOrchestrator.execute(GetRecommendationOrchestrator.java:65), com.intellect.contextual.service.orchestrator.GetRecommendationOrchestrator$$FastClassBySpringCGLIB$$e224a390.invoke(<generated>), org.springframework.cglib.proxy.MethodProxy.invoke(MethodProxy.java:218), org.springframework.aop.framework.CglibAopProxy$CglibMethodInvocation.invokeJoinpoint(CglibAopProxy.java:749), org.springframework.aop.framework.ReflectiveMethodInvocation.proceed(ReflectiveMethodInvocation.java:163), org.springframework.aop.framework.adapter.AfterReturningAdviceInterceptor.invoke(AfterReturningAdviceInterceptor.java:55), org.springframework.aop.framework.ReflectiveMethodInvocation.proceed(ReflectiveMethodInvocation.java:186), org.springframework.aop.aspectj.AspectJAfterThrowingAdvice.invoke(AspectJAfterThrowingAdvice.java:62), org.springframework.aop.framework.ReflectiveMethodInvocation.proceed(ReflectiveMethodInvocation.java:186), org.springframework.aop.interceptor.ExposeInvocationInterceptor.invoke(ExposeInvocationInterceptor.java:93), org.springframework.aop.framework.ReflectiveMethodInvocation.proceed(ReflectiveMethod')
,('210127-08243051-8e5d004189','837937620','2021-01-27 20:32:18.597','L3 - DECISION-HANDLER','S1 - ENRICH-OFFERING-DECISION-PARAM','Y','null','json string can not be null or empty','[com.jayway.jsonpath.internal.Utils.notEmpty(Utils.java:386), com.jayway.jsonpath.internal.ParseContextImpl.parse(ParseContextImpl.java:36), com.jayway.jsonpath.JsonPath.read(JsonPath.java:502), com.intellect.contextual.util.common.CommonUtil.searchInRequestBodyForPath(CommonUtil.java:85), com.intellect.contextual.util.process.DynamicAPIUtil.lambda$getApiData$3(DynamicAPIUtil.java:132), java.util.ArrayList.forEach(ArrayList.java:1249), com.intellect.contextual.util.process.DynamicAPIUtil.getApiData(DynamicAPIUtil.java:132), com.intellect.contextual.util.process.DynamicAPIUtil.getAPIDataString(DynamicAPIUtil.java:173), com.intellect.contextual.util.process.DynamicAPIUtil$$FastClassBySpringCGLIB$$f6aea0c6.invoke(<generated>), org.springframework.cglib.proxy.MethodProxy.invoke(MethodProxy.java:218), org.springframework.aop.framework.CglibAopProxy$CglibMethodInvocation.invokeJoinpoint(CglibAopProxy.java:749), org.springframework.aop.framework.ReflectiveMethodInvocation.proceed(ReflectiveMethodInvocation.java:163), org.springframework.aop.framework.adapter.AfterReturningAdviceInterceptor.invoke(AfterReturningAdviceInterceptor.java:55), org.springframework.aop.framework.ReflectiveMethodInvocation.proceed(ReflectiveMethodInvocation.java:186), org.springframework.aop.aspectj.AspectJAfterThrowingAdvice.invoke(AspectJAfterThrowingAdvice.java:62), org.springframework.aop.framework.ReflectiveMethodInvocation.proceed(ReflectiveMethodInvocation.java:186), org.springframework.aop.interceptor.ExposeInvocationInterceptor.invoke(ExposeInvocationInterceptor.java:93), org.springframework.aop.framework.ReflectiveMethodInvocation.proceed(ReflectiveMethodInvocation.java:186), org.springframework.aop.framework.CglibAopProxy$DynamicAdvisedInterceptor.intercept(CglibAopProxy.java:688), com.intellect.contextual.util.process.DynamicAPIUtil$$EnhancerBySpringCGLIB$$bf3ec565.getAPIDataString(<generated>), com.intellect.contextual.util.process.RuleEngineConfig.lambda$channelType$16(RuleEngineConfig.java:183), com.intellect.contextual.util.process.ERule.enrichFinalValue(ERule.java:193), com.intellect.contextual.util.process.ERule.enrichData(ERule.java:104), com.intellect.contextual.util.process.ERule$$FastClassBySpringCGLIB$$a6bd7a18.invoke(<generated>), org.springframework.cglib.proxy.MethodProxy.invoke(MethodProxy.java:218), org.springframework.aop.framework.CglibAopProxy$CglibMethodInvocation.invokeJoinpoint(CglibAopProxy.java:749), org.springframework.aop.framework.ReflectiveMethodInvocation.proceed(ReflectiveMethodInvocation.java:163), org.springframework.aop.framework.adapter.AfterReturningAdviceInterceptor.invoke(AfterReturningAdviceInterceptor.java:55), org.springframework.aop.framework.ReflectiveMethodInvocation.proceed(ReflectiveMethodInvocation.java:186), org.springframework.aop.aspectj.AspectJAfterThrowingAdvice.invoke(AspectJAfterThrowingAdvice.java:62), org.springframework.aop.framework.ReflectiveMethodInvocation.proceed(ReflectiveMethodInvocation.java:186), org.springframework.aop.interceptor.ExposeInvocationInterceptor.invoke(ExposeInvocationInterceptor.java:93), org.springframework.aop.framework.ReflectiveMethodInvocation.proceed(ReflectiveMethodInvocation.java:186), org.springframework.aop.framework.CglibAopProxy$DynamicAdvisedInterceptor.intercept(CglibAopProxy.java:688), com.intellect.contextual.util.process.ERule$$EnhancerBySpringCGLIB$$66ccb49b.enrichData(<generated>), com.intellect.contextual.service.decisionparams.DecisionService.lambda$null$9(DecisionService.java:131), java.util.ArrayList.forEach(ArrayList.java:1249), com.intellect.contextual.service.decisionparams.DecisionService.lambda$decisionParamProcessor$10(DecisionService.java:110), com.intellect.contextual.service.decisionparams.DecisionService.lambda$null$12(DecisionService.java:163), java.util.concurrent.FutureTask.run(FutureTask.java:266), java.util.concurrent.ThreadPoolExecutor.runWorker(ThreadPoolExecutor.java:1149), java.util.concurrent.ThreadPoolExecutor$Worker.run(Thr')
,('210127-08243051-8e5d004189','837937620','2021-01-27 20:32:19.740','L3 - DECISION-HANDLER','S1 - ENRICH-OFFERING-DECISION-PARAM','Y','null','json string can not be null or empty','[com.jayway.jsonpath.internal.Utils.notEmpty(Utils.java:386), com.jayway.jsonpath.internal.ParseContextImpl.parse(ParseContextImpl.java:36), com.jayway.jsonpath.JsonPath.read(JsonPath.java:502), com.intellect.contextual.util.common.CommonUtil.searchInRequestBodyForPath(CommonUtil.java:85), com.intellect.contextual.util.process.DynamicAPIUtil.lambda$getApiData$3(DynamicAPIUtil.java:132), java.util.ArrayList.forEach(ArrayList.java:1249), com.intellect.contextual.util.process.DynamicAPIUtil.getApiData(DynamicAPIUtil.java:132), com.intellect.contextual.util.process.DynamicAPIUtil.getAPIDataString(DynamicAPIUtil.java:173), com.intellect.contextual.util.process.DynamicAPIUtil$$FastClassBySpringCGLIB$$f6aea0c6.invoke(<generated>), org.springframework.cglib.proxy.MethodProxy.invoke(MethodProxy.java:218), org.springframework.aop.framework.CglibAopProxy$CglibMethodInvocation.invokeJoinpoint(CglibAopProxy.java:749), org.springframework.aop.framework.ReflectiveMethodInvocation.proceed(ReflectiveMethodInvocation.java:163), org.springframework.aop.framework.adapter.AfterReturningAdviceInterceptor.invoke(AfterReturningAdviceInterceptor.java:55), org.springframework.aop.framework.ReflectiveMethodInvocation.proceed(ReflectiveMethodInvocation.java:186), org.springframework.aop.aspectj.AspectJAfterThrowingAdvice.invoke(AspectJAfterThrowingAdvice.java:62), org.springframework.aop.framework.ReflectiveMethodInvocation.proceed(ReflectiveMethodInvocation.java:186), org.springframework.aop.interceptor.ExposeInvocationInterceptor.invoke(ExposeInvocationInterceptor.java:93), org.springframework.aop.framework.ReflectiveMethodInvocation.proceed(ReflectiveMethodInvocation.java:186), org.springframework.aop.framework.CglibAopProxy$DynamicAdvisedInterceptor.intercept(CglibAopProxy.java:688), com.intellect.contextual.util.process.DynamicAPIUtil$$EnhancerBySpringCGLIB$$bf3ec565.getAPIDataString(<generated>), com.intellect.contextual.util.process.RuleEngineConfig.lambda$channelType$16(RuleEngineConfig.java:183), com.intellect.contextual.util.process.ERule.enrichFinalValue(ERule.java:193), com.intellect.contextual.util.process.ERule.enrichData(ERule.java:104), com.intellect.contextual.util.process.ERule$$FastClassBySpringCGLIB$$a6bd7a18.invoke(<generated>), org.springframework.cglib.proxy.MethodProxy.invoke(MethodProxy.java:218), org.springframework.aop.framework.CglibAopProxy$CglibMethodInvocation.invokeJoinpoint(CglibAopProxy.java:749), org.springframework.aop.framework.ReflectiveMethodInvocation.proceed(ReflectiveMethodInvocation.java:163), org.springframework.aop.framework.adapter.AfterReturningAdviceInterceptor.invoke(AfterReturningAdviceInterceptor.java:55), org.springframework.aop.framework.ReflectiveMethodInvocation.proceed(ReflectiveMethodInvocation.java:186), org.springframework.aop.aspectj.AspectJAfterThrowingAdvice.invoke(AspectJAfterThrowingAdvice.java:62), org.springframework.aop.framework.ReflectiveMethodInvocation.proceed(ReflectiveMethodInvocation.java:186), org.springframework.aop.interceptor.ExposeInvocationInterceptor.invoke(ExposeInvocationInterceptor.java:93), org.springframework.aop.framework.ReflectiveMethodInvocation.proceed(ReflectiveMethodInvocation.java:186), org.springframework.aop.framework.CglibAopProxy$DynamicAdvisedInterceptor.intercept(CglibAopProxy.java:688), com.intellect.contextual.util.process.ERule$$EnhancerBySpringCGLIB$$66ccb49b.enrichData(<generated>), com.intellect.contextual.service.decisionparams.DecisionService.lambda$null$9(DecisionService.java:131), java.util.ArrayList.forEach(ArrayList.java:1249), com.intellect.contextual.service.decisionparams.DecisionService.lambda$decisionParamProcessor$10(DecisionService.java:110), com.intellect.contextual.service.decisionparams.DecisionService.lambda$null$12(DecisionService.java:163), java.util.concurrent.FutureTask.run(FutureTask.java:266), java.util.concurrent.ThreadPoolExecutor.runWorker(ThreadPoolExecutor.java:1149), java.util.concurrent.ThreadPoolExecutor$Worker.run(Thr')
,('210127-08243051-8e5d004189','837937620','2021-01-27 20:32:20.951','L3 - DECISION-HANDLER','S1 - ENRICH-OFFERING-DECISION-PARAM','Y','null','json string can not be null or empty','[com.jayway.jsonpath.internal.Utils.notEmpty(Utils.java:386), com.jayway.jsonpath.internal.ParseContextImpl.parse(ParseContextImpl.java:36), com.jayway.jsonpath.JsonPath.read(JsonPath.java:502), com.intellect.contextual.util.common.CommonUtil.searchInRequestBodyForPath(CommonUtil.java:85), com.intellect.contextual.util.process.DynamicAPIUtil.lambda$getApiData$3(DynamicAPIUtil.java:132), java.util.ArrayList.forEach(ArrayList.java:1249), com.intellect.contextual.util.process.DynamicAPIUtil.getApiData(DynamicAPIUtil.java:132), com.intellect.contextual.util.process.DynamicAPIUtil.getAPIDataString(DynamicAPIUtil.java:173), com.intellect.contextual.util.process.DynamicAPIUtil$$FastClassBySpringCGLIB$$f6aea0c6.invoke(<generated>), org.springframework.cglib.proxy.MethodProxy.invoke(MethodProxy.java:218), org.springframework.aop.framework.CglibAopProxy$CglibMethodInvocation.invokeJoinpoint(CglibAopProxy.java:749), org.springframework.aop.framework.ReflectiveMethodInvocation.proceed(ReflectiveMethodInvocation.java:163), org.springframework.aop.framework.adapter.AfterReturningAdviceInterceptor.invoke(AfterReturningAdviceInterceptor.java:55), org.springframework.aop.framework.ReflectiveMethodInvocation.proceed(ReflectiveMethodInvocation.java:186), org.springframework.aop.aspectj.AspectJAfterThrowingAdvice.invoke(AspectJAfterThrowingAdvice.java:62), org.springframework.aop.framework.ReflectiveMethodInvocation.proceed(ReflectiveMethodInvocation.java:186), org.springframework.aop.interceptor.ExposeInvocationInterceptor.invoke(ExposeInvocationInterceptor.java:93), org.springframework.aop.framework.ReflectiveMethodInvocation.proceed(ReflectiveMethodInvocation.java:186), org.springframework.aop.framework.CglibAopProxy$DynamicAdvisedInterceptor.intercept(CglibAopProxy.java:688), com.intellect.contextual.util.process.DynamicAPIUtil$$EnhancerBySpringCGLIB$$bf3ec565.getAPIDataString(<generated>), com.intellect.contextual.util.process.RuleEngineConfig.lambda$channelType$16(RuleEngineConfig.java:183), com.intellect.contextual.util.process.ERule.enrichFinalValue(ERule.java:193), com.intellect.contextual.util.process.ERule.enrichData(ERule.java:104), com.intellect.contextual.util.process.ERule$$FastClassBySpringCGLIB$$a6bd7a18.invoke(<generated>), org.springframework.cglib.proxy.MethodProxy.invoke(MethodProxy.java:218), org.springframework.aop.framework.CglibAopProxy$CglibMethodInvocation.invokeJoinpoint(CglibAopProxy.java:749), org.springframework.aop.framework.ReflectiveMethodInvocation.proceed(ReflectiveMethodInvocation.java:163), org.springframework.aop.framework.adapter.AfterReturningAdviceInterceptor.invoke(AfterReturningAdviceInterceptor.java:55), org.springframework.aop.framework.ReflectiveMethodInvocation.proceed(ReflectiveMethodInvocation.java:186), org.springframework.aop.aspectj.AspectJAfterThrowingAdvice.invoke(AspectJAfterThrowingAdvice.java:62), org.springframework.aop.framework.ReflectiveMethodInvocation.proceed(ReflectiveMethodInvocation.java:186), org.springframework.aop.interceptor.ExposeInvocationInterceptor.invoke(ExposeInvocationInterceptor.java:93), org.springframework.aop.framework.ReflectiveMethodInvocation.proceed(ReflectiveMethodInvocation.java:186), org.springframework.aop.framework.CglibAopProxy$DynamicAdvisedInterceptor.intercept(CglibAopProxy.java:688), com.intellect.contextual.util.process.ERule$$EnhancerBySpringCGLIB$$66ccb49b.enrichData(<generated>), com.intellect.contextual.service.decisionparams.DecisionService.lambda$null$9(DecisionService.java:131), java.util.ArrayList.forEach(ArrayList.java:1249), com.intellect.contextual.service.decisionparams.DecisionService.lambda$decisionParamProcessor$10(DecisionService.java:110), com.intellect.contextual.service.decisionparams.DecisionService.lambda$null$12(DecisionService.java:163), java.util.concurrent.FutureTask.run(FutureTask.java:266), java.util.concurrent.ThreadPoolExecutor.runWorker(ThreadPoolExecutor.java:1149), java.util.concurrent.ThreadPoolExecutor$Worker.run(Thr')
,(NULL,NULL,'2021-01-29 00:08:30.299',NULL,NULL,NULL,'','ORIGINAL REQUEST ID MISSING','[com.intellect.contextual.service.orchestrator.SelectedSaveRecommendationOrchestrator.execute(SelectedSaveRecommendationOrchestrator.java:140), com.intellect.contextual.service.orchestrator.SelectedSaveRecommendationOrchestrator$$FastClassBySpringCGLIB$$63163ce4.invoke(<generated>), org.springframework.cglib.proxy.MethodProxy.invoke(MethodProxy.java:218), org.springframework.aop.framework.CglibAopProxy$CglibMethodInvocation.invokeJoinpoint(CglibAopProxy.java:749), org.springframework.aop.framework.ReflectiveMethodInvocation.proceed(ReflectiveMethodInvocation.java:163), org.springframework.aop.framework.adapter.AfterReturningAdviceInterceptor.invoke(AfterReturningAdviceInterceptor.java:55), org.springframework.aop.framework.ReflectiveMethodInvocation.proceed(ReflectiveMethodInvocation.java:186), org.springframework.aop.aspectj.AspectJAfterThrowingAdvice.invoke(AspectJAfterThrowingAdvice.java:62), org.springframework.aop.framework.ReflectiveMethodInvocation.proceed(ReflectiveMethodInvocation.java:186), org.springframework.aop.interceptor.ExposeInvocationInterceptor.invoke(ExposeInvocationInterceptor.java:93), org.springframework.aop.framework.ReflectiveMethodInvocation.proceed(ReflectiveMethodInvocation.java:186), org.springframework.aop.framework.CglibAopProxy$DynamicAdvisedInterceptor.intercept(CglibAopProxy.java:688), com.intellect.contextual.service.orchestrator.SelectedSaveRecommendationOrchestrator$$EnhancerBySpringCGLIB$$eaabc382.execute(<generated>), com.intellect.contextual.controller.ContextualUpstreamController.upStreamRequestHandler(ContextualUpstreamController.java:169), com.intellect.contextual.controller.ContextualUpstreamController$$FastClassBySpringCGLIB$$29c21518.invoke(<generated>), org.springframework.cglib.proxy.MethodProxy.invoke(MethodProxy.java:218), org.springframework.aop.framework.CglibAopProxy$CglibMethodInvocation.invokeJoinpoint(CglibAopProxy.java:749), org.springframework.aop.framework.ReflectiveMethodInvocation.proceed(ReflectiveMethodInvocation.java:163), org.springframework.aop.framework.adapter.AfterReturningAdviceInterceptor.invoke(AfterReturningAdviceInterceptor.java:55), org.springframework.aop.framework.ReflectiveMethodInvocation.proceed(ReflectiveMethodInvocation.java:186), org.springframework.aop.interceptor.ExposeInvocationInterceptor.invoke(ExposeInvocationInterceptor.java:93), org.springframework.aop.framework.ReflectiveMethodInvocation.proceed(ReflectiveMethodInvocation.java:186), org.springframework.aop.framework.CglibAopProxy$DynamicAdvisedInterceptor.intercept(CglibAopProxy.java:688), com.intellect.contextual.controller.ContextualUpstreamController$$EnhancerBySpringCGLIB$$501da2ee.upStreamRequestHandler(<generated>), sun.reflect.NativeMethodAccessorImpl.invoke0(Native Method), sun.reflect.NativeMethodAccessorImpl.invoke(NativeMethodAccessorImpl.java:62), sun.reflect.DelegatingMethodAccessorImpl.invoke(DelegatingMethodAccessorImpl.java:43), java.lang.reflect.Method.invoke(Method.java:498), org.springframework.web.method.support.InvocableHandlerMethod.doInvoke(InvocableHandlerMethod.java:190), org.springframework.web.method.support.InvocableHandlerMethod.invokeForRequest(InvocableHandlerMethod.java:138), org.springframework.web.servlet.mvc.method.annotation.ServletInvocableHandlerMethod.invokeAndHandle(ServletInvocableHandlerMethod.java:104), org.springframework.web.servlet.mvc.method.annotation.RequestMappingHandlerAdapter.invokeHandlerMethod(RequestMappingHandlerAdapter.java:892), org.springframework.web.servlet.mvc.method.annotation.RequestMappingHandlerAdapter.handleInternal(RequestMappingHandlerAdapter.java:797), org.springframework.web.servlet.mvc.method.AbstractHandlerMethodAdapter.handle(AbstractHandlerMethodAdapter.java:87), org.springframework.web.servlet.DispatcherServlet.doDispatch(DispatcherServlet.java:1039), org.springframework.web.servlet.DispatcherServlet.doService(DispatcherServlet.java:942), org.springframework.web.servlet.FrameworkServlet.processRequest(Framework')
,(NULL,NULL,'2021-01-29 00:08:46.118',NULL,NULL,NULL,'','ORIGINAL REQUEST ID MISSING','[com.intellect.contextual.service.orchestrator.SelectedSaveRecommendationOrchestrator.execute(SelectedSaveRecommendationOrchestrator.java:140), com.intellect.contextual.service.orchestrator.SelectedSaveRecommendationOrchestrator$$FastClassBySpringCGLIB$$63163ce4.invoke(<generated>), org.springframework.cglib.proxy.MethodProxy.invoke(MethodProxy.java:218), org.springframework.aop.framework.CglibAopProxy$CglibMethodInvocation.invokeJoinpoint(CglibAopProxy.java:749), org.springframework.aop.framework.ReflectiveMethodInvocation.proceed(ReflectiveMethodInvocation.java:163), org.springframework.aop.framework.adapter.AfterReturningAdviceInterceptor.invoke(AfterReturningAdviceInterceptor.java:55), org.springframework.aop.framework.ReflectiveMethodInvocation.proceed(ReflectiveMethodInvocation.java:186), org.springframework.aop.aspectj.AspectJAfterThrowingAdvice.invoke(AspectJAfterThrowingAdvice.java:62), org.springframework.aop.framework.ReflectiveMethodInvocation.proceed(ReflectiveMethodInvocation.java:186), org.springframework.aop.interceptor.ExposeInvocationInterceptor.invoke(ExposeInvocationInterceptor.java:93), org.springframework.aop.framework.ReflectiveMethodInvocation.proceed(ReflectiveMethodInvocation.java:186), org.springframework.aop.framework.CglibAopProxy$DynamicAdvisedInterceptor.intercept(CglibAopProxy.java:688), com.intellect.contextual.service.orchestrator.SelectedSaveRecommendationOrchestrator$$EnhancerBySpringCGLIB$$eaabc382.execute(<generated>), com.intellect.contextual.controller.ContextualUpstreamController.upStreamRequestHandler(ContextualUpstreamController.java:169), com.intellect.contextual.controller.ContextualUpstreamController$$FastClassBySpringCGLIB$$29c21518.invoke(<generated>), org.springframework.cglib.proxy.MethodProxy.invoke(MethodProxy.java:218), org.springframework.aop.framework.CglibAopProxy$CglibMethodInvocation.invokeJoinpoint(CglibAopProxy.java:749), org.springframework.aop.framework.ReflectiveMethodInvocation.proceed(ReflectiveMethodInvocation.java:163), org.springframework.aop.framework.adapter.AfterReturningAdviceInterceptor.invoke(AfterReturningAdviceInterceptor.java:55), org.springframework.aop.framework.ReflectiveMethodInvocation.proceed(ReflectiveMethodInvocation.java:186), org.springframework.aop.interceptor.ExposeInvocationInterceptor.invoke(ExposeInvocationInterceptor.java:93), org.springframework.aop.framework.ReflectiveMethodInvocation.proceed(ReflectiveMethodInvocation.java:186), org.springframework.aop.framework.CglibAopProxy$DynamicAdvisedInterceptor.intercept(CglibAopProxy.java:688), com.intellect.contextual.controller.ContextualUpstreamController$$EnhancerBySpringCGLIB$$501da2ee.upStreamRequestHandler(<generated>), sun.reflect.NativeMethodAccessorImpl.invoke0(Native Method), sun.reflect.NativeMethodAccessorImpl.invoke(NativeMethodAccessorImpl.java:62), sun.reflect.DelegatingMethodAccessorImpl.invoke(DelegatingMethodAccessorImpl.java:43), java.lang.reflect.Method.invoke(Method.java:498), org.springframework.web.method.support.InvocableHandlerMethod.doInvoke(InvocableHandlerMethod.java:190), org.springframework.web.method.support.InvocableHandlerMethod.invokeForRequest(InvocableHandlerMethod.java:138), org.springframework.web.servlet.mvc.method.annotation.ServletInvocableHandlerMethod.invokeAndHandle(ServletInvocableHandlerMethod.java:104), org.springframework.web.servlet.mvc.method.annotation.RequestMappingHandlerAdapter.invokeHandlerMethod(RequestMappingHandlerAdapter.java:892), org.springframework.web.servlet.mvc.method.annotation.RequestMappingHandlerAdapter.handleInternal(RequestMappingHandlerAdapter.java:797), org.springframework.web.servlet.mvc.method.AbstractHandlerMethodAdapter.handle(AbstractHandlerMethodAdapter.java:87), org.springframework.web.servlet.DispatcherServlet.doDispatch(DispatcherServlet.java:1039), org.springframework.web.servlet.DispatcherServlet.doService(DispatcherServlet.java:942), org.springframework.web.servlet.FrameworkServlet.processRequest(Framework')
,('210222-12244413-9d40a24e1e','837937620','2021-02-22 12:47:11.014','L3 - DECISION-HANDLER','S1 - ENRICH-OFFERING-DECISION-PARAM','Y','null','json string can not be null or empty','[com.jayway.jsonpath.internal.Utils.notEmpty(Utils.java:386), com.jayway.jsonpath.internal.ParseContextImpl.parse(ParseContextImpl.java:36), com.jayway.jsonpath.JsonPath.read(JsonPath.java:502), com.intellect.contextual.util.common.CommonUtil.searchInRequestBodyForPath(CommonUtil.java:85), com.intellect.contextual.util.process.DynamicAPIUtil.lambda$getApiData$3(DynamicAPIUtil.java:132), java.util.ArrayList.forEach(ArrayList.java:1249), com.intellect.contextual.util.process.DynamicAPIUtil.getApiData(DynamicAPIUtil.java:132), com.intellect.contextual.util.process.DynamicAPIUtil.getAPIDataString(DynamicAPIUtil.java:173), com.intellect.contextual.util.process.DynamicAPIUtil$$FastClassBySpringCGLIB$$f6aea0c6.invoke(<generated>), org.springframework.cglib.proxy.MethodProxy.invoke(MethodProxy.java:218), org.springframework.aop.framework.CglibAopProxy$CglibMethodInvocation.invokeJoinpoint(CglibAopProxy.java:749), org.springframework.aop.framework.ReflectiveMethodInvocation.proceed(ReflectiveMethodInvocation.java:163), org.springframework.aop.framework.adapter.AfterReturningAdviceInterceptor.invoke(AfterReturningAdviceInterceptor.java:55), org.springframework.aop.framework.ReflectiveMethodInvocation.proceed(ReflectiveMethodInvocation.java:186), org.springframework.aop.aspectj.AspectJAfterThrowingAdvice.invoke(AspectJAfterThrowingAdvice.java:62), org.springframework.aop.framework.ReflectiveMethodInvocation.proceed(ReflectiveMethodInvocation.java:186), org.springframework.aop.interceptor.ExposeInvocationInterceptor.invoke(ExposeInvocationInterceptor.java:93), org.springframework.aop.framework.ReflectiveMethodInvocation.proceed(ReflectiveMethodInvocation.java:186), org.springframework.aop.framework.CglibAopProxy$DynamicAdvisedInterceptor.intercept(CglibAopProxy.java:688), com.intellect.contextual.util.process.DynamicAPIUtil$$EnhancerBySpringCGLIB$$b3633d7d.getAPIDataString(<generated>), com.intellect.contextual.util.process.RuleEngineConfig.lambda$channelType$16(RuleEngineConfig.java:183), com.intellect.contextual.util.process.ERule.enrichFinalValue(ERule.java:193), com.intellect.contextual.util.process.ERule.enrichData(ERule.java:104), com.intellect.contextual.util.process.ERule$$FastClassBySpringCGLIB$$a6bd7a18.invoke(<generated>), org.springframework.cglib.proxy.MethodProxy.invoke(MethodProxy.java:218), org.springframework.aop.framework.CglibAopProxy$CglibMethodInvocation.invokeJoinpoint(CglibAopProxy.java:749), org.springframework.aop.framework.ReflectiveMethodInvocation.proceed(ReflectiveMethodInvocation.java:163), org.springframework.aop.framework.adapter.AfterReturningAdviceInterceptor.invoke(AfterReturningAdviceInterceptor.java:55), org.springframework.aop.framework.ReflectiveMethodInvocation.proceed(ReflectiveMethodInvocation.java:186), org.springframework.aop.aspectj.AspectJAfterThrowingAdvice.invoke(AspectJAfterThrowingAdvice.java:62), org.springframework.aop.framework.ReflectiveMethodInvocation.proceed(ReflectiveMethodInvocation.java:186), org.springframework.aop.interceptor.ExposeInvocationInterceptor.invoke(ExposeInvocationInterceptor.java:93), org.springframework.aop.framework.ReflectiveMethodInvocation.proceed(ReflectiveMethodInvocation.java:186), org.springframework.aop.framework.CglibAopProxy$DynamicAdvisedInterceptor.intercept(CglibAopProxy.java:688), com.intellect.contextual.util.process.ERule$$EnhancerBySpringCGLIB$$5af12cb3.enrichData(<generated>), com.intellect.contextual.service.decisionparams.DecisionService.lambda$null$9(DecisionService.java:131), java.util.ArrayList.forEach(ArrayList.java:1249), com.intellect.contextual.service.decisionparams.DecisionService.lambda$decisionParamProcessor$10(DecisionService.java:110), com.intellect.contextual.service.decisionparams.DecisionService.lambda$null$12(DecisionService.java:163), java.util.concurrent.FutureTask.run(FutureTask.java:266), java.util.concurrent.ThreadPoolExecutor.runWorker(ThreadPoolExecutor.java:1149), java.util.concurrent.ThreadPoolExecutor$Worker.run(Thr')
,('210222-12244413-9d40a24e1e','837937620','2021-02-22 12:47:12.073','L3 - DECISION-HANDLER','S1 - ENRICH-OFFERING-DECISION-PARAM','Y','null','json string can not be null or empty','[com.jayway.jsonpath.internal.Utils.notEmpty(Utils.java:386), com.jayway.jsonpath.internal.ParseContextImpl.parse(ParseContextImpl.java:36), com.jayway.jsonpath.JsonPath.read(JsonPath.java:502), com.intellect.contextual.util.common.CommonUtil.searchInRequestBodyForPath(CommonUtil.java:85), com.intellect.contextual.util.process.DynamicAPIUtil.lambda$getApiData$3(DynamicAPIUtil.java:132), java.util.ArrayList.forEach(ArrayList.java:1249), com.intellect.contextual.util.process.DynamicAPIUtil.getApiData(DynamicAPIUtil.java:132), com.intellect.contextual.util.process.DynamicAPIUtil.getAPIDataString(DynamicAPIUtil.java:173), com.intellect.contextual.util.process.DynamicAPIUtil$$FastClassBySpringCGLIB$$f6aea0c6.invoke(<generated>), org.springframework.cglib.proxy.MethodProxy.invoke(MethodProxy.java:218), org.springframework.aop.framework.CglibAopProxy$CglibMethodInvocation.invokeJoinpoint(CglibAopProxy.java:749), org.springframework.aop.framework.ReflectiveMethodInvocation.proceed(ReflectiveMethodInvocation.java:163), org.springframework.aop.framework.adapter.AfterReturningAdviceInterceptor.invoke(AfterReturningAdviceInterceptor.java:55), org.springframework.aop.framework.ReflectiveMethodInvocation.proceed(ReflectiveMethodInvocation.java:186), org.springframework.aop.aspectj.AspectJAfterThrowingAdvice.invoke(AspectJAfterThrowingAdvice.java:62), org.springframework.aop.framework.ReflectiveMethodInvocation.proceed(ReflectiveMethodInvocation.java:186), org.springframework.aop.interceptor.ExposeInvocationInterceptor.invoke(ExposeInvocationInterceptor.java:93), org.springframework.aop.framework.ReflectiveMethodInvocation.proceed(ReflectiveMethodInvocation.java:186), org.springframework.aop.framework.CglibAopProxy$DynamicAdvisedInterceptor.intercept(CglibAopProxy.java:688), com.intellect.contextual.util.process.DynamicAPIUtil$$EnhancerBySpringCGLIB$$b3633d7d.getAPIDataString(<generated>), com.intellect.contextual.util.process.RuleEngineConfig.lambda$channelType$16(RuleEngineConfig.java:183), com.intellect.contextual.util.process.ERule.enrichFinalValue(ERule.java:193), com.intellect.contextual.util.process.ERule.enrichData(ERule.java:104), com.intellect.contextual.util.process.ERule$$FastClassBySpringCGLIB$$a6bd7a18.invoke(<generated>), org.springframework.cglib.proxy.MethodProxy.invoke(MethodProxy.java:218), org.springframework.aop.framework.CglibAopProxy$CglibMethodInvocation.invokeJoinpoint(CglibAopProxy.java:749), org.springframework.aop.framework.ReflectiveMethodInvocation.proceed(ReflectiveMethodInvocation.java:163), org.springframework.aop.framework.adapter.AfterReturningAdviceInterceptor.invoke(AfterReturningAdviceInterceptor.java:55), org.springframework.aop.framework.ReflectiveMethodInvocation.proceed(ReflectiveMethodInvocation.java:186), org.springframework.aop.aspectj.AspectJAfterThrowingAdvice.invoke(AspectJAfterThrowingAdvice.java:62), org.springframework.aop.framework.ReflectiveMethodInvocation.proceed(ReflectiveMethodInvocation.java:186), org.springframework.aop.interceptor.ExposeInvocationInterceptor.invoke(ExposeInvocationInterceptor.java:93), org.springframework.aop.framework.ReflectiveMethodInvocation.proceed(ReflectiveMethodInvocation.java:186), org.springframework.aop.framework.CglibAopProxy$DynamicAdvisedInterceptor.intercept(CglibAopProxy.java:688), com.intellect.contextual.util.process.ERule$$EnhancerBySpringCGLIB$$5af12cb3.enrichData(<generated>), com.intellect.contextual.service.decisionparams.DecisionService.lambda$null$9(DecisionService.java:131), java.util.ArrayList.forEach(ArrayList.java:1249), com.intellect.contextual.service.decisionparams.DecisionService.lambda$decisionParamProcessor$10(DecisionService.java:110), com.intellect.contextual.service.decisionparams.DecisionService.lambda$null$12(DecisionService.java:163), java.util.concurrent.FutureTask.run(FutureTask.java:266), java.util.concurrent.ThreadPoolExecutor.runWorker(ThreadPoolExecutor.java:1149), java.util.concurrent.ThreadPoolExecutor$Worker.run(Thr')
,('210222-12244413-9d40a24e1e','837937620','2021-02-22 12:47:23.662','L3 - DECISION-HANDLER','S1 - ENRICH-OFFERING-DECISION-PARAM','Y','null','json string can not be null or empty','[com.jayway.jsonpath.internal.Utils.notEmpty(Utils.java:386), com.jayway.jsonpath.internal.ParseContextImpl.parse(ParseContextImpl.java:36), com.jayway.jsonpath.JsonPath.read(JsonPath.java:502), com.intellect.contextual.util.common.CommonUtil.searchInRequestBodyForPath(CommonUtil.java:85), com.intellect.contextual.util.process.DynamicAPIUtil.lambda$getApiData$3(DynamicAPIUtil.java:132), java.util.ArrayList.forEach(ArrayList.java:1249), com.intellect.contextual.util.process.DynamicAPIUtil.getApiData(DynamicAPIUtil.java:132), com.intellect.contextual.util.process.DynamicAPIUtil.getAPIDataString(DynamicAPIUtil.java:173), com.intellect.contextual.util.process.DynamicAPIUtil$$FastClassBySpringCGLIB$$f6aea0c6.invoke(<generated>), org.springframework.cglib.proxy.MethodProxy.invoke(MethodProxy.java:218), org.springframework.aop.framework.CglibAopProxy$CglibMethodInvocation.invokeJoinpoint(CglibAopProxy.java:749), org.springframework.aop.framework.ReflectiveMethodInvocation.proceed(ReflectiveMethodInvocation.java:163), org.springframework.aop.framework.adapter.AfterReturningAdviceInterceptor.invoke(AfterReturningAdviceInterceptor.java:55), org.springframework.aop.framework.ReflectiveMethodInvocation.proceed(ReflectiveMethodInvocation.java:186), org.springframework.aop.aspectj.AspectJAfterThrowingAdvice.invoke(AspectJAfterThrowingAdvice.java:62), org.springframework.aop.framework.ReflectiveMethodInvocation.proceed(ReflectiveMethodInvocation.java:186), org.springframework.aop.interceptor.ExposeInvocationInterceptor.invoke(ExposeInvocationInterceptor.java:93), org.springframework.aop.framework.ReflectiveMethodInvocation.proceed(ReflectiveMethodInvocation.java:186), org.springframework.aop.framework.CglibAopProxy$DynamicAdvisedInterceptor.intercept(CglibAopProxy.java:688), com.intellect.contextual.util.process.DynamicAPIUtil$$EnhancerBySpringCGLIB$$b3633d7d.getAPIDataString(<generated>), com.intellect.contextual.util.process.RuleEngineConfig.lambda$channelType$16(RuleEngineConfig.java:183), com.intellect.contextual.util.process.ERule.enrichFinalValue(ERule.java:193), com.intellect.contextual.util.process.ERule.enrichData(ERule.java:104), com.intellect.contextual.util.process.ERule$$FastClassBySpringCGLIB$$a6bd7a18.invoke(<generated>), org.springframework.cglib.proxy.MethodProxy.invoke(MethodProxy.java:218), org.springframework.aop.framework.CglibAopProxy$CglibMethodInvocation.invokeJoinpoint(CglibAopProxy.java:749), org.springframework.aop.framework.ReflectiveMethodInvocation.proceed(ReflectiveMethodInvocation.java:163), org.springframework.aop.framework.adapter.AfterReturningAdviceInterceptor.invoke(AfterReturningAdviceInterceptor.java:55), org.springframework.aop.framework.ReflectiveMethodInvocation.proceed(ReflectiveMethodInvocation.java:186), org.springframework.aop.aspectj.AspectJAfterThrowingAdvice.invoke(AspectJAfterThrowingAdvice.java:62), org.springframework.aop.framework.ReflectiveMethodInvocation.proceed(ReflectiveMethodInvocation.java:186), org.springframework.aop.interceptor.ExposeInvocationInterceptor.invoke(ExposeInvocationInterceptor.java:93), org.springframework.aop.framework.ReflectiveMethodInvocation.proceed(ReflectiveMethodInvocation.java:186), org.springframework.aop.framework.CglibAopProxy$DynamicAdvisedInterceptor.intercept(CglibAopProxy.java:688), com.intellect.contextual.util.process.ERule$$EnhancerBySpringCGLIB$$5af12cb3.enrichData(<generated>), com.intellect.contextual.service.decisionparams.DecisionService.lambda$null$9(DecisionService.java:131), java.util.ArrayList.forEach(ArrayList.java:1249), com.intellect.contextual.service.decisionparams.DecisionService.lambda$decisionParamProcessor$10(DecisionService.java:110), com.intellect.contextual.service.decisionparams.DecisionService.lambda$null$12(DecisionService.java:163), java.util.concurrent.FutureTask.run(FutureTask.java:266), java.util.concurrent.ThreadPoolExecutor.runWorker(ThreadPoolExecutor.java:1149), java.util.concurrent.ThreadPoolExecutor$Worker.run(Thr')
,('210222-12244413-9d40a24e1e','837937620','2021-02-22 12:47:24.685','L3 - DECISION-HANDLER','S1 - ENRICH-OFFERING-DECISION-PARAM','Y','null','json string can not be null or empty','[com.jayway.jsonpath.internal.Utils.notEmpty(Utils.java:386), com.jayway.jsonpath.internal.ParseContextImpl.parse(ParseContextImpl.java:36), com.jayway.jsonpath.JsonPath.read(JsonPath.java:502), com.intellect.contextual.util.common.CommonUtil.searchInRequestBodyForPath(CommonUtil.java:85), com.intellect.contextual.util.process.DynamicAPIUtil.lambda$getApiData$3(DynamicAPIUtil.java:132), java.util.ArrayList.forEach(ArrayList.java:1249), com.intellect.contextual.util.process.DynamicAPIUtil.getApiData(DynamicAPIUtil.java:132), com.intellect.contextual.util.process.DynamicAPIUtil.getAPIDataString(DynamicAPIUtil.java:173), com.intellect.contextual.util.process.DynamicAPIUtil$$FastClassBySpringCGLIB$$f6aea0c6.invoke(<generated>), org.springframework.cglib.proxy.MethodProxy.invoke(MethodProxy.java:218), org.springframework.aop.framework.CglibAopProxy$CglibMethodInvocation.invokeJoinpoint(CglibAopProxy.java:749), org.springframework.aop.framework.ReflectiveMethodInvocation.proceed(ReflectiveMethodInvocation.java:163), org.springframework.aop.framework.adapter.AfterReturningAdviceInterceptor.invoke(AfterReturningAdviceInterceptor.java:55), org.springframework.aop.framework.ReflectiveMethodInvocation.proceed(ReflectiveMethodInvocation.java:186), org.springframework.aop.aspectj.AspectJAfterThrowingAdvice.invoke(AspectJAfterThrowingAdvice.java:62), org.springframework.aop.framework.ReflectiveMethodInvocation.proceed(ReflectiveMethodInvocation.java:186), org.springframework.aop.interceptor.ExposeInvocationInterceptor.invoke(ExposeInvocationInterceptor.java:93), org.springframework.aop.framework.ReflectiveMethodInvocation.proceed(ReflectiveMethodInvocation.java:186), org.springframework.aop.framework.CglibAopProxy$DynamicAdvisedInterceptor.intercept(CglibAopProxy.java:688), com.intellect.contextual.util.process.DynamicAPIUtil$$EnhancerBySpringCGLIB$$b3633d7d.getAPIDataString(<generated>), com.intellect.contextual.util.process.RuleEngineConfig.lambda$channelType$16(RuleEngineConfig.java:183), com.intellect.contextual.util.process.ERule.enrichFinalValue(ERule.java:193), com.intellect.contextual.util.process.ERule.enrichData(ERule.java:104), com.intellect.contextual.util.process.ERule$$FastClassBySpringCGLIB$$a6bd7a18.invoke(<generated>), org.springframework.cglib.proxy.MethodProxy.invoke(MethodProxy.java:218), org.springframework.aop.framework.CglibAopProxy$CglibMethodInvocation.invokeJoinpoint(CglibAopProxy.java:749), org.springframework.aop.framework.ReflectiveMethodInvocation.proceed(ReflectiveMethodInvocation.java:163), org.springframework.aop.framework.adapter.AfterReturningAdviceInterceptor.invoke(AfterReturningAdviceInterceptor.java:55), org.springframework.aop.framework.ReflectiveMethodInvocation.proceed(ReflectiveMethodInvocation.java:186), org.springframework.aop.aspectj.AspectJAfterThrowingAdvice.invoke(AspectJAfterThrowingAdvice.java:62), org.springframework.aop.framework.ReflectiveMethodInvocation.proceed(ReflectiveMethodInvocation.java:186), org.springframework.aop.interceptor.ExposeInvocationInterceptor.invoke(ExposeInvocationInterceptor.java:93), org.springframework.aop.framework.ReflectiveMethodInvocation.proceed(ReflectiveMethodInvocation.java:186), org.springframework.aop.framework.CglibAopProxy$DynamicAdvisedInterceptor.intercept(CglibAopProxy.java:688), com.intellect.contextual.util.process.ERule$$EnhancerBySpringCGLIB$$5af12cb3.enrichData(<generated>), com.intellect.contextual.service.decisionparams.DecisionService.lambda$null$9(DecisionService.java:131), java.util.ArrayList.forEach(ArrayList.java:1249), com.intellect.contextual.service.decisionparams.DecisionService.lambda$decisionParamProcessor$10(DecisionService.java:110), com.intellect.contextual.service.decisionparams.DecisionService.lambda$null$12(DecisionService.java:163), java.util.concurrent.FutureTask.run(FutureTask.java:266), java.util.concurrent.ThreadPoolExecutor.runWorker(ThreadPoolExecutor.java:1149), java.util.concurrent.ThreadPoolExecutor$Worker.run(Thr')
;
INSERT INTO "CP".icp_exception_log (api_cp_reference_id,api_channel_request_id,api_date_time,api_layer,api_stage,api_fine_grain,api_payload,api_error_msg,api_error_trace) VALUES 
('210222-12244413-9d40a24e1e','837937620','2021-02-22 12:47:25.345','L3 - DECISION-HANDLER','S1 - ENRICH-OFFERING-DECISION-PARAM','Y','null','json string can not be null or empty','[com.jayway.jsonpath.internal.Utils.notEmpty(Utils.java:386), com.jayway.jsonpath.internal.ParseContextImpl.parse(ParseContextImpl.java:36), com.jayway.jsonpath.JsonPath.read(JsonPath.java:502), com.intellect.contextual.util.common.CommonUtil.searchInRequestBodyForPath(CommonUtil.java:85), com.intellect.contextual.util.process.DynamicAPIUtil.lambda$getApiData$3(DynamicAPIUtil.java:132), java.util.ArrayList.forEach(ArrayList.java:1249), com.intellect.contextual.util.process.DynamicAPIUtil.getApiData(DynamicAPIUtil.java:132), com.intellect.contextual.util.process.DynamicAPIUtil.getAPIDataString(DynamicAPIUtil.java:173), com.intellect.contextual.util.process.DynamicAPIUtil$$FastClassBySpringCGLIB$$f6aea0c6.invoke(<generated>), org.springframework.cglib.proxy.MethodProxy.invoke(MethodProxy.java:218), org.springframework.aop.framework.CglibAopProxy$CglibMethodInvocation.invokeJoinpoint(CglibAopProxy.java:749), org.springframework.aop.framework.ReflectiveMethodInvocation.proceed(ReflectiveMethodInvocation.java:163), org.springframework.aop.framework.adapter.AfterReturningAdviceInterceptor.invoke(AfterReturningAdviceInterceptor.java:55), org.springframework.aop.framework.ReflectiveMethodInvocation.proceed(ReflectiveMethodInvocation.java:186), org.springframework.aop.aspectj.AspectJAfterThrowingAdvice.invoke(AspectJAfterThrowingAdvice.java:62), org.springframework.aop.framework.ReflectiveMethodInvocation.proceed(ReflectiveMethodInvocation.java:186), org.springframework.aop.interceptor.ExposeInvocationInterceptor.invoke(ExposeInvocationInterceptor.java:93), org.springframework.aop.framework.ReflectiveMethodInvocation.proceed(ReflectiveMethodInvocation.java:186), org.springframework.aop.framework.CglibAopProxy$DynamicAdvisedInterceptor.intercept(CglibAopProxy.java:688), com.intellect.contextual.util.process.DynamicAPIUtil$$EnhancerBySpringCGLIB$$b3633d7d.getAPIDataString(<generated>), com.intellect.contextual.util.process.RuleEngineConfig.lambda$channelType$16(RuleEngineConfig.java:183), com.intellect.contextual.util.process.ERule.enrichFinalValue(ERule.java:193), com.intellect.contextual.util.process.ERule.enrichData(ERule.java:104), com.intellect.contextual.util.process.ERule$$FastClassBySpringCGLIB$$a6bd7a18.invoke(<generated>), org.springframework.cglib.proxy.MethodProxy.invoke(MethodProxy.java:218), org.springframework.aop.framework.CglibAopProxy$CglibMethodInvocation.invokeJoinpoint(CglibAopProxy.java:749), org.springframework.aop.framework.ReflectiveMethodInvocation.proceed(ReflectiveMethodInvocation.java:163), org.springframework.aop.framework.adapter.AfterReturningAdviceInterceptor.invoke(AfterReturningAdviceInterceptor.java:55), org.springframework.aop.framework.ReflectiveMethodInvocation.proceed(ReflectiveMethodInvocation.java:186), org.springframework.aop.aspectj.AspectJAfterThrowingAdvice.invoke(AspectJAfterThrowingAdvice.java:62), org.springframework.aop.framework.ReflectiveMethodInvocation.proceed(ReflectiveMethodInvocation.java:186), org.springframework.aop.interceptor.ExposeInvocationInterceptor.invoke(ExposeInvocationInterceptor.java:93), org.springframework.aop.framework.ReflectiveMethodInvocation.proceed(ReflectiveMethodInvocation.java:186), org.springframework.aop.framework.CglibAopProxy$DynamicAdvisedInterceptor.intercept(CglibAopProxy.java:688), com.intellect.contextual.util.process.ERule$$EnhancerBySpringCGLIB$$5af12cb3.enrichData(<generated>), com.intellect.contextual.service.decisionparams.DecisionService.lambda$null$9(DecisionService.java:131), java.util.ArrayList.forEach(ArrayList.java:1249), com.intellect.contextual.service.decisionparams.DecisionService.lambda$decisionParamProcessor$10(DecisionService.java:110), com.intellect.contextual.service.decisionparams.DecisionService.lambda$null$12(DecisionService.java:163), java.util.concurrent.FutureTask.run(FutureTask.java:266), java.util.concurrent.ThreadPoolExecutor.runWorker(ThreadPoolExecutor.java:1149), java.util.concurrent.ThreadPoolExecutor$Worker.run(Thr')
,('210222-12244413-9d40a24e1e','837937620','2021-02-22 12:47:26.332','L3 - DECISION-HANDLER','S1 - ENRICH-OFFERING-DECISION-PARAM','Y','null','json string can not be null or empty','[com.jayway.jsonpath.internal.Utils.notEmpty(Utils.java:386), com.jayway.jsonpath.internal.ParseContextImpl.parse(ParseContextImpl.java:36), com.jayway.jsonpath.JsonPath.read(JsonPath.java:502), com.intellect.contextual.util.common.CommonUtil.searchInRequestBodyForPath(CommonUtil.java:85), com.intellect.contextual.util.process.DynamicAPIUtil.lambda$getApiData$3(DynamicAPIUtil.java:132), java.util.ArrayList.forEach(ArrayList.java:1249), com.intellect.contextual.util.process.DynamicAPIUtil.getApiData(DynamicAPIUtil.java:132), com.intellect.contextual.util.process.DynamicAPIUtil.getAPIDataString(DynamicAPIUtil.java:173), com.intellect.contextual.util.process.DynamicAPIUtil$$FastClassBySpringCGLIB$$f6aea0c6.invoke(<generated>), org.springframework.cglib.proxy.MethodProxy.invoke(MethodProxy.java:218), org.springframework.aop.framework.CglibAopProxy$CglibMethodInvocation.invokeJoinpoint(CglibAopProxy.java:749), org.springframework.aop.framework.ReflectiveMethodInvocation.proceed(ReflectiveMethodInvocation.java:163), org.springframework.aop.framework.adapter.AfterReturningAdviceInterceptor.invoke(AfterReturningAdviceInterceptor.java:55), org.springframework.aop.framework.ReflectiveMethodInvocation.proceed(ReflectiveMethodInvocation.java:186), org.springframework.aop.aspectj.AspectJAfterThrowingAdvice.invoke(AspectJAfterThrowingAdvice.java:62), org.springframework.aop.framework.ReflectiveMethodInvocation.proceed(ReflectiveMethodInvocation.java:186), org.springframework.aop.interceptor.ExposeInvocationInterceptor.invoke(ExposeInvocationInterceptor.java:93), org.springframework.aop.framework.ReflectiveMethodInvocation.proceed(ReflectiveMethodInvocation.java:186), org.springframework.aop.framework.CglibAopProxy$DynamicAdvisedInterceptor.intercept(CglibAopProxy.java:688), com.intellect.contextual.util.process.DynamicAPIUtil$$EnhancerBySpringCGLIB$$b3633d7d.getAPIDataString(<generated>), com.intellect.contextual.util.process.RuleEngineConfig.lambda$channelType$16(RuleEngineConfig.java:183), com.intellect.contextual.util.process.ERule.enrichFinalValue(ERule.java:193), com.intellect.contextual.util.process.ERule.enrichData(ERule.java:104), com.intellect.contextual.util.process.ERule$$FastClassBySpringCGLIB$$a6bd7a18.invoke(<generated>), org.springframework.cglib.proxy.MethodProxy.invoke(MethodProxy.java:218), org.springframework.aop.framework.CglibAopProxy$CglibMethodInvocation.invokeJoinpoint(CglibAopProxy.java:749), org.springframework.aop.framework.ReflectiveMethodInvocation.proceed(ReflectiveMethodInvocation.java:163), org.springframework.aop.framework.adapter.AfterReturningAdviceInterceptor.invoke(AfterReturningAdviceInterceptor.java:55), org.springframework.aop.framework.ReflectiveMethodInvocation.proceed(ReflectiveMethodInvocation.java:186), org.springframework.aop.aspectj.AspectJAfterThrowingAdvice.invoke(AspectJAfterThrowingAdvice.java:62), org.springframework.aop.framework.ReflectiveMethodInvocation.proceed(ReflectiveMethodInvocation.java:186), org.springframework.aop.interceptor.ExposeInvocationInterceptor.invoke(ExposeInvocationInterceptor.java:93), org.springframework.aop.framework.ReflectiveMethodInvocation.proceed(ReflectiveMethodInvocation.java:186), org.springframework.aop.framework.CglibAopProxy$DynamicAdvisedInterceptor.intercept(CglibAopProxy.java:688), com.intellect.contextual.util.process.ERule$$EnhancerBySpringCGLIB$$5af12cb3.enrichData(<generated>), com.intellect.contextual.service.decisionparams.DecisionService.lambda$null$9(DecisionService.java:131), java.util.ArrayList.forEach(ArrayList.java:1249), com.intellect.contextual.service.decisionparams.DecisionService.lambda$decisionParamProcessor$10(DecisionService.java:110), com.intellect.contextual.service.decisionparams.DecisionService.lambda$null$12(DecisionService.java:163), java.util.concurrent.FutureTask.run(FutureTask.java:266), java.util.concurrent.ThreadPoolExecutor.runWorker(ThreadPoolExecutor.java:1149), java.util.concurrent.ThreadPoolExecutor$Worker.run(Thr')
,('210222-12244413-9d40a24e1e','837937620','2021-02-22 12:47:26.466','L3 - DECISION-HANDLER','S1 - ENRICH-OFFERING-DECISION-PARAM','Y','null','json string can not be null or empty','[com.jayway.jsonpath.internal.Utils.notEmpty(Utils.java:386), com.jayway.jsonpath.internal.ParseContextImpl.parse(ParseContextImpl.java:36), com.jayway.jsonpath.JsonPath.read(JsonPath.java:502), com.intellect.contextual.util.common.CommonUtil.searchInRequestBodyForPath(CommonUtil.java:85), com.intellect.contextual.util.process.DynamicAPIUtil.lambda$getApiData$3(DynamicAPIUtil.java:132), java.util.ArrayList.forEach(ArrayList.java:1249), com.intellect.contextual.util.process.DynamicAPIUtil.getApiData(DynamicAPIUtil.java:132), com.intellect.contextual.util.process.DynamicAPIUtil.getAPIDataString(DynamicAPIUtil.java:173), com.intellect.contextual.util.process.DynamicAPIUtil$$FastClassBySpringCGLIB$$f6aea0c6.invoke(<generated>), org.springframework.cglib.proxy.MethodProxy.invoke(MethodProxy.java:218), org.springframework.aop.framework.CglibAopProxy$CglibMethodInvocation.invokeJoinpoint(CglibAopProxy.java:749), org.springframework.aop.framework.ReflectiveMethodInvocation.proceed(ReflectiveMethodInvocation.java:163), org.springframework.aop.framework.adapter.AfterReturningAdviceInterceptor.invoke(AfterReturningAdviceInterceptor.java:55), org.springframework.aop.framework.ReflectiveMethodInvocation.proceed(ReflectiveMethodInvocation.java:186), org.springframework.aop.aspectj.AspectJAfterThrowingAdvice.invoke(AspectJAfterThrowingAdvice.java:62), org.springframework.aop.framework.ReflectiveMethodInvocation.proceed(ReflectiveMethodInvocation.java:186), org.springframework.aop.interceptor.ExposeInvocationInterceptor.invoke(ExposeInvocationInterceptor.java:93), org.springframework.aop.framework.ReflectiveMethodInvocation.proceed(ReflectiveMethodInvocation.java:186), org.springframework.aop.framework.CglibAopProxy$DynamicAdvisedInterceptor.intercept(CglibAopProxy.java:688), com.intellect.contextual.util.process.DynamicAPIUtil$$EnhancerBySpringCGLIB$$b3633d7d.getAPIDataString(<generated>), com.intellect.contextual.util.process.RuleEngineConfig.lambda$channelType$16(RuleEngineConfig.java:183), com.intellect.contextual.util.process.ERule.enrichFinalValue(ERule.java:193), com.intellect.contextual.util.process.ERule.enrichData(ERule.java:104), com.intellect.contextual.util.process.ERule$$FastClassBySpringCGLIB$$a6bd7a18.invoke(<generated>), org.springframework.cglib.proxy.MethodProxy.invoke(MethodProxy.java:218), org.springframework.aop.framework.CglibAopProxy$CglibMethodInvocation.invokeJoinpoint(CglibAopProxy.java:749), org.springframework.aop.framework.ReflectiveMethodInvocation.proceed(ReflectiveMethodInvocation.java:163), org.springframework.aop.framework.adapter.AfterReturningAdviceInterceptor.invoke(AfterReturningAdviceInterceptor.java:55), org.springframework.aop.framework.ReflectiveMethodInvocation.proceed(ReflectiveMethodInvocation.java:186), org.springframework.aop.aspectj.AspectJAfterThrowingAdvice.invoke(AspectJAfterThrowingAdvice.java:62), org.springframework.aop.framework.ReflectiveMethodInvocation.proceed(ReflectiveMethodInvocation.java:186), org.springframework.aop.interceptor.ExposeInvocationInterceptor.invoke(ExposeInvocationInterceptor.java:93), org.springframework.aop.framework.ReflectiveMethodInvocation.proceed(ReflectiveMethodInvocation.java:186), org.springframework.aop.framework.CglibAopProxy$DynamicAdvisedInterceptor.intercept(CglibAopProxy.java:688), com.intellect.contextual.util.process.ERule$$EnhancerBySpringCGLIB$$5af12cb3.enrichData(<generated>), com.intellect.contextual.service.decisionparams.DecisionService.lambda$null$9(DecisionService.java:131), java.util.ArrayList.forEach(ArrayList.java:1249), com.intellect.contextual.service.decisionparams.DecisionService.lambda$decisionParamProcessor$10(DecisionService.java:110), com.intellect.contextual.service.decisionparams.DecisionService.lambda$null$12(DecisionService.java:163), java.util.concurrent.FutureTask.run(FutureTask.java:266), java.util.concurrent.ThreadPoolExecutor.runWorker(ThreadPoolExecutor.java:1149), java.util.concurrent.ThreadPoolExecutor$Worker.run(Thr')
,('210222-12244413-9d40a24e1e','837937620','2021-02-22 12:47:27.160','L3 - DECISION-HANDLER','S1 - ENRICH-OFFERING-DECISION-PARAM','Y','null','json string can not be null or empty','[com.jayway.jsonpath.internal.Utils.notEmpty(Utils.java:386), com.jayway.jsonpath.internal.ParseContextImpl.parse(ParseContextImpl.java:36), com.jayway.jsonpath.JsonPath.read(JsonPath.java:502), com.intellect.contextual.util.common.CommonUtil.searchInRequestBodyForPath(CommonUtil.java:85), com.intellect.contextual.util.process.DynamicAPIUtil.lambda$getApiData$3(DynamicAPIUtil.java:132), java.util.ArrayList.forEach(ArrayList.java:1249), com.intellect.contextual.util.process.DynamicAPIUtil.getApiData(DynamicAPIUtil.java:132), com.intellect.contextual.util.process.DynamicAPIUtil.getAPIDataString(DynamicAPIUtil.java:173), com.intellect.contextual.util.process.DynamicAPIUtil$$FastClassBySpringCGLIB$$f6aea0c6.invoke(<generated>), org.springframework.cglib.proxy.MethodProxy.invoke(MethodProxy.java:218), org.springframework.aop.framework.CglibAopProxy$CglibMethodInvocation.invokeJoinpoint(CglibAopProxy.java:749), org.springframework.aop.framework.ReflectiveMethodInvocation.proceed(ReflectiveMethodInvocation.java:163), org.springframework.aop.framework.adapter.AfterReturningAdviceInterceptor.invoke(AfterReturningAdviceInterceptor.java:55), org.springframework.aop.framework.ReflectiveMethodInvocation.proceed(ReflectiveMethodInvocation.java:186), org.springframework.aop.aspectj.AspectJAfterThrowingAdvice.invoke(AspectJAfterThrowingAdvice.java:62), org.springframework.aop.framework.ReflectiveMethodInvocation.proceed(ReflectiveMethodInvocation.java:186), org.springframework.aop.interceptor.ExposeInvocationInterceptor.invoke(ExposeInvocationInterceptor.java:93), org.springframework.aop.framework.ReflectiveMethodInvocation.proceed(ReflectiveMethodInvocation.java:186), org.springframework.aop.framework.CglibAopProxy$DynamicAdvisedInterceptor.intercept(CglibAopProxy.java:688), com.intellect.contextual.util.process.DynamicAPIUtil$$EnhancerBySpringCGLIB$$b3633d7d.getAPIDataString(<generated>), com.intellect.contextual.util.process.RuleEngineConfig.lambda$channelType$16(RuleEngineConfig.java:183), com.intellect.contextual.util.process.ERule.enrichFinalValue(ERule.java:193), com.intellect.contextual.util.process.ERule.enrichData(ERule.java:104), com.intellect.contextual.util.process.ERule$$FastClassBySpringCGLIB$$a6bd7a18.invoke(<generated>), org.springframework.cglib.proxy.MethodProxy.invoke(MethodProxy.java:218), org.springframework.aop.framework.CglibAopProxy$CglibMethodInvocation.invokeJoinpoint(CglibAopProxy.java:749), org.springframework.aop.framework.ReflectiveMethodInvocation.proceed(ReflectiveMethodInvocation.java:163), org.springframework.aop.framework.adapter.AfterReturningAdviceInterceptor.invoke(AfterReturningAdviceInterceptor.java:55), org.springframework.aop.framework.ReflectiveMethodInvocation.proceed(ReflectiveMethodInvocation.java:186), org.springframework.aop.aspectj.AspectJAfterThrowingAdvice.invoke(AspectJAfterThrowingAdvice.java:62), org.springframework.aop.framework.ReflectiveMethodInvocation.proceed(ReflectiveMethodInvocation.java:186), org.springframework.aop.interceptor.ExposeInvocationInterceptor.invoke(ExposeInvocationInterceptor.java:93), org.springframework.aop.framework.ReflectiveMethodInvocation.proceed(ReflectiveMethodInvocation.java:186), org.springframework.aop.framework.CglibAopProxy$DynamicAdvisedInterceptor.intercept(CglibAopProxy.java:688), com.intellect.contextual.util.process.ERule$$EnhancerBySpringCGLIB$$5af12cb3.enrichData(<generated>), com.intellect.contextual.service.decisionparams.DecisionService.lambda$null$9(DecisionService.java:131), java.util.ArrayList.forEach(ArrayList.java:1249), com.intellect.contextual.service.decisionparams.DecisionService.lambda$decisionParamProcessor$10(DecisionService.java:110), com.intellect.contextual.service.decisionparams.DecisionService.lambda$null$12(DecisionService.java:163), java.util.concurrent.FutureTask.run(FutureTask.java:266), java.util.concurrent.ThreadPoolExecutor.runWorker(ThreadPoolExecutor.java:1149), java.util.concurrent.ThreadPoolExecutor$Worker.run(Thr')
,('210222-12244413-9d40a24e1e','837937620','2021-02-22 12:47:28.175','L3 - DECISION-HANDLER','S1 - ENRICH-OFFERING-DECISION-PARAM','Y','null','Unable to process the offering list. Please verify the config','[com.intellect.contextual.service.decisionparams.DecisionService.decisionParamProcessor(DecisionService.java:180), com.intellect.contextual.service.decisionparams.DecisionService$$FastClassBySpringCGLIB$$a146bd48.invoke(<generated>), org.springframework.cglib.proxy.MethodProxy.invoke(MethodProxy.java:218), org.springframework.aop.framework.CglibAopProxy$CglibMethodInvocation.invokeJoinpoint(CglibAopProxy.java:749), org.springframework.aop.framework.ReflectiveMethodInvocation.proceed(ReflectiveMethodInvocation.java:163), org.springframework.aop.framework.adapter.AfterReturningAdviceInterceptor.invoke(AfterReturningAdviceInterceptor.java:55), org.springframework.aop.framework.ReflectiveMethodInvocation.proceed(ReflectiveMethodInvocation.java:186), org.springframework.aop.aspectj.AspectJAfterThrowingAdvice.invoke(AspectJAfterThrowingAdvice.java:62), org.springframework.aop.framework.ReflectiveMethodInvocation.proceed(ReflectiveMethodInvocation.java:186), org.springframework.aop.interceptor.ExposeInvocationInterceptor.invoke(ExposeInvocationInterceptor.java:93), org.springframework.aop.framework.ReflectiveMethodInvocation.proceed(ReflectiveMethodInvocation.java:186), org.springframework.aop.framework.CglibAopProxy$DynamicAdvisedInterceptor.intercept(CglibAopProxy.java:688), com.intellect.contextual.service.decisionparams.DecisionService$$EnhancerBySpringCGLIB$$a187443.decisionParamProcessor(<generated>), com.intellect.contextual.service.decisionparams.DecisionHandler.execute(DecisionHandler.java:65), com.intellect.contextual.service.decisionparams.DecisionHandler$$FastClassBySpringCGLIB$$544e4ddd.invoke(<generated>), org.springframework.cglib.proxy.MethodProxy.invoke(MethodProxy.java:218), org.springframework.aop.framework.CglibAopProxy$CglibMethodInvocation.invokeJoinpoint(CglibAopProxy.java:749), org.springframework.aop.framework.ReflectiveMethodInvocation.proceed(ReflectiveMethodInvocation.java:163), org.springframework.aop.framework.adapter.AfterReturningAdviceInterceptor.invoke(AfterReturningAdviceInterceptor.java:55), org.springframework.aop.framework.ReflectiveMethodInvocation.proceed(ReflectiveMethodInvocation.java:186), org.springframework.aop.aspectj.AspectJAfterThrowingAdvice.invoke(AspectJAfterThrowingAdvice.java:62), org.springframework.aop.framework.ReflectiveMethodInvocation.proceed(ReflectiveMethodInvocation.java:186), org.springframework.aop.interceptor.ExposeInvocationInterceptor.invoke(ExposeInvocationInterceptor.java:93), org.springframework.aop.framework.ReflectiveMethodInvocation.proceed(ReflectiveMethodInvocation.java:186), org.springframework.aop.framework.CglibAopProxy$DynamicAdvisedInterceptor.intercept(CglibAopProxy.java:688), com.intellect.contextual.service.decisionparams.DecisionHandler$$EnhancerBySpringCGLIB$$a5efab22.execute(<generated>), com.intellect.contextual.service.orchestrator.GetRecommendationOrchestrator.execute(GetRecommendationOrchestrator.java:65), com.intellect.contextual.service.orchestrator.GetRecommendationOrchestrator$$FastClassBySpringCGLIB$$e224a390.invoke(<generated>), org.springframework.cglib.proxy.MethodProxy.invoke(MethodProxy.java:218), org.springframework.aop.framework.CglibAopProxy$CglibMethodInvocation.invokeJoinpoint(CglibAopProxy.java:749), org.springframework.aop.framework.ReflectiveMethodInvocation.proceed(ReflectiveMethodInvocation.java:163), org.springframework.aop.framework.adapter.AfterReturningAdviceInterceptor.invoke(AfterReturningAdviceInterceptor.java:55), org.springframework.aop.framework.ReflectiveMethodInvocation.proceed(ReflectiveMethodInvocation.java:186), org.springframework.aop.aspectj.AspectJAfterThrowingAdvice.invoke(AspectJAfterThrowingAdvice.java:62), org.springframework.aop.framework.ReflectiveMethodInvocation.proceed(ReflectiveMethodInvocation.java:186), org.springframework.aop.interceptor.ExposeInvocationInterceptor.invoke(ExposeInvocationInterceptor.java:93), org.springframework.aop.framework.ReflectiveMethodInvocation.proceed(ReflectiveMethodI')
,('210222-12244413-9d40a24e1e','837937620','2021-02-22 12:47:28.869','L3 - DECISION-HANDLER','S1 - ENRICH-OFFERING-DECISION-PARAM','Y','null','Unable to process the offering list. Please verify the config','[com.intellect.contextual.service.decisionparams.DecisionService.decisionParamProcessor(DecisionService.java:180), com.intellect.contextual.service.decisionparams.DecisionService$$FastClassBySpringCGLIB$$a146bd48.invoke(<generated>), org.springframework.cglib.proxy.MethodProxy.invoke(MethodProxy.java:218), org.springframework.aop.framework.CglibAopProxy$CglibMethodInvocation.invokeJoinpoint(CglibAopProxy.java:749), org.springframework.aop.framework.ReflectiveMethodInvocation.proceed(ReflectiveMethodInvocation.java:163), org.springframework.aop.framework.adapter.AfterReturningAdviceInterceptor.invoke(AfterReturningAdviceInterceptor.java:55), org.springframework.aop.framework.ReflectiveMethodInvocation.proceed(ReflectiveMethodInvocation.java:186), org.springframework.aop.aspectj.AspectJAfterThrowingAdvice.invoke(AspectJAfterThrowingAdvice.java:62), org.springframework.aop.framework.ReflectiveMethodInvocation.proceed(ReflectiveMethodInvocation.java:186), org.springframework.aop.interceptor.ExposeInvocationInterceptor.invoke(ExposeInvocationInterceptor.java:93), org.springframework.aop.framework.ReflectiveMethodInvocation.proceed(ReflectiveMethodInvocation.java:186), org.springframework.aop.framework.CglibAopProxy$DynamicAdvisedInterceptor.intercept(CglibAopProxy.java:688), com.intellect.contextual.service.decisionparams.DecisionService$$EnhancerBySpringCGLIB$$a187443.decisionParamProcessor(<generated>), com.intellect.contextual.service.decisionparams.DecisionHandler.execute(DecisionHandler.java:65), com.intellect.contextual.service.decisionparams.DecisionHandler$$FastClassBySpringCGLIB$$544e4ddd.invoke(<generated>), org.springframework.cglib.proxy.MethodProxy.invoke(MethodProxy.java:218), org.springframework.aop.framework.CglibAopProxy$CglibMethodInvocation.invokeJoinpoint(CglibAopProxy.java:749), org.springframework.aop.framework.ReflectiveMethodInvocation.proceed(ReflectiveMethodInvocation.java:163), org.springframework.aop.framework.adapter.AfterReturningAdviceInterceptor.invoke(AfterReturningAdviceInterceptor.java:55), org.springframework.aop.framework.ReflectiveMethodInvocation.proceed(ReflectiveMethodInvocation.java:186), org.springframework.aop.aspectj.AspectJAfterThrowingAdvice.invoke(AspectJAfterThrowingAdvice.java:62), org.springframework.aop.framework.ReflectiveMethodInvocation.proceed(ReflectiveMethodInvocation.java:186), org.springframework.aop.interceptor.ExposeInvocationInterceptor.invoke(ExposeInvocationInterceptor.java:93), org.springframework.aop.framework.ReflectiveMethodInvocation.proceed(ReflectiveMethodInvocation.java:186), org.springframework.aop.framework.CglibAopProxy$DynamicAdvisedInterceptor.intercept(CglibAopProxy.java:688), com.intellect.contextual.service.decisionparams.DecisionHandler$$EnhancerBySpringCGLIB$$a5efab22.execute(<generated>), com.intellect.contextual.service.orchestrator.GetRecommendationOrchestrator.execute(GetRecommendationOrchestrator.java:65), com.intellect.contextual.service.orchestrator.GetRecommendationOrchestrator$$FastClassBySpringCGLIB$$e224a390.invoke(<generated>), org.springframework.cglib.proxy.MethodProxy.invoke(MethodProxy.java:218), org.springframework.aop.framework.CglibAopProxy$CglibMethodInvocation.invokeJoinpoint(CglibAopProxy.java:749), org.springframework.aop.framework.ReflectiveMethodInvocation.proceed(ReflectiveMethodInvocation.java:163), org.springframework.aop.framework.adapter.AfterReturningAdviceInterceptor.invoke(AfterReturningAdviceInterceptor.java:55), org.springframework.aop.framework.ReflectiveMethodInvocation.proceed(ReflectiveMethodInvocation.java:186), org.springframework.aop.aspectj.AspectJAfterThrowingAdvice.invoke(AspectJAfterThrowingAdvice.java:62), org.springframework.aop.framework.ReflectiveMethodInvocation.proceed(ReflectiveMethodInvocation.java:186), org.springframework.aop.interceptor.ExposeInvocationInterceptor.invoke(ExposeInvocationInterceptor.java:93), org.springframework.aop.framework.ReflectiveMethodInvocation.proceed(ReflectiveMethodI')
,(NULL,NULL,'2021-02-22 12:47:29.535',NULL,NULL,NULL,'','Unable to process the offering list. Please verify the config','[com.intellect.contextual.service.decisionparams.DecisionService.decisionParamProcessor(DecisionService.java:180), com.intellect.contextual.service.decisionparams.DecisionService$$FastClassBySpringCGLIB$$a146bd48.invoke(<generated>), org.springframework.cglib.proxy.MethodProxy.invoke(MethodProxy.java:218), org.springframework.aop.framework.CglibAopProxy$CglibMethodInvocation.invokeJoinpoint(CglibAopProxy.java:749), org.springframework.aop.framework.ReflectiveMethodInvocation.proceed(ReflectiveMethodInvocation.java:163), org.springframework.aop.framework.adapter.AfterReturningAdviceInterceptor.invoke(AfterReturningAdviceInterceptor.java:55), org.springframework.aop.framework.ReflectiveMethodInvocation.proceed(ReflectiveMethodInvocation.java:186), org.springframework.aop.aspectj.AspectJAfterThrowingAdvice.invoke(AspectJAfterThrowingAdvice.java:62), org.springframework.aop.framework.ReflectiveMethodInvocation.proceed(ReflectiveMethodInvocation.java:186), org.springframework.aop.interceptor.ExposeInvocationInterceptor.invoke(ExposeInvocationInterceptor.java:93), org.springframework.aop.framework.ReflectiveMethodInvocation.proceed(ReflectiveMethodInvocation.java:186), org.springframework.aop.framework.CglibAopProxy$DynamicAdvisedInterceptor.intercept(CglibAopProxy.java:688), com.intellect.contextual.service.decisionparams.DecisionService$$EnhancerBySpringCGLIB$$a187443.decisionParamProcessor(<generated>), com.intellect.contextual.service.decisionparams.DecisionHandler.execute(DecisionHandler.java:65), com.intellect.contextual.service.decisionparams.DecisionHandler$$FastClassBySpringCGLIB$$544e4ddd.invoke(<generated>), org.springframework.cglib.proxy.MethodProxy.invoke(MethodProxy.java:218), org.springframework.aop.framework.CglibAopProxy$CglibMethodInvocation.invokeJoinpoint(CglibAopProxy.java:749), org.springframework.aop.framework.ReflectiveMethodInvocation.proceed(ReflectiveMethodInvocation.java:163), org.springframework.aop.framework.adapter.AfterReturningAdviceInterceptor.invoke(AfterReturningAdviceInterceptor.java:55), org.springframework.aop.framework.ReflectiveMethodInvocation.proceed(ReflectiveMethodInvocation.java:186), org.springframework.aop.aspectj.AspectJAfterThrowingAdvice.invoke(AspectJAfterThrowingAdvice.java:62), org.springframework.aop.framework.ReflectiveMethodInvocation.proceed(ReflectiveMethodInvocation.java:186), org.springframework.aop.interceptor.ExposeInvocationInterceptor.invoke(ExposeInvocationInterceptor.java:93), org.springframework.aop.framework.ReflectiveMethodInvocation.proceed(ReflectiveMethodInvocation.java:186), org.springframework.aop.framework.CglibAopProxy$DynamicAdvisedInterceptor.intercept(CglibAopProxy.java:688), com.intellect.contextual.service.decisionparams.DecisionHandler$$EnhancerBySpringCGLIB$$a5efab22.execute(<generated>), com.intellect.contextual.service.orchestrator.GetRecommendationOrchestrator.execute(GetRecommendationOrchestrator.java:65), com.intellect.contextual.service.orchestrator.GetRecommendationOrchestrator$$FastClassBySpringCGLIB$$e224a390.invoke(<generated>), org.springframework.cglib.proxy.MethodProxy.invoke(MethodProxy.java:218), org.springframework.aop.framework.CglibAopProxy$CglibMethodInvocation.invokeJoinpoint(CglibAopProxy.java:749), org.springframework.aop.framework.ReflectiveMethodInvocation.proceed(ReflectiveMethodInvocation.java:163), org.springframework.aop.framework.adapter.AfterReturningAdviceInterceptor.invoke(AfterReturningAdviceInterceptor.java:55), org.springframework.aop.framework.ReflectiveMethodInvocation.proceed(ReflectiveMethodInvocation.java:186), org.springframework.aop.aspectj.AspectJAfterThrowingAdvice.invoke(AspectJAfterThrowingAdvice.java:62), org.springframework.aop.framework.ReflectiveMethodInvocation.proceed(ReflectiveMethodInvocation.java:186), org.springframework.aop.interceptor.ExposeInvocationInterceptor.invoke(ExposeInvocationInterceptor.java:93), org.springframework.aop.framework.ReflectiveMethodInvocation.proceed(ReflectiveMethodI')
,('210405-05243816-0fc29f417e','837937620','2021-04-05 05:38:18.379','L3 - DECISION-HANDLER','S1 - ENRICH-OFFERING-DECISION-PARAM','Y','null','json string can not be null or empty','[com.jayway.jsonpath.internal.Utils.notEmpty(Utils.java:386), com.jayway.jsonpath.internal.ParseContextImpl.parse(ParseContextImpl.java:36), com.jayway.jsonpath.JsonPath.read(JsonPath.java:502), com.intellect.contextual.util.common.CommonUtil.searchInRequestBodyForPath(CommonUtil.java:85), com.intellect.contextual.util.process.DynamicAPIUtil.lambda$getApiData$3(DynamicAPIUtil.java:132), java.util.ArrayList.forEach(ArrayList.java:1259), com.intellect.contextual.util.process.DynamicAPIUtil.getApiData(DynamicAPIUtil.java:132), com.intellect.contextual.util.process.DynamicAPIUtil.getAPIDataString(DynamicAPIUtil.java:173), com.intellect.contextual.util.process.DynamicAPIUtil$$FastClassBySpringCGLIB$$f6aea0c6.invoke(<generated>), org.springframework.cglib.proxy.MethodProxy.invoke(MethodProxy.java:218), org.springframework.aop.framework.CglibAopProxy$CglibMethodInvocation.invokeJoinpoint(CglibAopProxy.java:749), org.springframework.aop.framework.ReflectiveMethodInvocation.proceed(ReflectiveMethodInvocation.java:163), org.springframework.aop.framework.adapter.AfterReturningAdviceInterceptor.invoke(AfterReturningAdviceInterceptor.java:55), org.springframework.aop.framework.ReflectiveMethodInvocation.proceed(ReflectiveMethodInvocation.java:186), org.springframework.aop.aspectj.AspectJAfterThrowingAdvice.invoke(AspectJAfterThrowingAdvice.java:62), org.springframework.aop.framework.ReflectiveMethodInvocation.proceed(ReflectiveMethodInvocation.java:186), org.springframework.aop.interceptor.ExposeInvocationInterceptor.invoke(ExposeInvocationInterceptor.java:93), org.springframework.aop.framework.ReflectiveMethodInvocation.proceed(ReflectiveMethodInvocation.java:186), org.springframework.aop.framework.CglibAopProxy$DynamicAdvisedInterceptor.intercept(CglibAopProxy.java:688), com.intellect.contextual.util.process.DynamicAPIUtil$$EnhancerBySpringCGLIB$$b775c5ff.getAPIDataString(<generated>), com.intellect.contextual.util.process.RuleEngineConfig.lambda$channelType$16(RuleEngineConfig.java:183), com.intellect.contextual.util.process.ERule.enrichFinalValue(ERule.java:193), com.intellect.contextual.util.process.ERule.enrichData(ERule.java:104), com.intellect.contextual.util.process.ERule$$FastClassBySpringCGLIB$$a6bd7a18.invoke(<generated>), org.springframework.cglib.proxy.MethodProxy.invoke(MethodProxy.java:218), org.springframework.aop.framework.CglibAopProxy$CglibMethodInvocation.invokeJoinpoint(CglibAopProxy.java:749), org.springframework.aop.framework.ReflectiveMethodInvocation.proceed(ReflectiveMethodInvocation.java:163), org.springframework.aop.framework.adapter.AfterReturningAdviceInterceptor.invoke(AfterReturningAdviceInterceptor.java:55), org.springframework.aop.framework.ReflectiveMethodInvocation.proceed(ReflectiveMethodInvocation.java:186), org.springframework.aop.aspectj.AspectJAfterThrowingAdvice.invoke(AspectJAfterThrowingAdvice.java:62), org.springframework.aop.framework.ReflectiveMethodInvocation.proceed(ReflectiveMethodInvocation.java:186), org.springframework.aop.interceptor.ExposeInvocationInterceptor.invoke(ExposeInvocationInterceptor.java:93), org.springframework.aop.framework.ReflectiveMethodInvocation.proceed(ReflectiveMethodInvocation.java:186), org.springframework.aop.framework.CglibAopProxy$DynamicAdvisedInterceptor.intercept(CglibAopProxy.java:688), com.intellect.contextual.util.process.ERule$$EnhancerBySpringCGLIB$$5f03b535.enrichData(<generated>), com.intellect.contextual.service.decisionparams.DecisionService.lambda$null$9(DecisionService.java:131), java.util.ArrayList.forEach(ArrayList.java:1259), com.intellect.contextual.service.decisionparams.DecisionService.lambda$decisionParamProcessor$10(DecisionService.java:110), com.intellect.contextual.service.decisionparams.DecisionService.lambda$null$12(DecisionService.java:163), java.util.concurrent.FutureTask.run(FutureTask.java:266), java.util.concurrent.ThreadPoolExecutor.runWorker(ThreadPoolExecutor.java:1149), java.util.concurrent.ThreadPoolExecutor$Worker.run(Thr')
,('210405-05243816-0fc29f417e','837937620','2021-04-05 05:38:18.394','L3 - DECISION-HANDLER','S1 - ENRICH-OFFERING-DECISION-PARAM','Y','null','json string can not be null or empty','[com.jayway.jsonpath.internal.Utils.notEmpty(Utils.java:386), com.jayway.jsonpath.internal.ParseContextImpl.parse(ParseContextImpl.java:36), com.jayway.jsonpath.JsonPath.read(JsonPath.java:502), com.intellect.contextual.util.common.CommonUtil.searchInRequestBodyForPath(CommonUtil.java:85), com.intellect.contextual.util.process.DynamicAPIUtil.lambda$getApiData$3(DynamicAPIUtil.java:132), java.util.ArrayList.forEach(ArrayList.java:1259), com.intellect.contextual.util.process.DynamicAPIUtil.getApiData(DynamicAPIUtil.java:132), com.intellect.contextual.util.process.DynamicAPIUtil.getAPIDataString(DynamicAPIUtil.java:173), com.intellect.contextual.util.process.DynamicAPIUtil$$FastClassBySpringCGLIB$$f6aea0c6.invoke(<generated>), org.springframework.cglib.proxy.MethodProxy.invoke(MethodProxy.java:218), org.springframework.aop.framework.CglibAopProxy$CglibMethodInvocation.invokeJoinpoint(CglibAopProxy.java:749), org.springframework.aop.framework.ReflectiveMethodInvocation.proceed(ReflectiveMethodInvocation.java:163), org.springframework.aop.framework.adapter.AfterReturningAdviceInterceptor.invoke(AfterReturningAdviceInterceptor.java:55), org.springframework.aop.framework.ReflectiveMethodInvocation.proceed(ReflectiveMethodInvocation.java:186), org.springframework.aop.aspectj.AspectJAfterThrowingAdvice.invoke(AspectJAfterThrowingAdvice.java:62), org.springframework.aop.framework.ReflectiveMethodInvocation.proceed(ReflectiveMethodInvocation.java:186), org.springframework.aop.interceptor.ExposeInvocationInterceptor.invoke(ExposeInvocationInterceptor.java:93), org.springframework.aop.framework.ReflectiveMethodInvocation.proceed(ReflectiveMethodInvocation.java:186), org.springframework.aop.framework.CglibAopProxy$DynamicAdvisedInterceptor.intercept(CglibAopProxy.java:688), com.intellect.contextual.util.process.DynamicAPIUtil$$EnhancerBySpringCGLIB$$b775c5ff.getAPIDataString(<generated>), com.intellect.contextual.util.process.RuleEngineConfig.lambda$channelType$16(RuleEngineConfig.java:183), com.intellect.contextual.util.process.ERule.enrichFinalValue(ERule.java:193), com.intellect.contextual.util.process.ERule.enrichData(ERule.java:104), com.intellect.contextual.util.process.ERule$$FastClassBySpringCGLIB$$a6bd7a18.invoke(<generated>), org.springframework.cglib.proxy.MethodProxy.invoke(MethodProxy.java:218), org.springframework.aop.framework.CglibAopProxy$CglibMethodInvocation.invokeJoinpoint(CglibAopProxy.java:749), org.springframework.aop.framework.ReflectiveMethodInvocation.proceed(ReflectiveMethodInvocation.java:163), org.springframework.aop.framework.adapter.AfterReturningAdviceInterceptor.invoke(AfterReturningAdviceInterceptor.java:55), org.springframework.aop.framework.ReflectiveMethodInvocation.proceed(ReflectiveMethodInvocation.java:186), org.springframework.aop.aspectj.AspectJAfterThrowingAdvice.invoke(AspectJAfterThrowingAdvice.java:62), org.springframework.aop.framework.ReflectiveMethodInvocation.proceed(ReflectiveMethodInvocation.java:186), org.springframework.aop.interceptor.ExposeInvocationInterceptor.invoke(ExposeInvocationInterceptor.java:93), org.springframework.aop.framework.ReflectiveMethodInvocation.proceed(ReflectiveMethodInvocation.java:186), org.springframework.aop.framework.CglibAopProxy$DynamicAdvisedInterceptor.intercept(CglibAopProxy.java:688), com.intellect.contextual.util.process.ERule$$EnhancerBySpringCGLIB$$5f03b535.enrichData(<generated>), com.intellect.contextual.service.decisionparams.DecisionService.lambda$null$9(DecisionService.java:131), java.util.ArrayList.forEach(ArrayList.java:1259), com.intellect.contextual.service.decisionparams.DecisionService.lambda$decisionParamProcessor$10(DecisionService.java:110), com.intellect.contextual.service.decisionparams.DecisionService.lambda$null$12(DecisionService.java:163), java.util.concurrent.FutureTask.run(FutureTask.java:266), java.util.concurrent.ThreadPoolExecutor.runWorker(ThreadPoolExecutor.java:1149), java.util.concurrent.ThreadPoolExecutor$Worker.run(Thr')
,('210405-05243816-0fc29f417e','837937620','2021-04-05 05:38:18.390','L3 - DECISION-HANDLER','S1 - ENRICH-OFFERING-DECISION-PARAM','Y','null','json string can not be null or empty','[com.jayway.jsonpath.internal.Utils.notEmpty(Utils.java:386), com.jayway.jsonpath.internal.ParseContextImpl.parse(ParseContextImpl.java:36), com.jayway.jsonpath.JsonPath.read(JsonPath.java:502), com.intellect.contextual.util.common.CommonUtil.searchInRequestBodyForPath(CommonUtil.java:85), com.intellect.contextual.util.process.DynamicAPIUtil.lambda$getApiData$3(DynamicAPIUtil.java:132), java.util.ArrayList.forEach(ArrayList.java:1259), com.intellect.contextual.util.process.DynamicAPIUtil.getApiData(DynamicAPIUtil.java:132), com.intellect.contextual.util.process.DynamicAPIUtil.getAPIDataString(DynamicAPIUtil.java:173), com.intellect.contextual.util.process.DynamicAPIUtil$$FastClassBySpringCGLIB$$f6aea0c6.invoke(<generated>), org.springframework.cglib.proxy.MethodProxy.invoke(MethodProxy.java:218), org.springframework.aop.framework.CglibAopProxy$CglibMethodInvocation.invokeJoinpoint(CglibAopProxy.java:749), org.springframework.aop.framework.ReflectiveMethodInvocation.proceed(ReflectiveMethodInvocation.java:163), org.springframework.aop.framework.adapter.AfterReturningAdviceInterceptor.invoke(AfterReturningAdviceInterceptor.java:55), org.springframework.aop.framework.ReflectiveMethodInvocation.proceed(ReflectiveMethodInvocation.java:186), org.springframework.aop.aspectj.AspectJAfterThrowingAdvice.invoke(AspectJAfterThrowingAdvice.java:62), org.springframework.aop.framework.ReflectiveMethodInvocation.proceed(ReflectiveMethodInvocation.java:186), org.springframework.aop.interceptor.ExposeInvocationInterceptor.invoke(ExposeInvocationInterceptor.java:93), org.springframework.aop.framework.ReflectiveMethodInvocation.proceed(ReflectiveMethodInvocation.java:186), org.springframework.aop.framework.CglibAopProxy$DynamicAdvisedInterceptor.intercept(CglibAopProxy.java:688), com.intellect.contextual.util.process.DynamicAPIUtil$$EnhancerBySpringCGLIB$$b775c5ff.getAPIDataString(<generated>), com.intellect.contextual.util.process.RuleEngineConfig.lambda$channelType$16(RuleEngineConfig.java:183), com.intellect.contextual.util.process.ERule.enrichFinalValue(ERule.java:193), com.intellect.contextual.util.process.ERule.enrichData(ERule.java:104), com.intellect.contextual.util.process.ERule$$FastClassBySpringCGLIB$$a6bd7a18.invoke(<generated>), org.springframework.cglib.proxy.MethodProxy.invoke(MethodProxy.java:218), org.springframework.aop.framework.CglibAopProxy$CglibMethodInvocation.invokeJoinpoint(CglibAopProxy.java:749), org.springframework.aop.framework.ReflectiveMethodInvocation.proceed(ReflectiveMethodInvocation.java:163), org.springframework.aop.framework.adapter.AfterReturningAdviceInterceptor.invoke(AfterReturningAdviceInterceptor.java:55), org.springframework.aop.framework.ReflectiveMethodInvocation.proceed(ReflectiveMethodInvocation.java:186), org.springframework.aop.aspectj.AspectJAfterThrowingAdvice.invoke(AspectJAfterThrowingAdvice.java:62), org.springframework.aop.framework.ReflectiveMethodInvocation.proceed(ReflectiveMethodInvocation.java:186), org.springframework.aop.interceptor.ExposeInvocationInterceptor.invoke(ExposeInvocationInterceptor.java:93), org.springframework.aop.framework.ReflectiveMethodInvocation.proceed(ReflectiveMethodInvocation.java:186), org.springframework.aop.framework.CglibAopProxy$DynamicAdvisedInterceptor.intercept(CglibAopProxy.java:688), com.intellect.contextual.util.process.ERule$$EnhancerBySpringCGLIB$$5f03b535.enrichData(<generated>), com.intellect.contextual.service.decisionparams.DecisionService.lambda$null$9(DecisionService.java:131), java.util.ArrayList.forEach(ArrayList.java:1259), com.intellect.contextual.service.decisionparams.DecisionService.lambda$decisionParamProcessor$10(DecisionService.java:110), com.intellect.contextual.service.decisionparams.DecisionService.lambda$null$12(DecisionService.java:163), java.util.concurrent.FutureTask.run(FutureTask.java:266), java.util.concurrent.ThreadPoolExecutor.runWorker(ThreadPoolExecutor.java:1149), java.util.concurrent.ThreadPoolExecutor$Worker.run(Thr')
;
INSERT INTO "CP".icp_exception_log (api_cp_reference_id,api_channel_request_id,api_date_time,api_layer,api_stage,api_fine_grain,api_payload,api_error_msg,api_error_trace) VALUES 
('210405-05243816-0fc29f417e','837937620','2021-04-05 05:38:18.396','L3 - DECISION-HANDLER','S1 - ENRICH-OFFERING-DECISION-PARAM','Y','null','json string can not be null or empty','[com.jayway.jsonpath.internal.Utils.notEmpty(Utils.java:386), com.jayway.jsonpath.internal.ParseContextImpl.parse(ParseContextImpl.java:36), com.jayway.jsonpath.JsonPath.read(JsonPath.java:502), com.intellect.contextual.util.common.CommonUtil.searchInRequestBodyForPath(CommonUtil.java:85), com.intellect.contextual.util.process.DynamicAPIUtil.lambda$getApiData$3(DynamicAPIUtil.java:132), java.util.ArrayList.forEach(ArrayList.java:1259), com.intellect.contextual.util.process.DynamicAPIUtil.getApiData(DynamicAPIUtil.java:132), com.intellect.contextual.util.process.DynamicAPIUtil.getAPIDataString(DynamicAPIUtil.java:173), com.intellect.contextual.util.process.DynamicAPIUtil$$FastClassBySpringCGLIB$$f6aea0c6.invoke(<generated>), org.springframework.cglib.proxy.MethodProxy.invoke(MethodProxy.java:218), org.springframework.aop.framework.CglibAopProxy$CglibMethodInvocation.invokeJoinpoint(CglibAopProxy.java:749), org.springframework.aop.framework.ReflectiveMethodInvocation.proceed(ReflectiveMethodInvocation.java:163), org.springframework.aop.framework.adapter.AfterReturningAdviceInterceptor.invoke(AfterReturningAdviceInterceptor.java:55), org.springframework.aop.framework.ReflectiveMethodInvocation.proceed(ReflectiveMethodInvocation.java:186), org.springframework.aop.aspectj.AspectJAfterThrowingAdvice.invoke(AspectJAfterThrowingAdvice.java:62), org.springframework.aop.framework.ReflectiveMethodInvocation.proceed(ReflectiveMethodInvocation.java:186), org.springframework.aop.interceptor.ExposeInvocationInterceptor.invoke(ExposeInvocationInterceptor.java:93), org.springframework.aop.framework.ReflectiveMethodInvocation.proceed(ReflectiveMethodInvocation.java:186), org.springframework.aop.framework.CglibAopProxy$DynamicAdvisedInterceptor.intercept(CglibAopProxy.java:688), com.intellect.contextual.util.process.DynamicAPIUtil$$EnhancerBySpringCGLIB$$b775c5ff.getAPIDataString(<generated>), com.intellect.contextual.util.process.RuleEngineConfig.lambda$channelType$16(RuleEngineConfig.java:183), com.intellect.contextual.util.process.ERule.enrichFinalValue(ERule.java:193), com.intellect.contextual.util.process.ERule.enrichData(ERule.java:104), com.intellect.contextual.util.process.ERule$$FastClassBySpringCGLIB$$a6bd7a18.invoke(<generated>), org.springframework.cglib.proxy.MethodProxy.invoke(MethodProxy.java:218), org.springframework.aop.framework.CglibAopProxy$CglibMethodInvocation.invokeJoinpoint(CglibAopProxy.java:749), org.springframework.aop.framework.ReflectiveMethodInvocation.proceed(ReflectiveMethodInvocation.java:163), org.springframework.aop.framework.adapter.AfterReturningAdviceInterceptor.invoke(AfterReturningAdviceInterceptor.java:55), org.springframework.aop.framework.ReflectiveMethodInvocation.proceed(ReflectiveMethodInvocation.java:186), org.springframework.aop.aspectj.AspectJAfterThrowingAdvice.invoke(AspectJAfterThrowingAdvice.java:62), org.springframework.aop.framework.ReflectiveMethodInvocation.proceed(ReflectiveMethodInvocation.java:186), org.springframework.aop.interceptor.ExposeInvocationInterceptor.invoke(ExposeInvocationInterceptor.java:93), org.springframework.aop.framework.ReflectiveMethodInvocation.proceed(ReflectiveMethodInvocation.java:186), org.springframework.aop.framework.CglibAopProxy$DynamicAdvisedInterceptor.intercept(CglibAopProxy.java:688), com.intellect.contextual.util.process.ERule$$EnhancerBySpringCGLIB$$5f03b535.enrichData(<generated>), com.intellect.contextual.service.decisionparams.DecisionService.lambda$null$9(DecisionService.java:131), java.util.ArrayList.forEach(ArrayList.java:1259), com.intellect.contextual.service.decisionparams.DecisionService.lambda$decisionParamProcessor$10(DecisionService.java:110), com.intellect.contextual.service.decisionparams.DecisionService.lambda$null$12(DecisionService.java:163), java.util.concurrent.FutureTask.run(FutureTask.java:266), java.util.concurrent.ThreadPoolExecutor.runWorker(ThreadPoolExecutor.java:1149), java.util.concurrent.ThreadPoolExecutor$Worker.run(Thr')
,('210405-05243816-0fc29f417e','837937620','2021-04-05 05:38:18.408','L3 - DECISION-HANDLER','S1 - ENRICH-OFFERING-DECISION-PARAM','Y','null','json string can not be null or empty','[com.jayway.jsonpath.internal.Utils.notEmpty(Utils.java:386), com.jayway.jsonpath.internal.ParseContextImpl.parse(ParseContextImpl.java:36), com.jayway.jsonpath.JsonPath.read(JsonPath.java:502), com.intellect.contextual.util.common.CommonUtil.searchInRequestBodyForPath(CommonUtil.java:85), com.intellect.contextual.util.process.DynamicAPIUtil.lambda$getApiData$3(DynamicAPIUtil.java:132), java.util.ArrayList.forEach(ArrayList.java:1259), com.intellect.contextual.util.process.DynamicAPIUtil.getApiData(DynamicAPIUtil.java:132), com.intellect.contextual.util.process.DynamicAPIUtil.getAPIDataString(DynamicAPIUtil.java:173), com.intellect.contextual.util.process.DynamicAPIUtil$$FastClassBySpringCGLIB$$f6aea0c6.invoke(<generated>), org.springframework.cglib.proxy.MethodProxy.invoke(MethodProxy.java:218), org.springframework.aop.framework.CglibAopProxy$CglibMethodInvocation.invokeJoinpoint(CglibAopProxy.java:749), org.springframework.aop.framework.ReflectiveMethodInvocation.proceed(ReflectiveMethodInvocation.java:163), org.springframework.aop.framework.adapter.AfterReturningAdviceInterceptor.invoke(AfterReturningAdviceInterceptor.java:55), org.springframework.aop.framework.ReflectiveMethodInvocation.proceed(ReflectiveMethodInvocation.java:186), org.springframework.aop.aspectj.AspectJAfterThrowingAdvice.invoke(AspectJAfterThrowingAdvice.java:62), org.springframework.aop.framework.ReflectiveMethodInvocation.proceed(ReflectiveMethodInvocation.java:186), org.springframework.aop.interceptor.ExposeInvocationInterceptor.invoke(ExposeInvocationInterceptor.java:93), org.springframework.aop.framework.ReflectiveMethodInvocation.proceed(ReflectiveMethodInvocation.java:186), org.springframework.aop.framework.CglibAopProxy$DynamicAdvisedInterceptor.intercept(CglibAopProxy.java:688), com.intellect.contextual.util.process.DynamicAPIUtil$$EnhancerBySpringCGLIB$$b775c5ff.getAPIDataString(<generated>), com.intellect.contextual.util.process.RuleEngineConfig.lambda$channelType$16(RuleEngineConfig.java:183), com.intellect.contextual.util.process.ERule.enrichFinalValue(ERule.java:193), com.intellect.contextual.util.process.ERule.enrichData(ERule.java:104), com.intellect.contextual.util.process.ERule$$FastClassBySpringCGLIB$$a6bd7a18.invoke(<generated>), org.springframework.cglib.proxy.MethodProxy.invoke(MethodProxy.java:218), org.springframework.aop.framework.CglibAopProxy$CglibMethodInvocation.invokeJoinpoint(CglibAopProxy.java:749), org.springframework.aop.framework.ReflectiveMethodInvocation.proceed(ReflectiveMethodInvocation.java:163), org.springframework.aop.framework.adapter.AfterReturningAdviceInterceptor.invoke(AfterReturningAdviceInterceptor.java:55), org.springframework.aop.framework.ReflectiveMethodInvocation.proceed(ReflectiveMethodInvocation.java:186), org.springframework.aop.aspectj.AspectJAfterThrowingAdvice.invoke(AspectJAfterThrowingAdvice.java:62), org.springframework.aop.framework.ReflectiveMethodInvocation.proceed(ReflectiveMethodInvocation.java:186), org.springframework.aop.interceptor.ExposeInvocationInterceptor.invoke(ExposeInvocationInterceptor.java:93), org.springframework.aop.framework.ReflectiveMethodInvocation.proceed(ReflectiveMethodInvocation.java:186), org.springframework.aop.framework.CglibAopProxy$DynamicAdvisedInterceptor.intercept(CglibAopProxy.java:688), com.intellect.contextual.util.process.ERule$$EnhancerBySpringCGLIB$$5f03b535.enrichData(<generated>), com.intellect.contextual.service.decisionparams.DecisionService.lambda$null$9(DecisionService.java:131), java.util.ArrayList.forEach(ArrayList.java:1259), com.intellect.contextual.service.decisionparams.DecisionService.lambda$decisionParamProcessor$10(DecisionService.java:110), com.intellect.contextual.service.decisionparams.DecisionService.lambda$null$12(DecisionService.java:163), java.util.concurrent.FutureTask.run(FutureTask.java:266), java.util.concurrent.ThreadPoolExecutor.runWorker(ThreadPoolExecutor.java:1149), java.util.concurrent.ThreadPoolExecutor$Worker.run(Thr')
,('210405-05243816-0fc29f417e','837937620','2021-04-05 05:38:18.406','L3 - DECISION-HANDLER','S1 - ENRICH-OFFERING-DECISION-PARAM','Y','null','json string can not be null or empty','[com.jayway.jsonpath.internal.Utils.notEmpty(Utils.java:386), com.jayway.jsonpath.internal.ParseContextImpl.parse(ParseContextImpl.java:36), com.jayway.jsonpath.JsonPath.read(JsonPath.java:502), com.intellect.contextual.util.common.CommonUtil.searchInRequestBodyForPath(CommonUtil.java:85), com.intellect.contextual.util.process.DynamicAPIUtil.lambda$getApiData$3(DynamicAPIUtil.java:132), java.util.ArrayList.forEach(ArrayList.java:1259), com.intellect.contextual.util.process.DynamicAPIUtil.getApiData(DynamicAPIUtil.java:132), com.intellect.contextual.util.process.DynamicAPIUtil.getAPIDataString(DynamicAPIUtil.java:173), com.intellect.contextual.util.process.DynamicAPIUtil$$FastClassBySpringCGLIB$$f6aea0c6.invoke(<generated>), org.springframework.cglib.proxy.MethodProxy.invoke(MethodProxy.java:218), org.springframework.aop.framework.CglibAopProxy$CglibMethodInvocation.invokeJoinpoint(CglibAopProxy.java:749), org.springframework.aop.framework.ReflectiveMethodInvocation.proceed(ReflectiveMethodInvocation.java:163), org.springframework.aop.framework.adapter.AfterReturningAdviceInterceptor.invoke(AfterReturningAdviceInterceptor.java:55), org.springframework.aop.framework.ReflectiveMethodInvocation.proceed(ReflectiveMethodInvocation.java:186), org.springframework.aop.aspectj.AspectJAfterThrowingAdvice.invoke(AspectJAfterThrowingAdvice.java:62), org.springframework.aop.framework.ReflectiveMethodInvocation.proceed(ReflectiveMethodInvocation.java:186), org.springframework.aop.interceptor.ExposeInvocationInterceptor.invoke(ExposeInvocationInterceptor.java:93), org.springframework.aop.framework.ReflectiveMethodInvocation.proceed(ReflectiveMethodInvocation.java:186), org.springframework.aop.framework.CglibAopProxy$DynamicAdvisedInterceptor.intercept(CglibAopProxy.java:688), com.intellect.contextual.util.process.DynamicAPIUtil$$EnhancerBySpringCGLIB$$b775c5ff.getAPIDataString(<generated>), com.intellect.contextual.util.process.RuleEngineConfig.lambda$channelType$16(RuleEngineConfig.java:183), com.intellect.contextual.util.process.ERule.enrichFinalValue(ERule.java:193), com.intellect.contextual.util.process.ERule.enrichData(ERule.java:104), com.intellect.contextual.util.process.ERule$$FastClassBySpringCGLIB$$a6bd7a18.invoke(<generated>), org.springframework.cglib.proxy.MethodProxy.invoke(MethodProxy.java:218), org.springframework.aop.framework.CglibAopProxy$CglibMethodInvocation.invokeJoinpoint(CglibAopProxy.java:749), org.springframework.aop.framework.ReflectiveMethodInvocation.proceed(ReflectiveMethodInvocation.java:163), org.springframework.aop.framework.adapter.AfterReturningAdviceInterceptor.invoke(AfterReturningAdviceInterceptor.java:55), org.springframework.aop.framework.ReflectiveMethodInvocation.proceed(ReflectiveMethodInvocation.java:186), org.springframework.aop.aspectj.AspectJAfterThrowingAdvice.invoke(AspectJAfterThrowingAdvice.java:62), org.springframework.aop.framework.ReflectiveMethodInvocation.proceed(ReflectiveMethodInvocation.java:186), org.springframework.aop.interceptor.ExposeInvocationInterceptor.invoke(ExposeInvocationInterceptor.java:93), org.springframework.aop.framework.ReflectiveMethodInvocation.proceed(ReflectiveMethodInvocation.java:186), org.springframework.aop.framework.CglibAopProxy$DynamicAdvisedInterceptor.intercept(CglibAopProxy.java:688), com.intellect.contextual.util.process.ERule$$EnhancerBySpringCGLIB$$5f03b535.enrichData(<generated>), com.intellect.contextual.service.decisionparams.DecisionService.lambda$null$9(DecisionService.java:131), java.util.ArrayList.forEach(ArrayList.java:1259), com.intellect.contextual.service.decisionparams.DecisionService.lambda$decisionParamProcessor$10(DecisionService.java:110), com.intellect.contextual.service.decisionparams.DecisionService.lambda$null$12(DecisionService.java:163), java.util.concurrent.FutureTask.run(FutureTask.java:266), java.util.concurrent.ThreadPoolExecutor.runWorker(ThreadPoolExecutor.java:1149), java.util.concurrent.ThreadPoolExecutor$Worker.run(Thr')
,('210405-05243816-0fc29f417e','837937620','2021-04-05 05:38:18.412','L3 - DECISION-HANDLER','S1 - ENRICH-OFFERING-DECISION-PARAM','Y','null','json string can not be null or empty','[com.jayway.jsonpath.internal.Utils.notEmpty(Utils.java:386), com.jayway.jsonpath.internal.ParseContextImpl.parse(ParseContextImpl.java:36), com.jayway.jsonpath.JsonPath.read(JsonPath.java:502), com.intellect.contextual.util.common.CommonUtil.searchInRequestBodyForPath(CommonUtil.java:85), com.intellect.contextual.util.process.DynamicAPIUtil.lambda$getApiData$3(DynamicAPIUtil.java:132), java.util.ArrayList.forEach(ArrayList.java:1259), com.intellect.contextual.util.process.DynamicAPIUtil.getApiData(DynamicAPIUtil.java:132), com.intellect.contextual.util.process.DynamicAPIUtil.getAPIDataString(DynamicAPIUtil.java:173), com.intellect.contextual.util.process.DynamicAPIUtil$$FastClassBySpringCGLIB$$f6aea0c6.invoke(<generated>), org.springframework.cglib.proxy.MethodProxy.invoke(MethodProxy.java:218), org.springframework.aop.framework.CglibAopProxy$CglibMethodInvocation.invokeJoinpoint(CglibAopProxy.java:749), org.springframework.aop.framework.ReflectiveMethodInvocation.proceed(ReflectiveMethodInvocation.java:163), org.springframework.aop.framework.adapter.AfterReturningAdviceInterceptor.invoke(AfterReturningAdviceInterceptor.java:55), org.springframework.aop.framework.ReflectiveMethodInvocation.proceed(ReflectiveMethodInvocation.java:186), org.springframework.aop.aspectj.AspectJAfterThrowingAdvice.invoke(AspectJAfterThrowingAdvice.java:62), org.springframework.aop.framework.ReflectiveMethodInvocation.proceed(ReflectiveMethodInvocation.java:186), org.springframework.aop.interceptor.ExposeInvocationInterceptor.invoke(ExposeInvocationInterceptor.java:93), org.springframework.aop.framework.ReflectiveMethodInvocation.proceed(ReflectiveMethodInvocation.java:186), org.springframework.aop.framework.CglibAopProxy$DynamicAdvisedInterceptor.intercept(CglibAopProxy.java:688), com.intellect.contextual.util.process.DynamicAPIUtil$$EnhancerBySpringCGLIB$$b775c5ff.getAPIDataString(<generated>), com.intellect.contextual.util.process.RuleEngineConfig.lambda$channelType$16(RuleEngineConfig.java:183), com.intellect.contextual.util.process.ERule.enrichFinalValue(ERule.java:193), com.intellect.contextual.util.process.ERule.enrichData(ERule.java:104), com.intellect.contextual.util.process.ERule$$FastClassBySpringCGLIB$$a6bd7a18.invoke(<generated>), org.springframework.cglib.proxy.MethodProxy.invoke(MethodProxy.java:218), org.springframework.aop.framework.CglibAopProxy$CglibMethodInvocation.invokeJoinpoint(CglibAopProxy.java:749), org.springframework.aop.framework.ReflectiveMethodInvocation.proceed(ReflectiveMethodInvocation.java:163), org.springframework.aop.framework.adapter.AfterReturningAdviceInterceptor.invoke(AfterReturningAdviceInterceptor.java:55), org.springframework.aop.framework.ReflectiveMethodInvocation.proceed(ReflectiveMethodInvocation.java:186), org.springframework.aop.aspectj.AspectJAfterThrowingAdvice.invoke(AspectJAfterThrowingAdvice.java:62), org.springframework.aop.framework.ReflectiveMethodInvocation.proceed(ReflectiveMethodInvocation.java:186), org.springframework.aop.interceptor.ExposeInvocationInterceptor.invoke(ExposeInvocationInterceptor.java:93), org.springframework.aop.framework.ReflectiveMethodInvocation.proceed(ReflectiveMethodInvocation.java:186), org.springframework.aop.framework.CglibAopProxy$DynamicAdvisedInterceptor.intercept(CglibAopProxy.java:688), com.intellect.contextual.util.process.ERule$$EnhancerBySpringCGLIB$$5f03b535.enrichData(<generated>), com.intellect.contextual.service.decisionparams.DecisionService.lambda$null$9(DecisionService.java:131), java.util.ArrayList.forEach(ArrayList.java:1259), com.intellect.contextual.service.decisionparams.DecisionService.lambda$decisionParamProcessor$10(DecisionService.java:110), com.intellect.contextual.service.decisionparams.DecisionService.lambda$null$12(DecisionService.java:163), java.util.concurrent.FutureTask.run(FutureTask.java:266), java.util.concurrent.ThreadPoolExecutor.runWorker(ThreadPoolExecutor.java:1149), java.util.concurrent.ThreadPoolExecutor$Worker.run(Thr')
,('210405-05243816-0fc29f417e','837937620','2021-04-05 05:38:18.413','L3 - DECISION-HANDLER','S1 - ENRICH-OFFERING-DECISION-PARAM','Y','null','json string can not be null or empty','[com.jayway.jsonpath.internal.Utils.notEmpty(Utils.java:386), com.jayway.jsonpath.internal.ParseContextImpl.parse(ParseContextImpl.java:36), com.jayway.jsonpath.JsonPath.read(JsonPath.java:502), com.intellect.contextual.util.common.CommonUtil.searchInRequestBodyForPath(CommonUtil.java:85), com.intellect.contextual.util.process.DynamicAPIUtil.lambda$getApiData$3(DynamicAPIUtil.java:132), java.util.ArrayList.forEach(ArrayList.java:1259), com.intellect.contextual.util.process.DynamicAPIUtil.getApiData(DynamicAPIUtil.java:132), com.intellect.contextual.util.process.DynamicAPIUtil.getAPIDataString(DynamicAPIUtil.java:173), com.intellect.contextual.util.process.DynamicAPIUtil$$FastClassBySpringCGLIB$$f6aea0c6.invoke(<generated>), org.springframework.cglib.proxy.MethodProxy.invoke(MethodProxy.java:218), org.springframework.aop.framework.CglibAopProxy$CglibMethodInvocation.invokeJoinpoint(CglibAopProxy.java:749), org.springframework.aop.framework.ReflectiveMethodInvocation.proceed(ReflectiveMethodInvocation.java:163), org.springframework.aop.framework.adapter.AfterReturningAdviceInterceptor.invoke(AfterReturningAdviceInterceptor.java:55), org.springframework.aop.framework.ReflectiveMethodInvocation.proceed(ReflectiveMethodInvocation.java:186), org.springframework.aop.aspectj.AspectJAfterThrowingAdvice.invoke(AspectJAfterThrowingAdvice.java:62), org.springframework.aop.framework.ReflectiveMethodInvocation.proceed(ReflectiveMethodInvocation.java:186), org.springframework.aop.interceptor.ExposeInvocationInterceptor.invoke(ExposeInvocationInterceptor.java:93), org.springframework.aop.framework.ReflectiveMethodInvocation.proceed(ReflectiveMethodInvocation.java:186), org.springframework.aop.framework.CglibAopProxy$DynamicAdvisedInterceptor.intercept(CglibAopProxy.java:688), com.intellect.contextual.util.process.DynamicAPIUtil$$EnhancerBySpringCGLIB$$b775c5ff.getAPIDataString(<generated>), com.intellect.contextual.util.process.RuleEngineConfig.lambda$channelType$16(RuleEngineConfig.java:183), com.intellect.contextual.util.process.ERule.enrichFinalValue(ERule.java:193), com.intellect.contextual.util.process.ERule.enrichData(ERule.java:104), com.intellect.contextual.util.process.ERule$$FastClassBySpringCGLIB$$a6bd7a18.invoke(<generated>), org.springframework.cglib.proxy.MethodProxy.invoke(MethodProxy.java:218), org.springframework.aop.framework.CglibAopProxy$CglibMethodInvocation.invokeJoinpoint(CglibAopProxy.java:749), org.springframework.aop.framework.ReflectiveMethodInvocation.proceed(ReflectiveMethodInvocation.java:163), org.springframework.aop.framework.adapter.AfterReturningAdviceInterceptor.invoke(AfterReturningAdviceInterceptor.java:55), org.springframework.aop.framework.ReflectiveMethodInvocation.proceed(ReflectiveMethodInvocation.java:186), org.springframework.aop.aspectj.AspectJAfterThrowingAdvice.invoke(AspectJAfterThrowingAdvice.java:62), org.springframework.aop.framework.ReflectiveMethodInvocation.proceed(ReflectiveMethodInvocation.java:186), org.springframework.aop.interceptor.ExposeInvocationInterceptor.invoke(ExposeInvocationInterceptor.java:93), org.springframework.aop.framework.ReflectiveMethodInvocation.proceed(ReflectiveMethodInvocation.java:186), org.springframework.aop.framework.CglibAopProxy$DynamicAdvisedInterceptor.intercept(CglibAopProxy.java:688), com.intellect.contextual.util.process.ERule$$EnhancerBySpringCGLIB$$5f03b535.enrichData(<generated>), com.intellect.contextual.service.decisionparams.DecisionService.lambda$null$9(DecisionService.java:131), java.util.ArrayList.forEach(ArrayList.java:1259), com.intellect.contextual.service.decisionparams.DecisionService.lambda$decisionParamProcessor$10(DecisionService.java:110), com.intellect.contextual.service.decisionparams.DecisionService.lambda$null$12(DecisionService.java:163), java.util.concurrent.FutureTask.run(FutureTask.java:266), java.util.concurrent.ThreadPoolExecutor.runWorker(ThreadPoolExecutor.java:1149), java.util.concurrent.ThreadPoolExecutor$Worker.run(Thr')
,('210405-05243816-0fc29f417e','837937620','2021-04-05 05:38:18.432','L3 - DECISION-HANDLER','S1 - ENRICH-OFFERING-DECISION-PARAM','Y','null','Unable to process the offering list. Please verify the config','[com.intellect.contextual.service.decisionparams.DecisionService.decisionParamProcessor(DecisionService.java:180), com.intellect.contextual.service.decisionparams.DecisionService$$FastClassBySpringCGLIB$$a146bd48.invoke(<generated>), org.springframework.cglib.proxy.MethodProxy.invoke(MethodProxy.java:218), org.springframework.aop.framework.CglibAopProxy$CglibMethodInvocation.invokeJoinpoint(CglibAopProxy.java:749), org.springframework.aop.framework.ReflectiveMethodInvocation.proceed(ReflectiveMethodInvocation.java:163), org.springframework.aop.framework.adapter.AfterReturningAdviceInterceptor.invoke(AfterReturningAdviceInterceptor.java:55), org.springframework.aop.framework.ReflectiveMethodInvocation.proceed(ReflectiveMethodInvocation.java:186), org.springframework.aop.aspectj.AspectJAfterThrowingAdvice.invoke(AspectJAfterThrowingAdvice.java:62), org.springframework.aop.framework.ReflectiveMethodInvocation.proceed(ReflectiveMethodInvocation.java:186), org.springframework.aop.interceptor.ExposeInvocationInterceptor.invoke(ExposeInvocationInterceptor.java:93), org.springframework.aop.framework.ReflectiveMethodInvocation.proceed(ReflectiveMethodInvocation.java:186), org.springframework.aop.framework.CglibAopProxy$DynamicAdvisedInterceptor.intercept(CglibAopProxy.java:688), com.intellect.contextual.service.decisionparams.DecisionService$$EnhancerBySpringCGLIB$$e2afcc5.decisionParamProcessor(<generated>), com.intellect.contextual.service.decisionparams.DecisionHandler.execute(DecisionHandler.java:65), com.intellect.contextual.service.decisionparams.DecisionHandler$$FastClassBySpringCGLIB$$544e4ddd.invoke(<generated>), org.springframework.cglib.proxy.MethodProxy.invoke(MethodProxy.java:218), org.springframework.aop.framework.CglibAopProxy$CglibMethodInvocation.invokeJoinpoint(CglibAopProxy.java:749), org.springframework.aop.framework.ReflectiveMethodInvocation.proceed(ReflectiveMethodInvocation.java:163), org.springframework.aop.framework.adapter.AfterReturningAdviceInterceptor.invoke(AfterReturningAdviceInterceptor.java:55), org.springframework.aop.framework.ReflectiveMethodInvocation.proceed(ReflectiveMethodInvocation.java:186), org.springframework.aop.aspectj.AspectJAfterThrowingAdvice.invoke(AspectJAfterThrowingAdvice.java:62), org.springframework.aop.framework.ReflectiveMethodInvocation.proceed(ReflectiveMethodInvocation.java:186), org.springframework.aop.interceptor.ExposeInvocationInterceptor.invoke(ExposeInvocationInterceptor.java:93), org.springframework.aop.framework.ReflectiveMethodInvocation.proceed(ReflectiveMethodInvocation.java:186), org.springframework.aop.framework.CglibAopProxy$DynamicAdvisedInterceptor.intercept(CglibAopProxy.java:688), com.intellect.contextual.service.decisionparams.DecisionHandler$$EnhancerBySpringCGLIB$$aa0233a4.execute(<generated>), com.intellect.contextual.service.orchestrator.GetRecommendationOrchestrator.execute(GetRecommendationOrchestrator.java:65), com.intellect.contextual.service.orchestrator.GetRecommendationOrchestrator$$FastClassBySpringCGLIB$$e224a390.invoke(<generated>), org.springframework.cglib.proxy.MethodProxy.invoke(MethodProxy.java:218), org.springframework.aop.framework.CglibAopProxy$CglibMethodInvocation.invokeJoinpoint(CglibAopProxy.java:749), org.springframework.aop.framework.ReflectiveMethodInvocation.proceed(ReflectiveMethodInvocation.java:163), org.springframework.aop.framework.adapter.AfterReturningAdviceInterceptor.invoke(AfterReturningAdviceInterceptor.java:55), org.springframework.aop.framework.ReflectiveMethodInvocation.proceed(ReflectiveMethodInvocation.java:186), org.springframework.aop.aspectj.AspectJAfterThrowingAdvice.invoke(AspectJAfterThrowingAdvice.java:62), org.springframework.aop.framework.ReflectiveMethodInvocation.proceed(ReflectiveMethodInvocation.java:186), org.springframework.aop.interceptor.ExposeInvocationInterceptor.invoke(ExposeInvocationInterceptor.java:93), org.springframework.aop.framework.ReflectiveMethodInvocation.proceed(ReflectiveMethodI')
,('210405-05243816-0fc29f417e','837937620','2021-04-05 05:38:18.437','L3 - DECISION-HANDLER','S1 - ENRICH-OFFERING-DECISION-PARAM','Y','null','Unable to process the offering list. Please verify the config','[com.intellect.contextual.service.decisionparams.DecisionService.decisionParamProcessor(DecisionService.java:180), com.intellect.contextual.service.decisionparams.DecisionService$$FastClassBySpringCGLIB$$a146bd48.invoke(<generated>), org.springframework.cglib.proxy.MethodProxy.invoke(MethodProxy.java:218), org.springframework.aop.framework.CglibAopProxy$CglibMethodInvocation.invokeJoinpoint(CglibAopProxy.java:749), org.springframework.aop.framework.ReflectiveMethodInvocation.proceed(ReflectiveMethodInvocation.java:163), org.springframework.aop.framework.adapter.AfterReturningAdviceInterceptor.invoke(AfterReturningAdviceInterceptor.java:55), org.springframework.aop.framework.ReflectiveMethodInvocation.proceed(ReflectiveMethodInvocation.java:186), org.springframework.aop.aspectj.AspectJAfterThrowingAdvice.invoke(AspectJAfterThrowingAdvice.java:62), org.springframework.aop.framework.ReflectiveMethodInvocation.proceed(ReflectiveMethodInvocation.java:186), org.springframework.aop.interceptor.ExposeInvocationInterceptor.invoke(ExposeInvocationInterceptor.java:93), org.springframework.aop.framework.ReflectiveMethodInvocation.proceed(ReflectiveMethodInvocation.java:186), org.springframework.aop.framework.CglibAopProxy$DynamicAdvisedInterceptor.intercept(CglibAopProxy.java:688), com.intellect.contextual.service.decisionparams.DecisionService$$EnhancerBySpringCGLIB$$e2afcc5.decisionParamProcessor(<generated>), com.intellect.contextual.service.decisionparams.DecisionHandler.execute(DecisionHandler.java:65), com.intellect.contextual.service.decisionparams.DecisionHandler$$FastClassBySpringCGLIB$$544e4ddd.invoke(<generated>), org.springframework.cglib.proxy.MethodProxy.invoke(MethodProxy.java:218), org.springframework.aop.framework.CglibAopProxy$CglibMethodInvocation.invokeJoinpoint(CglibAopProxy.java:749), org.springframework.aop.framework.ReflectiveMethodInvocation.proceed(ReflectiveMethodInvocation.java:163), org.springframework.aop.framework.adapter.AfterReturningAdviceInterceptor.invoke(AfterReturningAdviceInterceptor.java:55), org.springframework.aop.framework.ReflectiveMethodInvocation.proceed(ReflectiveMethodInvocation.java:186), org.springframework.aop.aspectj.AspectJAfterThrowingAdvice.invoke(AspectJAfterThrowingAdvice.java:62), org.springframework.aop.framework.ReflectiveMethodInvocation.proceed(ReflectiveMethodInvocation.java:186), org.springframework.aop.interceptor.ExposeInvocationInterceptor.invoke(ExposeInvocationInterceptor.java:93), org.springframework.aop.framework.ReflectiveMethodInvocation.proceed(ReflectiveMethodInvocation.java:186), org.springframework.aop.framework.CglibAopProxy$DynamicAdvisedInterceptor.intercept(CglibAopProxy.java:688), com.intellect.contextual.service.decisionparams.DecisionHandler$$EnhancerBySpringCGLIB$$aa0233a4.execute(<generated>), com.intellect.contextual.service.orchestrator.GetRecommendationOrchestrator.execute(GetRecommendationOrchestrator.java:65), com.intellect.contextual.service.orchestrator.GetRecommendationOrchestrator$$FastClassBySpringCGLIB$$e224a390.invoke(<generated>), org.springframework.cglib.proxy.MethodProxy.invoke(MethodProxy.java:218), org.springframework.aop.framework.CglibAopProxy$CglibMethodInvocation.invokeJoinpoint(CglibAopProxy.java:749), org.springframework.aop.framework.ReflectiveMethodInvocation.proceed(ReflectiveMethodInvocation.java:163), org.springframework.aop.framework.adapter.AfterReturningAdviceInterceptor.invoke(AfterReturningAdviceInterceptor.java:55), org.springframework.aop.framework.ReflectiveMethodInvocation.proceed(ReflectiveMethodInvocation.java:186), org.springframework.aop.aspectj.AspectJAfterThrowingAdvice.invoke(AspectJAfterThrowingAdvice.java:62), org.springframework.aop.framework.ReflectiveMethodInvocation.proceed(ReflectiveMethodInvocation.java:186), org.springframework.aop.interceptor.ExposeInvocationInterceptor.invoke(ExposeInvocationInterceptor.java:93), org.springframework.aop.framework.ReflectiveMethodInvocation.proceed(ReflectiveMethodI')
,(NULL,NULL,'2021-04-05 05:38:18.446',NULL,NULL,NULL,'','Unable to process the offering list. Please verify the config','[com.intellect.contextual.service.decisionparams.DecisionService.decisionParamProcessor(DecisionService.java:180), com.intellect.contextual.service.decisionparams.DecisionService$$FastClassBySpringCGLIB$$a146bd48.invoke(<generated>), org.springframework.cglib.proxy.MethodProxy.invoke(MethodProxy.java:218), org.springframework.aop.framework.CglibAopProxy$CglibMethodInvocation.invokeJoinpoint(CglibAopProxy.java:749), org.springframework.aop.framework.ReflectiveMethodInvocation.proceed(ReflectiveMethodInvocation.java:163), org.springframework.aop.framework.adapter.AfterReturningAdviceInterceptor.invoke(AfterReturningAdviceInterceptor.java:55), org.springframework.aop.framework.ReflectiveMethodInvocation.proceed(ReflectiveMethodInvocation.java:186), org.springframework.aop.aspectj.AspectJAfterThrowingAdvice.invoke(AspectJAfterThrowingAdvice.java:62), org.springframework.aop.framework.ReflectiveMethodInvocation.proceed(ReflectiveMethodInvocation.java:186), org.springframework.aop.interceptor.ExposeInvocationInterceptor.invoke(ExposeInvocationInterceptor.java:93), org.springframework.aop.framework.ReflectiveMethodInvocation.proceed(ReflectiveMethodInvocation.java:186), org.springframework.aop.framework.CglibAopProxy$DynamicAdvisedInterceptor.intercept(CglibAopProxy.java:688), com.intellect.contextual.service.decisionparams.DecisionService$$EnhancerBySpringCGLIB$$e2afcc5.decisionParamProcessor(<generated>), com.intellect.contextual.service.decisionparams.DecisionHandler.execute(DecisionHandler.java:65), com.intellect.contextual.service.decisionparams.DecisionHandler$$FastClassBySpringCGLIB$$544e4ddd.invoke(<generated>), org.springframework.cglib.proxy.MethodProxy.invoke(MethodProxy.java:218), org.springframework.aop.framework.CglibAopProxy$CglibMethodInvocation.invokeJoinpoint(CglibAopProxy.java:749), org.springframework.aop.framework.ReflectiveMethodInvocation.proceed(ReflectiveMethodInvocation.java:163), org.springframework.aop.framework.adapter.AfterReturningAdviceInterceptor.invoke(AfterReturningAdviceInterceptor.java:55), org.springframework.aop.framework.ReflectiveMethodInvocation.proceed(ReflectiveMethodInvocation.java:186), org.springframework.aop.aspectj.AspectJAfterThrowingAdvice.invoke(AspectJAfterThrowingAdvice.java:62), org.springframework.aop.framework.ReflectiveMethodInvocation.proceed(ReflectiveMethodInvocation.java:186), org.springframework.aop.interceptor.ExposeInvocationInterceptor.invoke(ExposeInvocationInterceptor.java:93), org.springframework.aop.framework.ReflectiveMethodInvocation.proceed(ReflectiveMethodInvocation.java:186), org.springframework.aop.framework.CglibAopProxy$DynamicAdvisedInterceptor.intercept(CglibAopProxy.java:688), com.intellect.contextual.service.decisionparams.DecisionHandler$$EnhancerBySpringCGLIB$$aa0233a4.execute(<generated>), com.intellect.contextual.service.orchestrator.GetRecommendationOrchestrator.execute(GetRecommendationOrchestrator.java:65), com.intellect.contextual.service.orchestrator.GetRecommendationOrchestrator$$FastClassBySpringCGLIB$$e224a390.invoke(<generated>), org.springframework.cglib.proxy.MethodProxy.invoke(MethodProxy.java:218), org.springframework.aop.framework.CglibAopProxy$CglibMethodInvocation.invokeJoinpoint(CglibAopProxy.java:749), org.springframework.aop.framework.ReflectiveMethodInvocation.proceed(ReflectiveMethodInvocation.java:163), org.springframework.aop.framework.adapter.AfterReturningAdviceInterceptor.invoke(AfterReturningAdviceInterceptor.java:55), org.springframework.aop.framework.ReflectiveMethodInvocation.proceed(ReflectiveMethodInvocation.java:186), org.springframework.aop.aspectj.AspectJAfterThrowingAdvice.invoke(AspectJAfterThrowingAdvice.java:62), org.springframework.aop.framework.ReflectiveMethodInvocation.proceed(ReflectiveMethodInvocation.java:186), org.springframework.aop.interceptor.ExposeInvocationInterceptor.invoke(ExposeInvocationInterceptor.java:93), org.springframework.aop.framework.ReflectiveMethodInvocation.proceed(ReflectiveMethodI')
,('210428-05243810-6080904f15','837937620','2021-04-28 05:38:11.127','L3 - DECISION-HANDLER','S1 - ENRICH-OFFERING-DECISION-PARAM','Y','null','json string can not be null or empty','[com.jayway.jsonpath.internal.Utils.notEmpty(Utils.java:386), com.jayway.jsonpath.internal.ParseContextImpl.parse(ParseContextImpl.java:36), com.jayway.jsonpath.JsonPath.read(JsonPath.java:502), com.intellect.contextual.util.common.CommonUtil.searchInRequestBodyForPath(CommonUtil.java:85), com.intellect.contextual.util.process.DynamicAPIUtil.lambda$getApiData$3(DynamicAPIUtil.java:132), java.util.ArrayList.forEach(ArrayList.java:1259), com.intellect.contextual.util.process.DynamicAPIUtil.getApiData(DynamicAPIUtil.java:132), com.intellect.contextual.util.process.DynamicAPIUtil.getAPIDataString(DynamicAPIUtil.java:173), com.intellect.contextual.util.process.DynamicAPIUtil$$FastClassBySpringCGLIB$$f6aea0c6.invoke(<generated>), org.springframework.cglib.proxy.MethodProxy.invoke(MethodProxy.java:218), org.springframework.aop.framework.CglibAopProxy$CglibMethodInvocation.invokeJoinpoint(CglibAopProxy.java:749), org.springframework.aop.framework.ReflectiveMethodInvocation.proceed(ReflectiveMethodInvocation.java:163), org.springframework.aop.framework.adapter.AfterReturningAdviceInterceptor.invoke(AfterReturningAdviceInterceptor.java:55), org.springframework.aop.framework.ReflectiveMethodInvocation.proceed(ReflectiveMethodInvocation.java:186), org.springframework.aop.aspectj.AspectJAfterThrowingAdvice.invoke(AspectJAfterThrowingAdvice.java:62), org.springframework.aop.framework.ReflectiveMethodInvocation.proceed(ReflectiveMethodInvocation.java:186), org.springframework.aop.interceptor.ExposeInvocationInterceptor.invoke(ExposeInvocationInterceptor.java:93), org.springframework.aop.framework.ReflectiveMethodInvocation.proceed(ReflectiveMethodInvocation.java:186), org.springframework.aop.framework.CglibAopProxy$DynamicAdvisedInterceptor.intercept(CglibAopProxy.java:688), com.intellect.contextual.util.process.DynamicAPIUtil$$EnhancerBySpringCGLIB$$b775c5ff.getAPIDataString(<generated>), com.intellect.contextual.util.process.RuleEngineConfig.lambda$channelType$16(RuleEngineConfig.java:183), com.intellect.contextual.util.process.ERule.enrichFinalValue(ERule.java:193), com.intellect.contextual.util.process.ERule.enrichData(ERule.java:104), com.intellect.contextual.util.process.ERule$$FastClassBySpringCGLIB$$a6bd7a18.invoke(<generated>), org.springframework.cglib.proxy.MethodProxy.invoke(MethodProxy.java:218), org.springframework.aop.framework.CglibAopProxy$CglibMethodInvocation.invokeJoinpoint(CglibAopProxy.java:749), org.springframework.aop.framework.ReflectiveMethodInvocation.proceed(ReflectiveMethodInvocation.java:163), org.springframework.aop.framework.adapter.AfterReturningAdviceInterceptor.invoke(AfterReturningAdviceInterceptor.java:55), org.springframework.aop.framework.ReflectiveMethodInvocation.proceed(ReflectiveMethodInvocation.java:186), org.springframework.aop.aspectj.AspectJAfterThrowingAdvice.invoke(AspectJAfterThrowingAdvice.java:62), org.springframework.aop.framework.ReflectiveMethodInvocation.proceed(ReflectiveMethodInvocation.java:186), org.springframework.aop.interceptor.ExposeInvocationInterceptor.invoke(ExposeInvocationInterceptor.java:93), org.springframework.aop.framework.ReflectiveMethodInvocation.proceed(ReflectiveMethodInvocation.java:186), org.springframework.aop.framework.CglibAopProxy$DynamicAdvisedInterceptor.intercept(CglibAopProxy.java:688), com.intellect.contextual.util.process.ERule$$EnhancerBySpringCGLIB$$5f03b535.enrichData(<generated>), com.intellect.contextual.service.decisionparams.DecisionService.lambda$null$9(DecisionService.java:131), java.util.ArrayList.forEach(ArrayList.java:1259), com.intellect.contextual.service.decisionparams.DecisionService.lambda$decisionParamProcessor$10(DecisionService.java:110), com.intellect.contextual.service.decisionparams.DecisionService.lambda$null$12(DecisionService.java:163), java.util.concurrent.FutureTask.run(FutureTask.java:266), java.util.concurrent.ThreadPoolExecutor.runWorker(ThreadPoolExecutor.java:1149), java.util.concurrent.ThreadPoolExecutor$Worker.run(Thr')
,('210428-05243810-6080904f15','837937620','2021-04-28 05:38:11.171','L3 - DECISION-HANDLER','S1 - ENRICH-OFFERING-DECISION-PARAM','Y','null','json string can not be null or empty','[com.jayway.jsonpath.internal.Utils.notEmpty(Utils.java:386), com.jayway.jsonpath.internal.ParseContextImpl.parse(ParseContextImpl.java:36), com.jayway.jsonpath.JsonPath.read(JsonPath.java:502), com.intellect.contextual.util.common.CommonUtil.searchInRequestBodyForPath(CommonUtil.java:85), com.intellect.contextual.util.process.DynamicAPIUtil.lambda$getApiData$3(DynamicAPIUtil.java:132), java.util.ArrayList.forEach(ArrayList.java:1259), com.intellect.contextual.util.process.DynamicAPIUtil.getApiData(DynamicAPIUtil.java:132), com.intellect.contextual.util.process.DynamicAPIUtil.getAPIDataString(DynamicAPIUtil.java:173), com.intellect.contextual.util.process.DynamicAPIUtil$$FastClassBySpringCGLIB$$f6aea0c6.invoke(<generated>), org.springframework.cglib.proxy.MethodProxy.invoke(MethodProxy.java:218), org.springframework.aop.framework.CglibAopProxy$CglibMethodInvocation.invokeJoinpoint(CglibAopProxy.java:749), org.springframework.aop.framework.ReflectiveMethodInvocation.proceed(ReflectiveMethodInvocation.java:163), org.springframework.aop.framework.adapter.AfterReturningAdviceInterceptor.invoke(AfterReturningAdviceInterceptor.java:55), org.springframework.aop.framework.ReflectiveMethodInvocation.proceed(ReflectiveMethodInvocation.java:186), org.springframework.aop.aspectj.AspectJAfterThrowingAdvice.invoke(AspectJAfterThrowingAdvice.java:62), org.springframework.aop.framework.ReflectiveMethodInvocation.proceed(ReflectiveMethodInvocation.java:186), org.springframework.aop.interceptor.ExposeInvocationInterceptor.invoke(ExposeInvocationInterceptor.java:93), org.springframework.aop.framework.ReflectiveMethodInvocation.proceed(ReflectiveMethodInvocation.java:186), org.springframework.aop.framework.CglibAopProxy$DynamicAdvisedInterceptor.intercept(CglibAopProxy.java:688), com.intellect.contextual.util.process.DynamicAPIUtil$$EnhancerBySpringCGLIB$$b775c5ff.getAPIDataString(<generated>), com.intellect.contextual.util.process.RuleEngineConfig.lambda$channelType$16(RuleEngineConfig.java:183), com.intellect.contextual.util.process.ERule.enrichFinalValue(ERule.java:193), com.intellect.contextual.util.process.ERule.enrichData(ERule.java:104), com.intellect.contextual.util.process.ERule$$FastClassBySpringCGLIB$$a6bd7a18.invoke(<generated>), org.springframework.cglib.proxy.MethodProxy.invoke(MethodProxy.java:218), org.springframework.aop.framework.CglibAopProxy$CglibMethodInvocation.invokeJoinpoint(CglibAopProxy.java:749), org.springframework.aop.framework.ReflectiveMethodInvocation.proceed(ReflectiveMethodInvocation.java:163), org.springframework.aop.framework.adapter.AfterReturningAdviceInterceptor.invoke(AfterReturningAdviceInterceptor.java:55), org.springframework.aop.framework.ReflectiveMethodInvocation.proceed(ReflectiveMethodInvocation.java:186), org.springframework.aop.aspectj.AspectJAfterThrowingAdvice.invoke(AspectJAfterThrowingAdvice.java:62), org.springframework.aop.framework.ReflectiveMethodInvocation.proceed(ReflectiveMethodInvocation.java:186), org.springframework.aop.interceptor.ExposeInvocationInterceptor.invoke(ExposeInvocationInterceptor.java:93), org.springframework.aop.framework.ReflectiveMethodInvocation.proceed(ReflectiveMethodInvocation.java:186), org.springframework.aop.framework.CglibAopProxy$DynamicAdvisedInterceptor.intercept(CglibAopProxy.java:688), com.intellect.contextual.util.process.ERule$$EnhancerBySpringCGLIB$$5f03b535.enrichData(<generated>), com.intellect.contextual.service.decisionparams.DecisionService.lambda$null$9(DecisionService.java:131), java.util.ArrayList.forEach(ArrayList.java:1259), com.intellect.contextual.service.decisionparams.DecisionService.lambda$decisionParamProcessor$10(DecisionService.java:110), com.intellect.contextual.service.decisionparams.DecisionService.lambda$null$12(DecisionService.java:163), java.util.concurrent.FutureTask.run(FutureTask.java:266), java.util.concurrent.ThreadPoolExecutor.runWorker(ThreadPoolExecutor.java:1149), java.util.concurrent.ThreadPoolExecutor$Worker.run(Thr')
;
INSERT INTO "CP".icp_exception_log (api_cp_reference_id,api_channel_request_id,api_date_time,api_layer,api_stage,api_fine_grain,api_payload,api_error_msg,api_error_trace) VALUES 
('210428-05243810-6080904f15','837937620','2021-04-28 05:38:11.205','L3 - DECISION-HANDLER','S1 - ENRICH-OFFERING-DECISION-PARAM','Y','null','json string can not be null or empty','[com.jayway.jsonpath.internal.Utils.notEmpty(Utils.java:386), com.jayway.jsonpath.internal.ParseContextImpl.parse(ParseContextImpl.java:36), com.jayway.jsonpath.JsonPath.read(JsonPath.java:502), com.intellect.contextual.util.common.CommonUtil.searchInRequestBodyForPath(CommonUtil.java:85), com.intellect.contextual.util.process.DynamicAPIUtil.lambda$getApiData$3(DynamicAPIUtil.java:132), java.util.ArrayList.forEach(ArrayList.java:1259), com.intellect.contextual.util.process.DynamicAPIUtil.getApiData(DynamicAPIUtil.java:132), com.intellect.contextual.util.process.DynamicAPIUtil.getAPIDataString(DynamicAPIUtil.java:173), com.intellect.contextual.util.process.DynamicAPIUtil$$FastClassBySpringCGLIB$$f6aea0c6.invoke(<generated>), org.springframework.cglib.proxy.MethodProxy.invoke(MethodProxy.java:218), org.springframework.aop.framework.CglibAopProxy$CglibMethodInvocation.invokeJoinpoint(CglibAopProxy.java:749), org.springframework.aop.framework.ReflectiveMethodInvocation.proceed(ReflectiveMethodInvocation.java:163), org.springframework.aop.framework.adapter.AfterReturningAdviceInterceptor.invoke(AfterReturningAdviceInterceptor.java:55), org.springframework.aop.framework.ReflectiveMethodInvocation.proceed(ReflectiveMethodInvocation.java:186), org.springframework.aop.aspectj.AspectJAfterThrowingAdvice.invoke(AspectJAfterThrowingAdvice.java:62), org.springframework.aop.framework.ReflectiveMethodInvocation.proceed(ReflectiveMethodInvocation.java:186), org.springframework.aop.interceptor.ExposeInvocationInterceptor.invoke(ExposeInvocationInterceptor.java:93), org.springframework.aop.framework.ReflectiveMethodInvocation.proceed(ReflectiveMethodInvocation.java:186), org.springframework.aop.framework.CglibAopProxy$DynamicAdvisedInterceptor.intercept(CglibAopProxy.java:688), com.intellect.contextual.util.process.DynamicAPIUtil$$EnhancerBySpringCGLIB$$b775c5ff.getAPIDataString(<generated>), com.intellect.contextual.util.process.RuleEngineConfig.lambda$channelType$16(RuleEngineConfig.java:183), com.intellect.contextual.util.process.ERule.enrichFinalValue(ERule.java:193), com.intellect.contextual.util.process.ERule.enrichData(ERule.java:104), com.intellect.contextual.util.process.ERule$$FastClassBySpringCGLIB$$a6bd7a18.invoke(<generated>), org.springframework.cglib.proxy.MethodProxy.invoke(MethodProxy.java:218), org.springframework.aop.framework.CglibAopProxy$CglibMethodInvocation.invokeJoinpoint(CglibAopProxy.java:749), org.springframework.aop.framework.ReflectiveMethodInvocation.proceed(ReflectiveMethodInvocation.java:163), org.springframework.aop.framework.adapter.AfterReturningAdviceInterceptor.invoke(AfterReturningAdviceInterceptor.java:55), org.springframework.aop.framework.ReflectiveMethodInvocation.proceed(ReflectiveMethodInvocation.java:186), org.springframework.aop.aspectj.AspectJAfterThrowingAdvice.invoke(AspectJAfterThrowingAdvice.java:62), org.springframework.aop.framework.ReflectiveMethodInvocation.proceed(ReflectiveMethodInvocation.java:186), org.springframework.aop.interceptor.ExposeInvocationInterceptor.invoke(ExposeInvocationInterceptor.java:93), org.springframework.aop.framework.ReflectiveMethodInvocation.proceed(ReflectiveMethodInvocation.java:186), org.springframework.aop.framework.CglibAopProxy$DynamicAdvisedInterceptor.intercept(CglibAopProxy.java:688), com.intellect.contextual.util.process.ERule$$EnhancerBySpringCGLIB$$5f03b535.enrichData(<generated>), com.intellect.contextual.service.decisionparams.DecisionService.lambda$null$9(DecisionService.java:131), java.util.ArrayList.forEach(ArrayList.java:1259), com.intellect.contextual.service.decisionparams.DecisionService.lambda$decisionParamProcessor$10(DecisionService.java:110), com.intellect.contextual.service.decisionparams.DecisionService.lambda$null$12(DecisionService.java:163), java.util.concurrent.FutureTask.run(FutureTask.java:266), java.util.concurrent.ThreadPoolExecutor.runWorker(ThreadPoolExecutor.java:1149), java.util.concurrent.ThreadPoolExecutor$Worker.run(Thr')
,('210428-05243810-6080904f15','837937620','2021-04-28 05:38:11.210','L3 - DECISION-HANDLER','S1 - ENRICH-OFFERING-DECISION-PARAM','Y','null','json string can not be null or empty','[com.jayway.jsonpath.internal.Utils.notEmpty(Utils.java:386), com.jayway.jsonpath.internal.ParseContextImpl.parse(ParseContextImpl.java:36), com.jayway.jsonpath.JsonPath.read(JsonPath.java:502), com.intellect.contextual.util.common.CommonUtil.searchInRequestBodyForPath(CommonUtil.java:85), com.intellect.contextual.util.process.DynamicAPIUtil.lambda$getApiData$3(DynamicAPIUtil.java:132), java.util.ArrayList.forEach(ArrayList.java:1259), com.intellect.contextual.util.process.DynamicAPIUtil.getApiData(DynamicAPIUtil.java:132), com.intellect.contextual.util.process.DynamicAPIUtil.getAPIDataString(DynamicAPIUtil.java:173), com.intellect.contextual.util.process.DynamicAPIUtil$$FastClassBySpringCGLIB$$f6aea0c6.invoke(<generated>), org.springframework.cglib.proxy.MethodProxy.invoke(MethodProxy.java:218), org.springframework.aop.framework.CglibAopProxy$CglibMethodInvocation.invokeJoinpoint(CglibAopProxy.java:749), org.springframework.aop.framework.ReflectiveMethodInvocation.proceed(ReflectiveMethodInvocation.java:163), org.springframework.aop.framework.adapter.AfterReturningAdviceInterceptor.invoke(AfterReturningAdviceInterceptor.java:55), org.springframework.aop.framework.ReflectiveMethodInvocation.proceed(ReflectiveMethodInvocation.java:186), org.springframework.aop.aspectj.AspectJAfterThrowingAdvice.invoke(AspectJAfterThrowingAdvice.java:62), org.springframework.aop.framework.ReflectiveMethodInvocation.proceed(ReflectiveMethodInvocation.java:186), org.springframework.aop.interceptor.ExposeInvocationInterceptor.invoke(ExposeInvocationInterceptor.java:93), org.springframework.aop.framework.ReflectiveMethodInvocation.proceed(ReflectiveMethodInvocation.java:186), org.springframework.aop.framework.CglibAopProxy$DynamicAdvisedInterceptor.intercept(CglibAopProxy.java:688), com.intellect.contextual.util.process.DynamicAPIUtil$$EnhancerBySpringCGLIB$$b775c5ff.getAPIDataString(<generated>), com.intellect.contextual.util.process.RuleEngineConfig.lambda$channelType$16(RuleEngineConfig.java:183), com.intellect.contextual.util.process.ERule.enrichFinalValue(ERule.java:193), com.intellect.contextual.util.process.ERule.enrichData(ERule.java:104), com.intellect.contextual.util.process.ERule$$FastClassBySpringCGLIB$$a6bd7a18.invoke(<generated>), org.springframework.cglib.proxy.MethodProxy.invoke(MethodProxy.java:218), org.springframework.aop.framework.CglibAopProxy$CglibMethodInvocation.invokeJoinpoint(CglibAopProxy.java:749), org.springframework.aop.framework.ReflectiveMethodInvocation.proceed(ReflectiveMethodInvocation.java:163), org.springframework.aop.framework.adapter.AfterReturningAdviceInterceptor.invoke(AfterReturningAdviceInterceptor.java:55), org.springframework.aop.framework.ReflectiveMethodInvocation.proceed(ReflectiveMethodInvocation.java:186), org.springframework.aop.aspectj.AspectJAfterThrowingAdvice.invoke(AspectJAfterThrowingAdvice.java:62), org.springframework.aop.framework.ReflectiveMethodInvocation.proceed(ReflectiveMethodInvocation.java:186), org.springframework.aop.interceptor.ExposeInvocationInterceptor.invoke(ExposeInvocationInterceptor.java:93), org.springframework.aop.framework.ReflectiveMethodInvocation.proceed(ReflectiveMethodInvocation.java:186), org.springframework.aop.framework.CglibAopProxy$DynamicAdvisedInterceptor.intercept(CglibAopProxy.java:688), com.intellect.contextual.util.process.ERule$$EnhancerBySpringCGLIB$$5f03b535.enrichData(<generated>), com.intellect.contextual.service.decisionparams.DecisionService.lambda$null$9(DecisionService.java:131), java.util.ArrayList.forEach(ArrayList.java:1259), com.intellect.contextual.service.decisionparams.DecisionService.lambda$decisionParamProcessor$10(DecisionService.java:110), com.intellect.contextual.service.decisionparams.DecisionService.lambda$null$12(DecisionService.java:163), java.util.concurrent.FutureTask.run(FutureTask.java:266), java.util.concurrent.ThreadPoolExecutor.runWorker(ThreadPoolExecutor.java:1149), java.util.concurrent.ThreadPoolExecutor$Worker.run(Thr')
,(NULL,NULL,'2021-04-07 08:37:11.351',NULL,NULL,NULL,'','PreparedStatementCallback; uncategorized SQLException for SQL [INSERT INTO ICP_EXCEPTION_LOG (API_LAYER,API_STAGE,API_ERROR_MSG,API_CHANNEL_REQUEST_ID,API_PAYLOAD,API_ERROR_TRACE,API_CP_REFERENCE_ID,API_FINE_GRAIN,API_DATE_TIME) VALUES (?,?,?,?,?,?,?,?,?)]; SQL state [25P02]; error code [0]; ERROR: current transaction is aborted, commands ignored until end of transaction block; nested exception is org.postgresql.util.PSQLException: ERROR: current transaction is aborted, commands ignored until end of transaction block','[org.springframework.jdbc.support.AbstractFallbackSQLExceptionTranslator.translate(AbstractFallbackSQLExceptionTranslator.java:89), org.springframework.jdbc.support.AbstractFallbackSQLExceptionTranslator.translate(AbstractFallbackSQLExceptionTranslator.java:81), org.springframework.jdbc.support.AbstractFallbackSQLExceptionTranslator.translate(AbstractFallbackSQLExceptionTranslator.java:81), org.springframework.jdbc.core.JdbcTemplate.translateException(JdbcTemplate.java:1442), org.springframework.jdbc.core.JdbcTemplate.execute(JdbcTemplate.java:632), org.springframework.jdbc.core.JdbcTemplate.update(JdbcTemplate.java:861), org.springframework.jdbc.core.JdbcTemplate.update(JdbcTemplate.java:916), org.springframework.jdbc.core.JdbcTemplate.update(JdbcTemplate.java:926), com.intellect.contextual.dao.ContextualAuditDaoImpl.insert(ContextualAuditDaoImpl.java:74), com.intellect.contextual.dao.ContextualAuditDaoImpl$$FastClassBySpringCGLIB$$e75848c6.invoke(<generated>), org.springframework.cglib.proxy.MethodProxy.invoke(MethodProxy.java:218), org.springframework.aop.framework.CglibAopProxy$CglibMethodInvocation.invokeJoinpoint(CglibAopProxy.java:749), org.springframework.aop.framework.ReflectiveMethodInvocation.proceed(ReflectiveMethodInvocation.java:163), org.springframework.dao.support.PersistenceExceptionTranslationInterceptor.invoke(PersistenceExceptionTranslationInterceptor.java:139), org.springframework.aop.framework.ReflectiveMethodInvocation.proceed(ReflectiveMethodInvocation.java:186), org.springframework.transaction.interceptor.TransactionAspectSupport.invokeWithinTransaction(TransactionAspectSupport.java:295), org.springframework.transaction.interceptor.TransactionInterceptor.invoke(TransactionInterceptor.java:98), org.springframework.aop.framework.ReflectiveMethodInvocation.proceed(ReflectiveMethodInvocation.java:186), org.springframework.aop.framework.CglibAopProxy$DynamicAdvisedInterceptor.intercept(CglibAopProxy.java:688), com.intellect.contextual.dao.ContextualAuditDaoImpl$$EnhancerBySpringCGLIB$$9e36fc2a.insert(<generated>), com.intellect.contextual.aop.ContextualAspect.saveExceptLog(ContextualAspect.java:137), com.intellect.contextual.aop.ContextualAspect.afterThrow(ContextualAspect.java:105), sun.reflect.GeneratedMethodAccessor77.invoke(Unknown Source), sun.reflect.DelegatingMethodAccessorImpl.invoke(DelegatingMethodAccessorImpl.java:43), java.lang.reflect.Method.invoke(Method.java:498), org.springframework.aop.aspectj.AbstractAspectJAdvice.invokeAdviceMethodWithGivenArgs(AbstractAspectJAdvice.java:644), org.springframework.aop.aspectj.AbstractAspectJAdvice.invokeAdviceMethod(AbstractAspectJAdvice.java:626), org.springframework.aop.aspectj.AspectJAfterThrowingAdvice.invoke(AspectJAfterThrowingAdvice.java:66), org.springframework.aop.framework.ReflectiveMethodInvocation.proceed(ReflectiveMethodInvocation.java:186), org.springframework.transaction.interceptor.TransactionAspectSupport.invokeWithinTransaction(TransactionAspectSupport.java:295), org.springframework.transaction.interceptor.TransactionInterceptor.invoke(TransactionInterceptor.java:98), org.springframework.aop.framework.ReflectiveMethodInvocation.proceed(ReflectiveMethodInvocation.java:186), org.springframework.aop.interceptor.ExposeInvocationInterceptor.invoke(ExposeInvocationInterceptor.java:93), org.springframework.aop.framework.ReflectiveMethodInvocation.proceed(ReflectiveMethodInvocation.java:186), org.springframework.aop.framework.CglibAopProxy$DynamicAdvisedInterceptor.intercept(CglibAopProxy.java:688), com.intellect.contextual.uiendpoint.dao.ContextualUIDaoImpl$$EnhancerBySpringCGLIB$$fdfcaa29.getPrimaryKey(<generated>), com.intellect.contextual.uiendpoint.controller.ContextualUIController.getprimaryKey(ContextualUIController.java:160), com.intellect.contextual.uiendpoint.controller.ContextualUIController$$FastClassBySpringCGLIB$$62344130.invoke(<generated>), org.springframework.cglib.proxy.MethodProxy.invoke(MethodProxy.java:218), org.springframew')
,('210428-05243810-6080904f15','837937620','2021-04-28 05:38:11.056','L3 - DECISION-HANDLER','S1 - ENRICH-OFFERING-DECISION-PARAM','Y','null','json string can not be null or empty','[com.jayway.jsonpath.internal.Utils.notEmpty(Utils.java:386), com.jayway.jsonpath.internal.ParseContextImpl.parse(ParseContextImpl.java:36), com.jayway.jsonpath.JsonPath.read(JsonPath.java:502), com.intellect.contextual.util.common.CommonUtil.searchInRequestBodyForPath(CommonUtil.java:85), com.intellect.contextual.util.process.DynamicAPIUtil.lambda$getApiData$3(DynamicAPIUtil.java:132), java.util.ArrayList.forEach(ArrayList.java:1259), com.intellect.contextual.util.process.DynamicAPIUtil.getApiData(DynamicAPIUtil.java:132), com.intellect.contextual.util.process.DynamicAPIUtil.getAPIDataString(DynamicAPIUtil.java:173), com.intellect.contextual.util.process.DynamicAPIUtil$$FastClassBySpringCGLIB$$f6aea0c6.invoke(<generated>), org.springframework.cglib.proxy.MethodProxy.invoke(MethodProxy.java:218), org.springframework.aop.framework.CglibAopProxy$CglibMethodInvocation.invokeJoinpoint(CglibAopProxy.java:749), org.springframework.aop.framework.ReflectiveMethodInvocation.proceed(ReflectiveMethodInvocation.java:163), org.springframework.aop.framework.adapter.AfterReturningAdviceInterceptor.invoke(AfterReturningAdviceInterceptor.java:55), org.springframework.aop.framework.ReflectiveMethodInvocation.proceed(ReflectiveMethodInvocation.java:186), org.springframework.aop.aspectj.AspectJAfterThrowingAdvice.invoke(AspectJAfterThrowingAdvice.java:62), org.springframework.aop.framework.ReflectiveMethodInvocation.proceed(ReflectiveMethodInvocation.java:186), org.springframework.aop.interceptor.ExposeInvocationInterceptor.invoke(ExposeInvocationInterceptor.java:93), org.springframework.aop.framework.ReflectiveMethodInvocation.proceed(ReflectiveMethodInvocation.java:186), org.springframework.aop.framework.CglibAopProxy$DynamicAdvisedInterceptor.intercept(CglibAopProxy.java:688), com.intellect.contextual.util.process.DynamicAPIUtil$$EnhancerBySpringCGLIB$$b775c5ff.getAPIDataString(<generated>), com.intellect.contextual.util.process.RuleEngineConfig.lambda$channelType$16(RuleEngineConfig.java:183), com.intellect.contextual.util.process.ERule.enrichFinalValue(ERule.java:193), com.intellect.contextual.util.process.ERule.enrichData(ERule.java:104), com.intellect.contextual.util.process.ERule$$FastClassBySpringCGLIB$$a6bd7a18.invoke(<generated>), org.springframework.cglib.proxy.MethodProxy.invoke(MethodProxy.java:218), org.springframework.aop.framework.CglibAopProxy$CglibMethodInvocation.invokeJoinpoint(CglibAopProxy.java:749), org.springframework.aop.framework.ReflectiveMethodInvocation.proceed(ReflectiveMethodInvocation.java:163), org.springframework.aop.framework.adapter.AfterReturningAdviceInterceptor.invoke(AfterReturningAdviceInterceptor.java:55), org.springframework.aop.framework.ReflectiveMethodInvocation.proceed(ReflectiveMethodInvocation.java:186), org.springframework.aop.aspectj.AspectJAfterThrowingAdvice.invoke(AspectJAfterThrowingAdvice.java:62), org.springframework.aop.framework.ReflectiveMethodInvocation.proceed(ReflectiveMethodInvocation.java:186), org.springframework.aop.interceptor.ExposeInvocationInterceptor.invoke(ExposeInvocationInterceptor.java:93), org.springframework.aop.framework.ReflectiveMethodInvocation.proceed(ReflectiveMethodInvocation.java:186), org.springframework.aop.framework.CglibAopProxy$DynamicAdvisedInterceptor.intercept(CglibAopProxy.java:688), com.intellect.contextual.util.process.ERule$$EnhancerBySpringCGLIB$$5f03b535.enrichData(<generated>), com.intellect.contextual.service.decisionparams.DecisionService.lambda$null$9(DecisionService.java:131), java.util.ArrayList.forEach(ArrayList.java:1259), com.intellect.contextual.service.decisionparams.DecisionService.lambda$decisionParamProcessor$10(DecisionService.java:110), com.intellect.contextual.service.decisionparams.DecisionService.lambda$null$12(DecisionService.java:163), java.util.concurrent.FutureTask.run(FutureTask.java:266), java.util.concurrent.ThreadPoolExecutor.runWorker(ThreadPoolExecutor.java:1149), java.util.concurrent.ThreadPoolExecutor$Worker.run(Thr')
,('210428-05243810-6080904f15','837937620','2021-04-28 05:38:11.120','L3 - DECISION-HANDLER','S1 - ENRICH-OFFERING-DECISION-PARAM','Y','null','json string can not be null or empty','[com.jayway.jsonpath.internal.Utils.notEmpty(Utils.java:386), com.jayway.jsonpath.internal.ParseContextImpl.parse(ParseContextImpl.java:36), com.jayway.jsonpath.JsonPath.read(JsonPath.java:502), com.intellect.contextual.util.common.CommonUtil.searchInRequestBodyForPath(CommonUtil.java:85), com.intellect.contextual.util.process.DynamicAPIUtil.lambda$getApiData$3(DynamicAPIUtil.java:132), java.util.ArrayList.forEach(ArrayList.java:1259), com.intellect.contextual.util.process.DynamicAPIUtil.getApiData(DynamicAPIUtil.java:132), com.intellect.contextual.util.process.DynamicAPIUtil.getAPIDataString(DynamicAPIUtil.java:173), com.intellect.contextual.util.process.DynamicAPIUtil$$FastClassBySpringCGLIB$$f6aea0c6.invoke(<generated>), org.springframework.cglib.proxy.MethodProxy.invoke(MethodProxy.java:218), org.springframework.aop.framework.CglibAopProxy$CglibMethodInvocation.invokeJoinpoint(CglibAopProxy.java:749), org.springframework.aop.framework.ReflectiveMethodInvocation.proceed(ReflectiveMethodInvocation.java:163), org.springframework.aop.framework.adapter.AfterReturningAdviceInterceptor.invoke(AfterReturningAdviceInterceptor.java:55), org.springframework.aop.framework.ReflectiveMethodInvocation.proceed(ReflectiveMethodInvocation.java:186), org.springframework.aop.aspectj.AspectJAfterThrowingAdvice.invoke(AspectJAfterThrowingAdvice.java:62), org.springframework.aop.framework.ReflectiveMethodInvocation.proceed(ReflectiveMethodInvocation.java:186), org.springframework.aop.interceptor.ExposeInvocationInterceptor.invoke(ExposeInvocationInterceptor.java:93), org.springframework.aop.framework.ReflectiveMethodInvocation.proceed(ReflectiveMethodInvocation.java:186), org.springframework.aop.framework.CglibAopProxy$DynamicAdvisedInterceptor.intercept(CglibAopProxy.java:688), com.intellect.contextual.util.process.DynamicAPIUtil$$EnhancerBySpringCGLIB$$b775c5ff.getAPIDataString(<generated>), com.intellect.contextual.util.process.RuleEngineConfig.lambda$channelType$16(RuleEngineConfig.java:183), com.intellect.contextual.util.process.ERule.enrichFinalValue(ERule.java:193), com.intellect.contextual.util.process.ERule.enrichData(ERule.java:104), com.intellect.contextual.util.process.ERule$$FastClassBySpringCGLIB$$a6bd7a18.invoke(<generated>), org.springframework.cglib.proxy.MethodProxy.invoke(MethodProxy.java:218), org.springframework.aop.framework.CglibAopProxy$CglibMethodInvocation.invokeJoinpoint(CglibAopProxy.java:749), org.springframework.aop.framework.ReflectiveMethodInvocation.proceed(ReflectiveMethodInvocation.java:163), org.springframework.aop.framework.adapter.AfterReturningAdviceInterceptor.invoke(AfterReturningAdviceInterceptor.java:55), org.springframework.aop.framework.ReflectiveMethodInvocation.proceed(ReflectiveMethodInvocation.java:186), org.springframework.aop.aspectj.AspectJAfterThrowingAdvice.invoke(AspectJAfterThrowingAdvice.java:62), org.springframework.aop.framework.ReflectiveMethodInvocation.proceed(ReflectiveMethodInvocation.java:186), org.springframework.aop.interceptor.ExposeInvocationInterceptor.invoke(ExposeInvocationInterceptor.java:93), org.springframework.aop.framework.ReflectiveMethodInvocation.proceed(ReflectiveMethodInvocation.java:186), org.springframework.aop.framework.CglibAopProxy$DynamicAdvisedInterceptor.intercept(CglibAopProxy.java:688), com.intellect.contextual.util.process.ERule$$EnhancerBySpringCGLIB$$5f03b535.enrichData(<generated>), com.intellect.contextual.service.decisionparams.DecisionService.lambda$null$9(DecisionService.java:131), java.util.ArrayList.forEach(ArrayList.java:1259), com.intellect.contextual.service.decisionparams.DecisionService.lambda$decisionParamProcessor$10(DecisionService.java:110), com.intellect.contextual.service.decisionparams.DecisionService.lambda$null$12(DecisionService.java:163), java.util.concurrent.FutureTask.run(FutureTask.java:266), java.util.concurrent.ThreadPoolExecutor.runWorker(ThreadPoolExecutor.java:1149), java.util.concurrent.ThreadPoolExecutor$Worker.run(Thr')
,('210428-05243810-6080904f15','837937620','2021-04-28 05:38:11.211','L3 - DECISION-HANDLER','S1 - ENRICH-OFFERING-DECISION-PARAM','Y','null','json string can not be null or empty','[com.jayway.jsonpath.internal.Utils.notEmpty(Utils.java:386), com.jayway.jsonpath.internal.ParseContextImpl.parse(ParseContextImpl.java:36), com.jayway.jsonpath.JsonPath.read(JsonPath.java:502), com.intellect.contextual.util.common.CommonUtil.searchInRequestBodyForPath(CommonUtil.java:85), com.intellect.contextual.util.process.DynamicAPIUtil.lambda$getApiData$3(DynamicAPIUtil.java:132), java.util.ArrayList.forEach(ArrayList.java:1259), com.intellect.contextual.util.process.DynamicAPIUtil.getApiData(DynamicAPIUtil.java:132), com.intellect.contextual.util.process.DynamicAPIUtil.getAPIDataString(DynamicAPIUtil.java:173), com.intellect.contextual.util.process.DynamicAPIUtil$$FastClassBySpringCGLIB$$f6aea0c6.invoke(<generated>), org.springframework.cglib.proxy.MethodProxy.invoke(MethodProxy.java:218), org.springframework.aop.framework.CglibAopProxy$CglibMethodInvocation.invokeJoinpoint(CglibAopProxy.java:749), org.springframework.aop.framework.ReflectiveMethodInvocation.proceed(ReflectiveMethodInvocation.java:163), org.springframework.aop.framework.adapter.AfterReturningAdviceInterceptor.invoke(AfterReturningAdviceInterceptor.java:55), org.springframework.aop.framework.ReflectiveMethodInvocation.proceed(ReflectiveMethodInvocation.java:186), org.springframework.aop.aspectj.AspectJAfterThrowingAdvice.invoke(AspectJAfterThrowingAdvice.java:62), org.springframework.aop.framework.ReflectiveMethodInvocation.proceed(ReflectiveMethodInvocation.java:186), org.springframework.aop.interceptor.ExposeInvocationInterceptor.invoke(ExposeInvocationInterceptor.java:93), org.springframework.aop.framework.ReflectiveMethodInvocation.proceed(ReflectiveMethodInvocation.java:186), org.springframework.aop.framework.CglibAopProxy$DynamicAdvisedInterceptor.intercept(CglibAopProxy.java:688), com.intellect.contextual.util.process.DynamicAPIUtil$$EnhancerBySpringCGLIB$$b775c5ff.getAPIDataString(<generated>), com.intellect.contextual.util.process.RuleEngineConfig.lambda$channelType$16(RuleEngineConfig.java:183), com.intellect.contextual.util.process.ERule.enrichFinalValue(ERule.java:193), com.intellect.contextual.util.process.ERule.enrichData(ERule.java:104), com.intellect.contextual.util.process.ERule$$FastClassBySpringCGLIB$$a6bd7a18.invoke(<generated>), org.springframework.cglib.proxy.MethodProxy.invoke(MethodProxy.java:218), org.springframework.aop.framework.CglibAopProxy$CglibMethodInvocation.invokeJoinpoint(CglibAopProxy.java:749), org.springframework.aop.framework.ReflectiveMethodInvocation.proceed(ReflectiveMethodInvocation.java:163), org.springframework.aop.framework.adapter.AfterReturningAdviceInterceptor.invoke(AfterReturningAdviceInterceptor.java:55), org.springframework.aop.framework.ReflectiveMethodInvocation.proceed(ReflectiveMethodInvocation.java:186), org.springframework.aop.aspectj.AspectJAfterThrowingAdvice.invoke(AspectJAfterThrowingAdvice.java:62), org.springframework.aop.framework.ReflectiveMethodInvocation.proceed(ReflectiveMethodInvocation.java:186), org.springframework.aop.interceptor.ExposeInvocationInterceptor.invoke(ExposeInvocationInterceptor.java:93), org.springframework.aop.framework.ReflectiveMethodInvocation.proceed(ReflectiveMethodInvocation.java:186), org.springframework.aop.framework.CglibAopProxy$DynamicAdvisedInterceptor.intercept(CglibAopProxy.java:688), com.intellect.contextual.util.process.ERule$$EnhancerBySpringCGLIB$$5f03b535.enrichData(<generated>), com.intellect.contextual.service.decisionparams.DecisionService.lambda$null$9(DecisionService.java:131), java.util.ArrayList.forEach(ArrayList.java:1259), com.intellect.contextual.service.decisionparams.DecisionService.lambda$decisionParamProcessor$10(DecisionService.java:110), com.intellect.contextual.service.decisionparams.DecisionService.lambda$null$12(DecisionService.java:163), java.util.concurrent.FutureTask.run(FutureTask.java:266), java.util.concurrent.ThreadPoolExecutor.runWorker(ThreadPoolExecutor.java:1149), java.util.concurrent.ThreadPoolExecutor$Worker.run(Thr')
,('210428-05243810-6080904f15','837937620','2021-04-28 05:38:11.218','L3 - DECISION-HANDLER','S1 - ENRICH-OFFERING-DECISION-PARAM','Y','null','json string can not be null or empty','[com.jayway.jsonpath.internal.Utils.notEmpty(Utils.java:386), com.jayway.jsonpath.internal.ParseContextImpl.parse(ParseContextImpl.java:36), com.jayway.jsonpath.JsonPath.read(JsonPath.java:502), com.intellect.contextual.util.common.CommonUtil.searchInRequestBodyForPath(CommonUtil.java:85), com.intellect.contextual.util.process.DynamicAPIUtil.lambda$getApiData$3(DynamicAPIUtil.java:132), java.util.ArrayList.forEach(ArrayList.java:1259), com.intellect.contextual.util.process.DynamicAPIUtil.getApiData(DynamicAPIUtil.java:132), com.intellect.contextual.util.process.DynamicAPIUtil.getAPIDataString(DynamicAPIUtil.java:173), com.intellect.contextual.util.process.DynamicAPIUtil$$FastClassBySpringCGLIB$$f6aea0c6.invoke(<generated>), org.springframework.cglib.proxy.MethodProxy.invoke(MethodProxy.java:218), org.springframework.aop.framework.CglibAopProxy$CglibMethodInvocation.invokeJoinpoint(CglibAopProxy.java:749), org.springframework.aop.framework.ReflectiveMethodInvocation.proceed(ReflectiveMethodInvocation.java:163), org.springframework.aop.framework.adapter.AfterReturningAdviceInterceptor.invoke(AfterReturningAdviceInterceptor.java:55), org.springframework.aop.framework.ReflectiveMethodInvocation.proceed(ReflectiveMethodInvocation.java:186), org.springframework.aop.aspectj.AspectJAfterThrowingAdvice.invoke(AspectJAfterThrowingAdvice.java:62), org.springframework.aop.framework.ReflectiveMethodInvocation.proceed(ReflectiveMethodInvocation.java:186), org.springframework.aop.interceptor.ExposeInvocationInterceptor.invoke(ExposeInvocationInterceptor.java:93), org.springframework.aop.framework.ReflectiveMethodInvocation.proceed(ReflectiveMethodInvocation.java:186), org.springframework.aop.framework.CglibAopProxy$DynamicAdvisedInterceptor.intercept(CglibAopProxy.java:688), com.intellect.contextual.util.process.DynamicAPIUtil$$EnhancerBySpringCGLIB$$b775c5ff.getAPIDataString(<generated>), com.intellect.contextual.util.process.RuleEngineConfig.lambda$channelType$16(RuleEngineConfig.java:183), com.intellect.contextual.util.process.ERule.enrichFinalValue(ERule.java:193), com.intellect.contextual.util.process.ERule.enrichData(ERule.java:104), com.intellect.contextual.util.process.ERule$$FastClassBySpringCGLIB$$a6bd7a18.invoke(<generated>), org.springframework.cglib.proxy.MethodProxy.invoke(MethodProxy.java:218), org.springframework.aop.framework.CglibAopProxy$CglibMethodInvocation.invokeJoinpoint(CglibAopProxy.java:749), org.springframework.aop.framework.ReflectiveMethodInvocation.proceed(ReflectiveMethodInvocation.java:163), org.springframework.aop.framework.adapter.AfterReturningAdviceInterceptor.invoke(AfterReturningAdviceInterceptor.java:55), org.springframework.aop.framework.ReflectiveMethodInvocation.proceed(ReflectiveMethodInvocation.java:186), org.springframework.aop.aspectj.AspectJAfterThrowingAdvice.invoke(AspectJAfterThrowingAdvice.java:62), org.springframework.aop.framework.ReflectiveMethodInvocation.proceed(ReflectiveMethodInvocation.java:186), org.springframework.aop.interceptor.ExposeInvocationInterceptor.invoke(ExposeInvocationInterceptor.java:93), org.springframework.aop.framework.ReflectiveMethodInvocation.proceed(ReflectiveMethodInvocation.java:186), org.springframework.aop.framework.CglibAopProxy$DynamicAdvisedInterceptor.intercept(CglibAopProxy.java:688), com.intellect.contextual.util.process.ERule$$EnhancerBySpringCGLIB$$5f03b535.enrichData(<generated>), com.intellect.contextual.service.decisionparams.DecisionService.lambda$null$9(DecisionService.java:131), java.util.ArrayList.forEach(ArrayList.java:1259), com.intellect.contextual.service.decisionparams.DecisionService.lambda$decisionParamProcessor$10(DecisionService.java:110), com.intellect.contextual.service.decisionparams.DecisionService.lambda$null$12(DecisionService.java:163), java.util.concurrent.FutureTask.run(FutureTask.java:266), java.util.concurrent.ThreadPoolExecutor.runWorker(ThreadPoolExecutor.java:1149), java.util.concurrent.ThreadPoolExecutor$Worker.run(Thr')
,('210428-05243810-6080904f15','837937620','2021-04-28 05:38:11.260','L3 - DECISION-HANDLER','S1 - ENRICH-OFFERING-DECISION-PARAM','Y','null','Unable to process the offering list. Please verify the config','[com.intellect.contextual.service.decisionparams.DecisionService.decisionParamProcessor(DecisionService.java:180), com.intellect.contextual.service.decisionparams.DecisionService$$FastClassBySpringCGLIB$$a146bd48.invoke(<generated>), org.springframework.cglib.proxy.MethodProxy.invoke(MethodProxy.java:218), org.springframework.aop.framework.CglibAopProxy$CglibMethodInvocation.invokeJoinpoint(CglibAopProxy.java:749), org.springframework.aop.framework.ReflectiveMethodInvocation.proceed(ReflectiveMethodInvocation.java:163), org.springframework.aop.framework.adapter.AfterReturningAdviceInterceptor.invoke(AfterReturningAdviceInterceptor.java:55), org.springframework.aop.framework.ReflectiveMethodInvocation.proceed(ReflectiveMethodInvocation.java:186), org.springframework.aop.aspectj.AspectJAfterThrowingAdvice.invoke(AspectJAfterThrowingAdvice.java:62), org.springframework.aop.framework.ReflectiveMethodInvocation.proceed(ReflectiveMethodInvocation.java:186), org.springframework.aop.interceptor.ExposeInvocationInterceptor.invoke(ExposeInvocationInterceptor.java:93), org.springframework.aop.framework.ReflectiveMethodInvocation.proceed(ReflectiveMethodInvocation.java:186), org.springframework.aop.framework.CglibAopProxy$DynamicAdvisedInterceptor.intercept(CglibAopProxy.java:688), com.intellect.contextual.service.decisionparams.DecisionService$$EnhancerBySpringCGLIB$$e2afcc5.decisionParamProcessor(<generated>), com.intellect.contextual.service.decisionparams.DecisionHandler.execute(DecisionHandler.java:65), com.intellect.contextual.service.decisionparams.DecisionHandler$$FastClassBySpringCGLIB$$544e4ddd.invoke(<generated>), org.springframework.cglib.proxy.MethodProxy.invoke(MethodProxy.java:218), org.springframework.aop.framework.CglibAopProxy$CglibMethodInvocation.invokeJoinpoint(CglibAopProxy.java:749), org.springframework.aop.framework.ReflectiveMethodInvocation.proceed(ReflectiveMethodInvocation.java:163), org.springframework.aop.framework.adapter.AfterReturningAdviceInterceptor.invoke(AfterReturningAdviceInterceptor.java:55), org.springframework.aop.framework.ReflectiveMethodInvocation.proceed(ReflectiveMethodInvocation.java:186), org.springframework.aop.aspectj.AspectJAfterThrowingAdvice.invoke(AspectJAfterThrowingAdvice.java:62), org.springframework.aop.framework.ReflectiveMethodInvocation.proceed(ReflectiveMethodInvocation.java:186), org.springframework.aop.interceptor.ExposeInvocationInterceptor.invoke(ExposeInvocationInterceptor.java:93), org.springframework.aop.framework.ReflectiveMethodInvocation.proceed(ReflectiveMethodInvocation.java:186), org.springframework.aop.framework.CglibAopProxy$DynamicAdvisedInterceptor.intercept(CglibAopProxy.java:688), com.intellect.contextual.service.decisionparams.DecisionHandler$$EnhancerBySpringCGLIB$$aa0233a4.execute(<generated>), com.intellect.contextual.service.orchestrator.GetRecommendationOrchestrator.execute(GetRecommendationOrchestrator.java:65), com.intellect.contextual.service.orchestrator.GetRecommendationOrchestrator$$FastClassBySpringCGLIB$$e224a390.invoke(<generated>), org.springframework.cglib.proxy.MethodProxy.invoke(MethodProxy.java:218), org.springframework.aop.framework.CglibAopProxy$CglibMethodInvocation.invokeJoinpoint(CglibAopProxy.java:749), org.springframework.aop.framework.ReflectiveMethodInvocation.proceed(ReflectiveMethodInvocation.java:163), org.springframework.aop.framework.adapter.AfterReturningAdviceInterceptor.invoke(AfterReturningAdviceInterceptor.java:55), org.springframework.aop.framework.ReflectiveMethodInvocation.proceed(ReflectiveMethodInvocation.java:186), org.springframework.aop.aspectj.AspectJAfterThrowingAdvice.invoke(AspectJAfterThrowingAdvice.java:62), org.springframework.aop.framework.ReflectiveMethodInvocation.proceed(ReflectiveMethodInvocation.java:186), org.springframework.aop.interceptor.ExposeInvocationInterceptor.invoke(ExposeInvocationInterceptor.java:93), org.springframework.aop.framework.ReflectiveMethodInvocation.proceed(ReflectiveMethodI')
,('210428-05243810-6080904f15','837937620','2021-04-28 05:38:11.270','L3 - DECISION-HANDLER','S1 - ENRICH-OFFERING-DECISION-PARAM','Y','null','Unable to process the offering list. Please verify the config','[com.intellect.contextual.service.decisionparams.DecisionService.decisionParamProcessor(DecisionService.java:180), com.intellect.contextual.service.decisionparams.DecisionService$$FastClassBySpringCGLIB$$a146bd48.invoke(<generated>), org.springframework.cglib.proxy.MethodProxy.invoke(MethodProxy.java:218), org.springframework.aop.framework.CglibAopProxy$CglibMethodInvocation.invokeJoinpoint(CglibAopProxy.java:749), org.springframework.aop.framework.ReflectiveMethodInvocation.proceed(ReflectiveMethodInvocation.java:163), org.springframework.aop.framework.adapter.AfterReturningAdviceInterceptor.invoke(AfterReturningAdviceInterceptor.java:55), org.springframework.aop.framework.ReflectiveMethodInvocation.proceed(ReflectiveMethodInvocation.java:186), org.springframework.aop.aspectj.AspectJAfterThrowingAdvice.invoke(AspectJAfterThrowingAdvice.java:62), org.springframework.aop.framework.ReflectiveMethodInvocation.proceed(ReflectiveMethodInvocation.java:186), org.springframework.aop.interceptor.ExposeInvocationInterceptor.invoke(ExposeInvocationInterceptor.java:93), org.springframework.aop.framework.ReflectiveMethodInvocation.proceed(ReflectiveMethodInvocation.java:186), org.springframework.aop.framework.CglibAopProxy$DynamicAdvisedInterceptor.intercept(CglibAopProxy.java:688), com.intellect.contextual.service.decisionparams.DecisionService$$EnhancerBySpringCGLIB$$e2afcc5.decisionParamProcessor(<generated>), com.intellect.contextual.service.decisionparams.DecisionHandler.execute(DecisionHandler.java:65), com.intellect.contextual.service.decisionparams.DecisionHandler$$FastClassBySpringCGLIB$$544e4ddd.invoke(<generated>), org.springframework.cglib.proxy.MethodProxy.invoke(MethodProxy.java:218), org.springframework.aop.framework.CglibAopProxy$CglibMethodInvocation.invokeJoinpoint(CglibAopProxy.java:749), org.springframework.aop.framework.ReflectiveMethodInvocation.proceed(ReflectiveMethodInvocation.java:163), org.springframework.aop.framework.adapter.AfterReturningAdviceInterceptor.invoke(AfterReturningAdviceInterceptor.java:55), org.springframework.aop.framework.ReflectiveMethodInvocation.proceed(ReflectiveMethodInvocation.java:186), org.springframework.aop.aspectj.AspectJAfterThrowingAdvice.invoke(AspectJAfterThrowingAdvice.java:62), org.springframework.aop.framework.ReflectiveMethodInvocation.proceed(ReflectiveMethodInvocation.java:186), org.springframework.aop.interceptor.ExposeInvocationInterceptor.invoke(ExposeInvocationInterceptor.java:93), org.springframework.aop.framework.ReflectiveMethodInvocation.proceed(ReflectiveMethodInvocation.java:186), org.springframework.aop.framework.CglibAopProxy$DynamicAdvisedInterceptor.intercept(CglibAopProxy.java:688), com.intellect.contextual.service.decisionparams.DecisionHandler$$EnhancerBySpringCGLIB$$aa0233a4.execute(<generated>), com.intellect.contextual.service.orchestrator.GetRecommendationOrchestrator.execute(GetRecommendationOrchestrator.java:65), com.intellect.contextual.service.orchestrator.GetRecommendationOrchestrator$$FastClassBySpringCGLIB$$e224a390.invoke(<generated>), org.springframework.cglib.proxy.MethodProxy.invoke(MethodProxy.java:218), org.springframework.aop.framework.CglibAopProxy$CglibMethodInvocation.invokeJoinpoint(CglibAopProxy.java:749), org.springframework.aop.framework.ReflectiveMethodInvocation.proceed(ReflectiveMethodInvocation.java:163), org.springframework.aop.framework.adapter.AfterReturningAdviceInterceptor.invoke(AfterReturningAdviceInterceptor.java:55), org.springframework.aop.framework.ReflectiveMethodInvocation.proceed(ReflectiveMethodInvocation.java:186), org.springframework.aop.aspectj.AspectJAfterThrowingAdvice.invoke(AspectJAfterThrowingAdvice.java:62), org.springframework.aop.framework.ReflectiveMethodInvocation.proceed(ReflectiveMethodInvocation.java:186), org.springframework.aop.interceptor.ExposeInvocationInterceptor.invoke(ExposeInvocationInterceptor.java:93), org.springframework.aop.framework.ReflectiveMethodInvocation.proceed(ReflectiveMethodI')
,('210428-07242149-20eaa74b82','837937620','2021-04-28 19:25:16.485','L3 - DECISION-HANDLER','S1 - ENRICH-OFFERING-DECISION-PARAM','N','null','json string can not be null or empty','[com.jayway.jsonpath.internal.Utils.notEmpty(Utils.java:386), com.jayway.jsonpath.internal.ParseContextImpl.parse(ParseContextImpl.java:36), com.jayway.jsonpath.JsonPath.read(JsonPath.java:502), com.intellect.contextual.util.common.CommonUtil.searchInRequestBodyForPath(CommonUtil.java:85), com.intellect.contextual.util.process.DynamicAPIUtil.lambda$getApiData$3(DynamicAPIUtil.java:132), java.util.ArrayList.forEach(ArrayList.java:1249), com.intellect.contextual.util.process.DynamicAPIUtil.getApiData(DynamicAPIUtil.java:132), com.intellect.contextual.util.process.DynamicAPIUtil.getAPIDataString(DynamicAPIUtil.java:173), com.intellect.contextual.util.process.DynamicAPIUtil$$FastClassBySpringCGLIB$$f6aea0c6.invoke(<generated>), org.springframework.cglib.proxy.MethodProxy.invoke(MethodProxy.java:218), org.springframework.aop.framework.CglibAopProxy$CglibMethodInvocation.invokeJoinpoint(CglibAopProxy.java:749), org.springframework.aop.framework.ReflectiveMethodInvocation.proceed(ReflectiveMethodInvocation.java:163), org.springframework.aop.framework.adapter.AfterReturningAdviceInterceptor.invoke(AfterReturningAdviceInterceptor.java:55), org.springframework.aop.framework.ReflectiveMethodInvocation.proceed(ReflectiveMethodInvocation.java:186), org.springframework.aop.aspectj.AspectJAfterThrowingAdvice.invoke(AspectJAfterThrowingAdvice.java:62), org.springframework.aop.framework.ReflectiveMethodInvocation.proceed(ReflectiveMethodInvocation.java:186), org.springframework.aop.interceptor.ExposeInvocationInterceptor.invoke(ExposeInvocationInterceptor.java:93), org.springframework.aop.framework.ReflectiveMethodInvocation.proceed(ReflectiveMethodInvocation.java:186), org.springframework.aop.framework.CglibAopProxy$DynamicAdvisedInterceptor.intercept(CglibAopProxy.java:688), com.intellect.contextual.util.process.DynamicAPIUtil$$EnhancerBySpringCGLIB$$7b79a0d1.getAPIDataString(<generated>), com.intellect.contextual.util.process.RuleEngineConfig.lambda$channelType$16(RuleEngineConfig.java:183), com.intellect.contextual.util.process.ERule.enrichFinalValue(ERule.java:193), com.intellect.contextual.util.process.ERule.enrichData(ERule.java:104), com.intellect.contextual.util.process.ERule$$FastClassBySpringCGLIB$$a6bd7a18.invoke(<generated>), org.springframework.cglib.proxy.MethodProxy.invoke(MethodProxy.java:218), org.springframework.aop.framework.CglibAopProxy$CglibMethodInvocation.invokeJoinpoint(CglibAopProxy.java:749), org.springframework.aop.framework.ReflectiveMethodInvocation.proceed(ReflectiveMethodInvocation.java:163), org.springframework.aop.framework.adapter.AfterReturningAdviceInterceptor.invoke(AfterReturningAdviceInterceptor.java:55), org.springframework.aop.framework.ReflectiveMethodInvocation.proceed(ReflectiveMethodInvocation.java:186), org.springframework.aop.aspectj.AspectJAfterThrowingAdvice.invoke(AspectJAfterThrowingAdvice.java:62), org.springframework.aop.framework.ReflectiveMethodInvocation.proceed(ReflectiveMethodInvocation.java:186), org.springframework.aop.interceptor.ExposeInvocationInterceptor.invoke(ExposeInvocationInterceptor.java:93), org.springframework.aop.framework.ReflectiveMethodInvocation.proceed(ReflectiveMethodInvocation.java:186), org.springframework.aop.framework.CglibAopProxy$DynamicAdvisedInterceptor.intercept(CglibAopProxy.java:688), com.intellect.contextual.util.process.ERule$$EnhancerBySpringCGLIB$$23079007.enrichData(<generated>), com.intellect.contextual.service.decisionparams.DecisionService.lambda$null$9(DecisionService.java:131), java.util.ArrayList.forEach(ArrayList.java:1249), com.intellect.contextual.service.decisionparams.DecisionService.lambda$decisionParamProcessor$10(DecisionService.java:110), com.intellect.contextual.service.decisionparams.DecisionService.lambda$null$12(DecisionService.java:165), java.util.concurrent.FutureTask.run(FutureTask.java:266), java.util.concurrent.ThreadPoolExecutor.runWorker(ThreadPoolExecutor.java:1149), java.util.concurrent.ThreadPoolExecutor$Worker.run(Thr')
;
INSERT INTO "CP".icp_exception_log (api_cp_reference_id,api_channel_request_id,api_date_time,api_layer,api_stage,api_fine_grain,api_payload,api_error_msg,api_error_trace) VALUES 
('210428-07242149-20eaa74b82','837937620','2021-04-28 19:25:17.955','L3 - DECISION-HANDLER','S1 - ENRICH-OFFERING-DECISION-PARAM','N','null','json string can not be null or empty','[com.jayway.jsonpath.internal.Utils.notEmpty(Utils.java:386), com.jayway.jsonpath.internal.ParseContextImpl.parse(ParseContextImpl.java:36), com.jayway.jsonpath.JsonPath.read(JsonPath.java:502), com.intellect.contextual.util.common.CommonUtil.searchInRequestBodyForPath(CommonUtil.java:85), com.intellect.contextual.util.process.DynamicAPIUtil.lambda$getApiData$3(DynamicAPIUtil.java:132), java.util.ArrayList.forEach(ArrayList.java:1249), com.intellect.contextual.util.process.DynamicAPIUtil.getApiData(DynamicAPIUtil.java:132), com.intellect.contextual.util.process.DynamicAPIUtil.getAPIDataString(DynamicAPIUtil.java:173), com.intellect.contextual.util.process.DynamicAPIUtil$$FastClassBySpringCGLIB$$f6aea0c6.invoke(<generated>), org.springframework.cglib.proxy.MethodProxy.invoke(MethodProxy.java:218), org.springframework.aop.framework.CglibAopProxy$CglibMethodInvocation.invokeJoinpoint(CglibAopProxy.java:749), org.springframework.aop.framework.ReflectiveMethodInvocation.proceed(ReflectiveMethodInvocation.java:163), org.springframework.aop.framework.adapter.AfterReturningAdviceInterceptor.invoke(AfterReturningAdviceInterceptor.java:55), org.springframework.aop.framework.ReflectiveMethodInvocation.proceed(ReflectiveMethodInvocation.java:186), org.springframework.aop.aspectj.AspectJAfterThrowingAdvice.invoke(AspectJAfterThrowingAdvice.java:62), org.springframework.aop.framework.ReflectiveMethodInvocation.proceed(ReflectiveMethodInvocation.java:186), org.springframework.aop.interceptor.ExposeInvocationInterceptor.invoke(ExposeInvocationInterceptor.java:93), org.springframework.aop.framework.ReflectiveMethodInvocation.proceed(ReflectiveMethodInvocation.java:186), org.springframework.aop.framework.CglibAopProxy$DynamicAdvisedInterceptor.intercept(CglibAopProxy.java:688), com.intellect.contextual.util.process.DynamicAPIUtil$$EnhancerBySpringCGLIB$$7b79a0d1.getAPIDataString(<generated>), com.intellect.contextual.util.process.RuleEngineConfig.lambda$channelType$16(RuleEngineConfig.java:183), com.intellect.contextual.util.process.ERule.enrichFinalValue(ERule.java:193), com.intellect.contextual.util.process.ERule.enrichData(ERule.java:104), com.intellect.contextual.util.process.ERule$$FastClassBySpringCGLIB$$a6bd7a18.invoke(<generated>), org.springframework.cglib.proxy.MethodProxy.invoke(MethodProxy.java:218), org.springframework.aop.framework.CglibAopProxy$CglibMethodInvocation.invokeJoinpoint(CglibAopProxy.java:749), org.springframework.aop.framework.ReflectiveMethodInvocation.proceed(ReflectiveMethodInvocation.java:163), org.springframework.aop.framework.adapter.AfterReturningAdviceInterceptor.invoke(AfterReturningAdviceInterceptor.java:55), org.springframework.aop.framework.ReflectiveMethodInvocation.proceed(ReflectiveMethodInvocation.java:186), org.springframework.aop.aspectj.AspectJAfterThrowingAdvice.invoke(AspectJAfterThrowingAdvice.java:62), org.springframework.aop.framework.ReflectiveMethodInvocation.proceed(ReflectiveMethodInvocation.java:186), org.springframework.aop.interceptor.ExposeInvocationInterceptor.invoke(ExposeInvocationInterceptor.java:93), org.springframework.aop.framework.ReflectiveMethodInvocation.proceed(ReflectiveMethodInvocation.java:186), org.springframework.aop.framework.CglibAopProxy$DynamicAdvisedInterceptor.intercept(CglibAopProxy.java:688), com.intellect.contextual.util.process.ERule$$EnhancerBySpringCGLIB$$23079007.enrichData(<generated>), com.intellect.contextual.service.decisionparams.DecisionService.lambda$null$9(DecisionService.java:131), java.util.ArrayList.forEach(ArrayList.java:1249), com.intellect.contextual.service.decisionparams.DecisionService.lambda$decisionParamProcessor$10(DecisionService.java:110), com.intellect.contextual.service.decisionparams.DecisionService.lambda$null$12(DecisionService.java:165), java.util.concurrent.FutureTask.run(FutureTask.java:266), java.util.concurrent.ThreadPoolExecutor.runWorker(ThreadPoolExecutor.java:1149), java.util.concurrent.ThreadPoolExecutor$Worker.run(Thr')
,('210428-07242149-20eaa74b82','837937620','2021-04-28 19:25:37.335','L3 - DECISION-HANDLER','S1 - ENRICH-OFFERING-DECISION-PARAM','Y','null','json string can not be null or empty','[com.jayway.jsonpath.internal.Utils.notEmpty(Utils.java:386), com.jayway.jsonpath.internal.ParseContextImpl.parse(ParseContextImpl.java:36), com.jayway.jsonpath.JsonPath.read(JsonPath.java:502), com.intellect.contextual.util.common.CommonUtil.searchInRequestBodyForPath(CommonUtil.java:85), com.intellect.contextual.util.process.DynamicAPIUtil.lambda$getApiData$3(DynamicAPIUtil.java:132), java.util.ArrayList.forEach(ArrayList.java:1249), com.intellect.contextual.util.process.DynamicAPIUtil.getApiData(DynamicAPIUtil.java:132), com.intellect.contextual.util.process.DynamicAPIUtil.getAPIDataString(DynamicAPIUtil.java:173), com.intellect.contextual.util.process.DynamicAPIUtil$$FastClassBySpringCGLIB$$f6aea0c6.invoke(<generated>), org.springframework.cglib.proxy.MethodProxy.invoke(MethodProxy.java:218), org.springframework.aop.framework.CglibAopProxy$CglibMethodInvocation.invokeJoinpoint(CglibAopProxy.java:749), org.springframework.aop.framework.ReflectiveMethodInvocation.proceed(ReflectiveMethodInvocation.java:163), org.springframework.aop.framework.adapter.AfterReturningAdviceInterceptor.invoke(AfterReturningAdviceInterceptor.java:55), org.springframework.aop.framework.ReflectiveMethodInvocation.proceed(ReflectiveMethodInvocation.java:186), org.springframework.aop.aspectj.AspectJAfterThrowingAdvice.invoke(AspectJAfterThrowingAdvice.java:62), org.springframework.aop.framework.ReflectiveMethodInvocation.proceed(ReflectiveMethodInvocation.java:186), org.springframework.aop.interceptor.ExposeInvocationInterceptor.invoke(ExposeInvocationInterceptor.java:93), org.springframework.aop.framework.ReflectiveMethodInvocation.proceed(ReflectiveMethodInvocation.java:186), org.springframework.aop.framework.CglibAopProxy$DynamicAdvisedInterceptor.intercept(CglibAopProxy.java:688), com.intellect.contextual.util.process.DynamicAPIUtil$$EnhancerBySpringCGLIB$$7b79a0d1.getAPIDataString(<generated>), com.intellect.contextual.util.process.RuleEngineConfig.lambda$channelType$16(RuleEngineConfig.java:183), com.intellect.contextual.util.process.ERule.enrichFinalValue(ERule.java:193), com.intellect.contextual.util.process.ERule.enrichData(ERule.java:104), com.intellect.contextual.util.process.ERule$$FastClassBySpringCGLIB$$a6bd7a18.invoke(<generated>), org.springframework.cglib.proxy.MethodProxy.invoke(MethodProxy.java:218), org.springframework.aop.framework.CglibAopProxy$CglibMethodInvocation.invokeJoinpoint(CglibAopProxy.java:749), org.springframework.aop.framework.ReflectiveMethodInvocation.proceed(ReflectiveMethodInvocation.java:163), org.springframework.aop.framework.adapter.AfterReturningAdviceInterceptor.invoke(AfterReturningAdviceInterceptor.java:55), org.springframework.aop.framework.ReflectiveMethodInvocation.proceed(ReflectiveMethodInvocation.java:186), org.springframework.aop.aspectj.AspectJAfterThrowingAdvice.invoke(AspectJAfterThrowingAdvice.java:62), org.springframework.aop.framework.ReflectiveMethodInvocation.proceed(ReflectiveMethodInvocation.java:186), org.springframework.aop.interceptor.ExposeInvocationInterceptor.invoke(ExposeInvocationInterceptor.java:93), org.springframework.aop.framework.ReflectiveMethodInvocation.proceed(ReflectiveMethodInvocation.java:186), org.springframework.aop.framework.CglibAopProxy$DynamicAdvisedInterceptor.intercept(CglibAopProxy.java:688), com.intellect.contextual.util.process.ERule$$EnhancerBySpringCGLIB$$23079007.enrichData(<generated>), com.intellect.contextual.service.decisionparams.DecisionService.lambda$null$9(DecisionService.java:131), java.util.ArrayList.forEach(ArrayList.java:1249), com.intellect.contextual.service.decisionparams.DecisionService.lambda$decisionParamProcessor$10(DecisionService.java:110), com.intellect.contextual.service.decisionparams.DecisionService.lambda$null$12(DecisionService.java:165), java.util.concurrent.FutureTask.run(FutureTask.java:266), java.util.concurrent.ThreadPoolExecutor.runWorker(ThreadPoolExecutor.java:1149), java.util.concurrent.ThreadPoolExecutor$Worker.run(Thr')
,('210428-07242149-20eaa74b82','837937620','2021-04-28 19:25:38.316','L3 - DECISION-HANDLER','S1 - ENRICH-OFFERING-DECISION-PARAM','Y','null','json string can not be null or empty','[com.jayway.jsonpath.internal.Utils.notEmpty(Utils.java:386), com.jayway.jsonpath.internal.ParseContextImpl.parse(ParseContextImpl.java:36), com.jayway.jsonpath.JsonPath.read(JsonPath.java:502), com.intellect.contextual.util.common.CommonUtil.searchInRequestBodyForPath(CommonUtil.java:85), com.intellect.contextual.util.process.DynamicAPIUtil.lambda$getApiData$3(DynamicAPIUtil.java:132), java.util.ArrayList.forEach(ArrayList.java:1249), com.intellect.contextual.util.process.DynamicAPIUtil.getApiData(DynamicAPIUtil.java:132), com.intellect.contextual.util.process.DynamicAPIUtil.getAPIDataString(DynamicAPIUtil.java:173), com.intellect.contextual.util.process.DynamicAPIUtil$$FastClassBySpringCGLIB$$f6aea0c6.invoke(<generated>), org.springframework.cglib.proxy.MethodProxy.invoke(MethodProxy.java:218), org.springframework.aop.framework.CglibAopProxy$CglibMethodInvocation.invokeJoinpoint(CglibAopProxy.java:749), org.springframework.aop.framework.ReflectiveMethodInvocation.proceed(ReflectiveMethodInvocation.java:163), org.springframework.aop.framework.adapter.AfterReturningAdviceInterceptor.invoke(AfterReturningAdviceInterceptor.java:55), org.springframework.aop.framework.ReflectiveMethodInvocation.proceed(ReflectiveMethodInvocation.java:186), org.springframework.aop.aspectj.AspectJAfterThrowingAdvice.invoke(AspectJAfterThrowingAdvice.java:62), org.springframework.aop.framework.ReflectiveMethodInvocation.proceed(ReflectiveMethodInvocation.java:186), org.springframework.aop.interceptor.ExposeInvocationInterceptor.invoke(ExposeInvocationInterceptor.java:93), org.springframework.aop.framework.ReflectiveMethodInvocation.proceed(ReflectiveMethodInvocation.java:186), org.springframework.aop.framework.CglibAopProxy$DynamicAdvisedInterceptor.intercept(CglibAopProxy.java:688), com.intellect.contextual.util.process.DynamicAPIUtil$$EnhancerBySpringCGLIB$$7b79a0d1.getAPIDataString(<generated>), com.intellect.contextual.util.process.RuleEngineConfig.lambda$channelType$16(RuleEngineConfig.java:183), com.intellect.contextual.util.process.ERule.enrichFinalValue(ERule.java:193), com.intellect.contextual.util.process.ERule.enrichData(ERule.java:104), com.intellect.contextual.util.process.ERule$$FastClassBySpringCGLIB$$a6bd7a18.invoke(<generated>), org.springframework.cglib.proxy.MethodProxy.invoke(MethodProxy.java:218), org.springframework.aop.framework.CglibAopProxy$CglibMethodInvocation.invokeJoinpoint(CglibAopProxy.java:749), org.springframework.aop.framework.ReflectiveMethodInvocation.proceed(ReflectiveMethodInvocation.java:163), org.springframework.aop.framework.adapter.AfterReturningAdviceInterceptor.invoke(AfterReturningAdviceInterceptor.java:55), org.springframework.aop.framework.ReflectiveMethodInvocation.proceed(ReflectiveMethodInvocation.java:186), org.springframework.aop.aspectj.AspectJAfterThrowingAdvice.invoke(AspectJAfterThrowingAdvice.java:62), org.springframework.aop.framework.ReflectiveMethodInvocation.proceed(ReflectiveMethodInvocation.java:186), org.springframework.aop.interceptor.ExposeInvocationInterceptor.invoke(ExposeInvocationInterceptor.java:93), org.springframework.aop.framework.ReflectiveMethodInvocation.proceed(ReflectiveMethodInvocation.java:186), org.springframework.aop.framework.CglibAopProxy$DynamicAdvisedInterceptor.intercept(CglibAopProxy.java:688), com.intellect.contextual.util.process.ERule$$EnhancerBySpringCGLIB$$23079007.enrichData(<generated>), com.intellect.contextual.service.decisionparams.DecisionService.lambda$null$9(DecisionService.java:131), java.util.ArrayList.forEach(ArrayList.java:1249), com.intellect.contextual.service.decisionparams.DecisionService.lambda$decisionParamProcessor$10(DecisionService.java:110), com.intellect.contextual.service.decisionparams.DecisionService.lambda$null$12(DecisionService.java:165), java.util.concurrent.FutureTask.run(FutureTask.java:266), java.util.concurrent.ThreadPoolExecutor.runWorker(ThreadPoolExecutor.java:1149), java.util.concurrent.ThreadPoolExecutor$Worker.run(Thr')
,('210428-07242149-20eaa74b82','837937620','2021-04-28 19:25:39.124','L3 - DECISION-HANDLER','S1 - ENRICH-OFFERING-DECISION-PARAM','Y','null','json string can not be null or empty','[com.jayway.jsonpath.internal.Utils.notEmpty(Utils.java:386), com.jayway.jsonpath.internal.ParseContextImpl.parse(ParseContextImpl.java:36), com.jayway.jsonpath.JsonPath.read(JsonPath.java:502), com.intellect.contextual.util.common.CommonUtil.searchInRequestBodyForPath(CommonUtil.java:85), com.intellect.contextual.util.process.DynamicAPIUtil.lambda$getApiData$3(DynamicAPIUtil.java:132), java.util.ArrayList.forEach(ArrayList.java:1249), com.intellect.contextual.util.process.DynamicAPIUtil.getApiData(DynamicAPIUtil.java:132), com.intellect.contextual.util.process.DynamicAPIUtil.getAPIDataString(DynamicAPIUtil.java:173), com.intellect.contextual.util.process.DynamicAPIUtil$$FastClassBySpringCGLIB$$f6aea0c6.invoke(<generated>), org.springframework.cglib.proxy.MethodProxy.invoke(MethodProxy.java:218), org.springframework.aop.framework.CglibAopProxy$CglibMethodInvocation.invokeJoinpoint(CglibAopProxy.java:749), org.springframework.aop.framework.ReflectiveMethodInvocation.proceed(ReflectiveMethodInvocation.java:163), org.springframework.aop.framework.adapter.AfterReturningAdviceInterceptor.invoke(AfterReturningAdviceInterceptor.java:55), org.springframework.aop.framework.ReflectiveMethodInvocation.proceed(ReflectiveMethodInvocation.java:186), org.springframework.aop.aspectj.AspectJAfterThrowingAdvice.invoke(AspectJAfterThrowingAdvice.java:62), org.springframework.aop.framework.ReflectiveMethodInvocation.proceed(ReflectiveMethodInvocation.java:186), org.springframework.aop.interceptor.ExposeInvocationInterceptor.invoke(ExposeInvocationInterceptor.java:93), org.springframework.aop.framework.ReflectiveMethodInvocation.proceed(ReflectiveMethodInvocation.java:186), org.springframework.aop.framework.CglibAopProxy$DynamicAdvisedInterceptor.intercept(CglibAopProxy.java:688), com.intellect.contextual.util.process.DynamicAPIUtil$$EnhancerBySpringCGLIB$$7b79a0d1.getAPIDataString(<generated>), com.intellect.contextual.util.process.RuleEngineConfig.lambda$channelType$16(RuleEngineConfig.java:183), com.intellect.contextual.util.process.ERule.enrichFinalValue(ERule.java:193), com.intellect.contextual.util.process.ERule.enrichData(ERule.java:104), com.intellect.contextual.util.process.ERule$$FastClassBySpringCGLIB$$a6bd7a18.invoke(<generated>), org.springframework.cglib.proxy.MethodProxy.invoke(MethodProxy.java:218), org.springframework.aop.framework.CglibAopProxy$CglibMethodInvocation.invokeJoinpoint(CglibAopProxy.java:749), org.springframework.aop.framework.ReflectiveMethodInvocation.proceed(ReflectiveMethodInvocation.java:163), org.springframework.aop.framework.adapter.AfterReturningAdviceInterceptor.invoke(AfterReturningAdviceInterceptor.java:55), org.springframework.aop.framework.ReflectiveMethodInvocation.proceed(ReflectiveMethodInvocation.java:186), org.springframework.aop.aspectj.AspectJAfterThrowingAdvice.invoke(AspectJAfterThrowingAdvice.java:62), org.springframework.aop.framework.ReflectiveMethodInvocation.proceed(ReflectiveMethodInvocation.java:186), org.springframework.aop.interceptor.ExposeInvocationInterceptor.invoke(ExposeInvocationInterceptor.java:93), org.springframework.aop.framework.ReflectiveMethodInvocation.proceed(ReflectiveMethodInvocation.java:186), org.springframework.aop.framework.CglibAopProxy$DynamicAdvisedInterceptor.intercept(CglibAopProxy.java:688), com.intellect.contextual.util.process.ERule$$EnhancerBySpringCGLIB$$23079007.enrichData(<generated>), com.intellect.contextual.service.decisionparams.DecisionService.lambda$null$9(DecisionService.java:131), java.util.ArrayList.forEach(ArrayList.java:1249), com.intellect.contextual.service.decisionparams.DecisionService.lambda$decisionParamProcessor$10(DecisionService.java:110), com.intellect.contextual.service.decisionparams.DecisionService.lambda$null$12(DecisionService.java:165), java.util.concurrent.FutureTask.run(FutureTask.java:266), java.util.concurrent.ThreadPoolExecutor.runWorker(ThreadPoolExecutor.java:1149), java.util.concurrent.ThreadPoolExecutor$Worker.run(Thr')
,('210428-07242149-20eaa74b82','837937620','2021-04-28 19:25:40.032','L3 - DECISION-HANDLER','S1 - ENRICH-OFFERING-DECISION-PARAM','Y','null','json string can not be null or empty','[com.jayway.jsonpath.internal.Utils.notEmpty(Utils.java:386), com.jayway.jsonpath.internal.ParseContextImpl.parse(ParseContextImpl.java:36), com.jayway.jsonpath.JsonPath.read(JsonPath.java:502), com.intellect.contextual.util.common.CommonUtil.searchInRequestBodyForPath(CommonUtil.java:85), com.intellect.contextual.util.process.DynamicAPIUtil.lambda$getApiData$3(DynamicAPIUtil.java:132), java.util.ArrayList.forEach(ArrayList.java:1249), com.intellect.contextual.util.process.DynamicAPIUtil.getApiData(DynamicAPIUtil.java:132), com.intellect.contextual.util.process.DynamicAPIUtil.getAPIDataString(DynamicAPIUtil.java:173), com.intellect.contextual.util.process.DynamicAPIUtil$$FastClassBySpringCGLIB$$f6aea0c6.invoke(<generated>), org.springframework.cglib.proxy.MethodProxy.invoke(MethodProxy.java:218), org.springframework.aop.framework.CglibAopProxy$CglibMethodInvocation.invokeJoinpoint(CglibAopProxy.java:749), org.springframework.aop.framework.ReflectiveMethodInvocation.proceed(ReflectiveMethodInvocation.java:163), org.springframework.aop.framework.adapter.AfterReturningAdviceInterceptor.invoke(AfterReturningAdviceInterceptor.java:55), org.springframework.aop.framework.ReflectiveMethodInvocation.proceed(ReflectiveMethodInvocation.java:186), org.springframework.aop.aspectj.AspectJAfterThrowingAdvice.invoke(AspectJAfterThrowingAdvice.java:62), org.springframework.aop.framework.ReflectiveMethodInvocation.proceed(ReflectiveMethodInvocation.java:186), org.springframework.aop.interceptor.ExposeInvocationInterceptor.invoke(ExposeInvocationInterceptor.java:93), org.springframework.aop.framework.ReflectiveMethodInvocation.proceed(ReflectiveMethodInvocation.java:186), org.springframework.aop.framework.CglibAopProxy$DynamicAdvisedInterceptor.intercept(CglibAopProxy.java:688), com.intellect.contextual.util.process.DynamicAPIUtil$$EnhancerBySpringCGLIB$$7b79a0d1.getAPIDataString(<generated>), com.intellect.contextual.util.process.RuleEngineConfig.lambda$channelType$16(RuleEngineConfig.java:183), com.intellect.contextual.util.process.ERule.enrichFinalValue(ERule.java:193), com.intellect.contextual.util.process.ERule.enrichData(ERule.java:104), com.intellect.contextual.util.process.ERule$$FastClassBySpringCGLIB$$a6bd7a18.invoke(<generated>), org.springframework.cglib.proxy.MethodProxy.invoke(MethodProxy.java:218), org.springframework.aop.framework.CglibAopProxy$CglibMethodInvocation.invokeJoinpoint(CglibAopProxy.java:749), org.springframework.aop.framework.ReflectiveMethodInvocation.proceed(ReflectiveMethodInvocation.java:163), org.springframework.aop.framework.adapter.AfterReturningAdviceInterceptor.invoke(AfterReturningAdviceInterceptor.java:55), org.springframework.aop.framework.ReflectiveMethodInvocation.proceed(ReflectiveMethodInvocation.java:186), org.springframework.aop.aspectj.AspectJAfterThrowingAdvice.invoke(AspectJAfterThrowingAdvice.java:62), org.springframework.aop.framework.ReflectiveMethodInvocation.proceed(ReflectiveMethodInvocation.java:186), org.springframework.aop.interceptor.ExposeInvocationInterceptor.invoke(ExposeInvocationInterceptor.java:93), org.springframework.aop.framework.ReflectiveMethodInvocation.proceed(ReflectiveMethodInvocation.java:186), org.springframework.aop.framework.CglibAopProxy$DynamicAdvisedInterceptor.intercept(CglibAopProxy.java:688), com.intellect.contextual.util.process.ERule$$EnhancerBySpringCGLIB$$23079007.enrichData(<generated>), com.intellect.contextual.service.decisionparams.DecisionService.lambda$null$9(DecisionService.java:131), java.util.ArrayList.forEach(ArrayList.java:1249), com.intellect.contextual.service.decisionparams.DecisionService.lambda$decisionParamProcessor$10(DecisionService.java:110), com.intellect.contextual.service.decisionparams.DecisionService.lambda$null$12(DecisionService.java:165), java.util.concurrent.FutureTask.run(FutureTask.java:266), java.util.concurrent.ThreadPoolExecutor.runWorker(ThreadPoolExecutor.java:1149), java.util.concurrent.ThreadPoolExecutor$Worker.run(Thr')
,('210428-07242149-20eaa74b82','837937620','2021-04-28 19:25:40.600','L3 - DECISION-HANDLER','S1 - ENRICH-OFFERING-DECISION-PARAM','Y','null','json string can not be null or empty','[com.jayway.jsonpath.internal.Utils.notEmpty(Utils.java:386), com.jayway.jsonpath.internal.ParseContextImpl.parse(ParseContextImpl.java:36), com.jayway.jsonpath.JsonPath.read(JsonPath.java:502), com.intellect.contextual.util.common.CommonUtil.searchInRequestBodyForPath(CommonUtil.java:85), com.intellect.contextual.util.process.DynamicAPIUtil.lambda$getApiData$3(DynamicAPIUtil.java:132), java.util.ArrayList.forEach(ArrayList.java:1249), com.intellect.contextual.util.process.DynamicAPIUtil.getApiData(DynamicAPIUtil.java:132), com.intellect.contextual.util.process.DynamicAPIUtil.getAPIDataString(DynamicAPIUtil.java:173), com.intellect.contextual.util.process.DynamicAPIUtil$$FastClassBySpringCGLIB$$f6aea0c6.invoke(<generated>), org.springframework.cglib.proxy.MethodProxy.invoke(MethodProxy.java:218), org.springframework.aop.framework.CglibAopProxy$CglibMethodInvocation.invokeJoinpoint(CglibAopProxy.java:749), org.springframework.aop.framework.ReflectiveMethodInvocation.proceed(ReflectiveMethodInvocation.java:163), org.springframework.aop.framework.adapter.AfterReturningAdviceInterceptor.invoke(AfterReturningAdviceInterceptor.java:55), org.springframework.aop.framework.ReflectiveMethodInvocation.proceed(ReflectiveMethodInvocation.java:186), org.springframework.aop.aspectj.AspectJAfterThrowingAdvice.invoke(AspectJAfterThrowingAdvice.java:62), org.springframework.aop.framework.ReflectiveMethodInvocation.proceed(ReflectiveMethodInvocation.java:186), org.springframework.aop.interceptor.ExposeInvocationInterceptor.invoke(ExposeInvocationInterceptor.java:93), org.springframework.aop.framework.ReflectiveMethodInvocation.proceed(ReflectiveMethodInvocation.java:186), org.springframework.aop.framework.CglibAopProxy$DynamicAdvisedInterceptor.intercept(CglibAopProxy.java:688), com.intellect.contextual.util.process.DynamicAPIUtil$$EnhancerBySpringCGLIB$$7b79a0d1.getAPIDataString(<generated>), com.intellect.contextual.util.process.RuleEngineConfig.lambda$channelType$16(RuleEngineConfig.java:183), com.intellect.contextual.util.process.ERule.enrichFinalValue(ERule.java:193), com.intellect.contextual.util.process.ERule.enrichData(ERule.java:104), com.intellect.contextual.util.process.ERule$$FastClassBySpringCGLIB$$a6bd7a18.invoke(<generated>), org.springframework.cglib.proxy.MethodProxy.invoke(MethodProxy.java:218), org.springframework.aop.framework.CglibAopProxy$CglibMethodInvocation.invokeJoinpoint(CglibAopProxy.java:749), org.springframework.aop.framework.ReflectiveMethodInvocation.proceed(ReflectiveMethodInvocation.java:163), org.springframework.aop.framework.adapter.AfterReturningAdviceInterceptor.invoke(AfterReturningAdviceInterceptor.java:55), org.springframework.aop.framework.ReflectiveMethodInvocation.proceed(ReflectiveMethodInvocation.java:186), org.springframework.aop.aspectj.AspectJAfterThrowingAdvice.invoke(AspectJAfterThrowingAdvice.java:62), org.springframework.aop.framework.ReflectiveMethodInvocation.proceed(ReflectiveMethodInvocation.java:186), org.springframework.aop.interceptor.ExposeInvocationInterceptor.invoke(ExposeInvocationInterceptor.java:93), org.springframework.aop.framework.ReflectiveMethodInvocation.proceed(ReflectiveMethodInvocation.java:186), org.springframework.aop.framework.CglibAopProxy$DynamicAdvisedInterceptor.intercept(CglibAopProxy.java:688), com.intellect.contextual.util.process.ERule$$EnhancerBySpringCGLIB$$23079007.enrichData(<generated>), com.intellect.contextual.service.decisionparams.DecisionService.lambda$null$9(DecisionService.java:131), java.util.ArrayList.forEach(ArrayList.java:1249), com.intellect.contextual.service.decisionparams.DecisionService.lambda$decisionParamProcessor$10(DecisionService.java:110), com.intellect.contextual.service.decisionparams.DecisionService.lambda$null$12(DecisionService.java:165), java.util.concurrent.FutureTask.run(FutureTask.java:266), java.util.concurrent.ThreadPoolExecutor.runWorker(ThreadPoolExecutor.java:1149), java.util.concurrent.ThreadPoolExecutor$Worker.run(Thr')
,('210428-07242149-20eaa74b82','837937620','2021-04-28 19:25:41.518','L3 - DECISION-HANDLER','S1 - ENRICH-OFFERING-DECISION-PARAM','Y','null','json string can not be null or empty','[com.jayway.jsonpath.internal.Utils.notEmpty(Utils.java:386), com.jayway.jsonpath.internal.ParseContextImpl.parse(ParseContextImpl.java:36), com.jayway.jsonpath.JsonPath.read(JsonPath.java:502), com.intellect.contextual.util.common.CommonUtil.searchInRequestBodyForPath(CommonUtil.java:85), com.intellect.contextual.util.process.DynamicAPIUtil.lambda$getApiData$3(DynamicAPIUtil.java:132), java.util.ArrayList.forEach(ArrayList.java:1249), com.intellect.contextual.util.process.DynamicAPIUtil.getApiData(DynamicAPIUtil.java:132), com.intellect.contextual.util.process.DynamicAPIUtil.getAPIDataString(DynamicAPIUtil.java:173), com.intellect.contextual.util.process.DynamicAPIUtil$$FastClassBySpringCGLIB$$f6aea0c6.invoke(<generated>), org.springframework.cglib.proxy.MethodProxy.invoke(MethodProxy.java:218), org.springframework.aop.framework.CglibAopProxy$CglibMethodInvocation.invokeJoinpoint(CglibAopProxy.java:749), org.springframework.aop.framework.ReflectiveMethodInvocation.proceed(ReflectiveMethodInvocation.java:163), org.springframework.aop.framework.adapter.AfterReturningAdviceInterceptor.invoke(AfterReturningAdviceInterceptor.java:55), org.springframework.aop.framework.ReflectiveMethodInvocation.proceed(ReflectiveMethodInvocation.java:186), org.springframework.aop.aspectj.AspectJAfterThrowingAdvice.invoke(AspectJAfterThrowingAdvice.java:62), org.springframework.aop.framework.ReflectiveMethodInvocation.proceed(ReflectiveMethodInvocation.java:186), org.springframework.aop.interceptor.ExposeInvocationInterceptor.invoke(ExposeInvocationInterceptor.java:93), org.springframework.aop.framework.ReflectiveMethodInvocation.proceed(ReflectiveMethodInvocation.java:186), org.springframework.aop.framework.CglibAopProxy$DynamicAdvisedInterceptor.intercept(CglibAopProxy.java:688), com.intellect.contextual.util.process.DynamicAPIUtil$$EnhancerBySpringCGLIB$$7b79a0d1.getAPIDataString(<generated>), com.intellect.contextual.util.process.RuleEngineConfig.lambda$channelType$16(RuleEngineConfig.java:183), com.intellect.contextual.util.process.ERule.enrichFinalValue(ERule.java:193), com.intellect.contextual.util.process.ERule.enrichData(ERule.java:104), com.intellect.contextual.util.process.ERule$$FastClassBySpringCGLIB$$a6bd7a18.invoke(<generated>), org.springframework.cglib.proxy.MethodProxy.invoke(MethodProxy.java:218), org.springframework.aop.framework.CglibAopProxy$CglibMethodInvocation.invokeJoinpoint(CglibAopProxy.java:749), org.springframework.aop.framework.ReflectiveMethodInvocation.proceed(ReflectiveMethodInvocation.java:163), org.springframework.aop.framework.adapter.AfterReturningAdviceInterceptor.invoke(AfterReturningAdviceInterceptor.java:55), org.springframework.aop.framework.ReflectiveMethodInvocation.proceed(ReflectiveMethodInvocation.java:186), org.springframework.aop.aspectj.AspectJAfterThrowingAdvice.invoke(AspectJAfterThrowingAdvice.java:62), org.springframework.aop.framework.ReflectiveMethodInvocation.proceed(ReflectiveMethodInvocation.java:186), org.springframework.aop.interceptor.ExposeInvocationInterceptor.invoke(ExposeInvocationInterceptor.java:93), org.springframework.aop.framework.ReflectiveMethodInvocation.proceed(ReflectiveMethodInvocation.java:186), org.springframework.aop.framework.CglibAopProxy$DynamicAdvisedInterceptor.intercept(CglibAopProxy.java:688), com.intellect.contextual.util.process.ERule$$EnhancerBySpringCGLIB$$23079007.enrichData(<generated>), com.intellect.contextual.service.decisionparams.DecisionService.lambda$null$9(DecisionService.java:131), java.util.ArrayList.forEach(ArrayList.java:1249), com.intellect.contextual.service.decisionparams.DecisionService.lambda$decisionParamProcessor$10(DecisionService.java:110), com.intellect.contextual.service.decisionparams.DecisionService.lambda$null$12(DecisionService.java:165), java.util.concurrent.FutureTask.run(FutureTask.java:266), java.util.concurrent.ThreadPoolExecutor.runWorker(ThreadPoolExecutor.java:1149), java.util.concurrent.ThreadPoolExecutor$Worker.run(Thr')
,('210428-07242149-20eaa74b82','837937620','2021-04-28 19:25:43.011','L3 - DECISION-HANDLER','S1 - ENRICH-OFFERING-DECISION-PARAM','Y','null','Unable to process the offering list. Please verify the config','[com.intellect.contextual.service.decisionparams.DecisionService.decisionParamProcessor(DecisionService.java:182), com.intellect.contextual.service.decisionparams.DecisionService$$FastClassBySpringCGLIB$$a146bd48.invoke(<generated>), org.springframework.cglib.proxy.MethodProxy.invoke(MethodProxy.java:218), org.springframework.aop.framework.CglibAopProxy$CglibMethodInvocation.invokeJoinpoint(CglibAopProxy.java:749), org.springframework.aop.framework.ReflectiveMethodInvocation.proceed(ReflectiveMethodInvocation.java:163), org.springframework.aop.framework.adapter.AfterReturningAdviceInterceptor.invoke(AfterReturningAdviceInterceptor.java:55), org.springframework.aop.framework.ReflectiveMethodInvocation.proceed(ReflectiveMethodInvocation.java:186), org.springframework.aop.aspectj.AspectJAfterThrowingAdvice.invoke(AspectJAfterThrowingAdvice.java:62), org.springframework.aop.framework.ReflectiveMethodInvocation.proceed(ReflectiveMethodInvocation.java:186), org.springframework.aop.interceptor.ExposeInvocationInterceptor.invoke(ExposeInvocationInterceptor.java:93), org.springframework.aop.framework.ReflectiveMethodInvocation.proceed(ReflectiveMethodInvocation.java:186), org.springframework.aop.framework.CglibAopProxy$DynamicAdvisedInterceptor.intercept(CglibAopProxy.java:688), com.intellect.contextual.service.decisionparams.DecisionService$$EnhancerBySpringCGLIB$$d22ed797.decisionParamProcessor(<generated>), com.intellect.contextual.service.decisionparams.DecisionHandler.execute(DecisionHandler.java:65), com.intellect.contextual.service.decisionparams.DecisionHandler$$FastClassBySpringCGLIB$$544e4ddd.invoke(<generated>), org.springframework.cglib.proxy.MethodProxy.invoke(MethodProxy.java:218), org.springframework.aop.framework.CglibAopProxy$CglibMethodInvocation.invokeJoinpoint(CglibAopProxy.java:749), org.springframework.aop.framework.ReflectiveMethodInvocation.proceed(ReflectiveMethodInvocation.java:163), org.springframework.aop.framework.adapter.AfterReturningAdviceInterceptor.invoke(AfterReturningAdviceInterceptor.java:55), org.springframework.aop.framework.ReflectiveMethodInvocation.proceed(ReflectiveMethodInvocation.java:186), org.springframework.aop.aspectj.AspectJAfterThrowingAdvice.invoke(AspectJAfterThrowingAdvice.java:62), org.springframework.aop.framework.ReflectiveMethodInvocation.proceed(ReflectiveMethodInvocation.java:186), org.springframework.aop.interceptor.ExposeInvocationInterceptor.invoke(ExposeInvocationInterceptor.java:93), org.springframework.aop.framework.ReflectiveMethodInvocation.proceed(ReflectiveMethodInvocation.java:186), org.springframework.aop.framework.CglibAopProxy$DynamicAdvisedInterceptor.intercept(CglibAopProxy.java:688), com.intellect.contextual.service.decisionparams.DecisionHandler$$EnhancerBySpringCGLIB$$6e060e76.execute(<generated>), com.intellect.contextual.service.orchestrator.GetRecommendationOrchestrator.execute(GetRecommendationOrchestrator.java:65), com.intellect.contextual.service.orchestrator.GetRecommendationOrchestrator$$FastClassBySpringCGLIB$$e224a390.invoke(<generated>), org.springframework.cglib.proxy.MethodProxy.invoke(MethodProxy.java:218), org.springframework.aop.framework.CglibAopProxy$CglibMethodInvocation.invokeJoinpoint(CglibAopProxy.java:749), org.springframework.aop.framework.ReflectiveMethodInvocation.proceed(ReflectiveMethodInvocation.java:163), org.springframework.aop.framework.adapter.AfterReturningAdviceInterceptor.invoke(AfterReturningAdviceInterceptor.java:55), org.springframework.aop.framework.ReflectiveMethodInvocation.proceed(ReflectiveMethodInvocation.java:186), org.springframework.aop.aspectj.AspectJAfterThrowingAdvice.invoke(AspectJAfterThrowingAdvice.java:62), org.springframework.aop.framework.ReflectiveMethodInvocation.proceed(ReflectiveMethodInvocation.java:186), org.springframework.aop.interceptor.ExposeInvocationInterceptor.invoke(ExposeInvocationInterceptor.java:93), org.springframework.aop.framework.ReflectiveMethodInvocation.proceed(ReflectiveMethod')
,('210428-07242149-20eaa74b82','837937620','2021-04-28 19:25:43.930','L3 - DECISION-HANDLER','S1 - ENRICH-OFFERING-DECISION-PARAM','Y','null','Unable to process the offering list. Please verify the config','[com.intellect.contextual.service.decisionparams.DecisionService.decisionParamProcessor(DecisionService.java:182), com.intellect.contextual.service.decisionparams.DecisionService$$FastClassBySpringCGLIB$$a146bd48.invoke(<generated>), org.springframework.cglib.proxy.MethodProxy.invoke(MethodProxy.java:218), org.springframework.aop.framework.CglibAopProxy$CglibMethodInvocation.invokeJoinpoint(CglibAopProxy.java:749), org.springframework.aop.framework.ReflectiveMethodInvocation.proceed(ReflectiveMethodInvocation.java:163), org.springframework.aop.framework.adapter.AfterReturningAdviceInterceptor.invoke(AfterReturningAdviceInterceptor.java:55), org.springframework.aop.framework.ReflectiveMethodInvocation.proceed(ReflectiveMethodInvocation.java:186), org.springframework.aop.aspectj.AspectJAfterThrowingAdvice.invoke(AspectJAfterThrowingAdvice.java:62), org.springframework.aop.framework.ReflectiveMethodInvocation.proceed(ReflectiveMethodInvocation.java:186), org.springframework.aop.interceptor.ExposeInvocationInterceptor.invoke(ExposeInvocationInterceptor.java:93), org.springframework.aop.framework.ReflectiveMethodInvocation.proceed(ReflectiveMethodInvocation.java:186), org.springframework.aop.framework.CglibAopProxy$DynamicAdvisedInterceptor.intercept(CglibAopProxy.java:688), com.intellect.contextual.service.decisionparams.DecisionService$$EnhancerBySpringCGLIB$$d22ed797.decisionParamProcessor(<generated>), com.intellect.contextual.service.decisionparams.DecisionHandler.execute(DecisionHandler.java:65), com.intellect.contextual.service.decisionparams.DecisionHandler$$FastClassBySpringCGLIB$$544e4ddd.invoke(<generated>), org.springframework.cglib.proxy.MethodProxy.invoke(MethodProxy.java:218), org.springframework.aop.framework.CglibAopProxy$CglibMethodInvocation.invokeJoinpoint(CglibAopProxy.java:749), org.springframework.aop.framework.ReflectiveMethodInvocation.proceed(ReflectiveMethodInvocation.java:163), org.springframework.aop.framework.adapter.AfterReturningAdviceInterceptor.invoke(AfterReturningAdviceInterceptor.java:55), org.springframework.aop.framework.ReflectiveMethodInvocation.proceed(ReflectiveMethodInvocation.java:186), org.springframework.aop.aspectj.AspectJAfterThrowingAdvice.invoke(AspectJAfterThrowingAdvice.java:62), org.springframework.aop.framework.ReflectiveMethodInvocation.proceed(ReflectiveMethodInvocation.java:186), org.springframework.aop.interceptor.ExposeInvocationInterceptor.invoke(ExposeInvocationInterceptor.java:93), org.springframework.aop.framework.ReflectiveMethodInvocation.proceed(ReflectiveMethodInvocation.java:186), org.springframework.aop.framework.CglibAopProxy$DynamicAdvisedInterceptor.intercept(CglibAopProxy.java:688), com.intellect.contextual.service.decisionparams.DecisionHandler$$EnhancerBySpringCGLIB$$6e060e76.execute(<generated>), com.intellect.contextual.service.orchestrator.GetRecommendationOrchestrator.execute(GetRecommendationOrchestrator.java:65), com.intellect.contextual.service.orchestrator.GetRecommendationOrchestrator$$FastClassBySpringCGLIB$$e224a390.invoke(<generated>), org.springframework.cglib.proxy.MethodProxy.invoke(MethodProxy.java:218), org.springframework.aop.framework.CglibAopProxy$CglibMethodInvocation.invokeJoinpoint(CglibAopProxy.java:749), org.springframework.aop.framework.ReflectiveMethodInvocation.proceed(ReflectiveMethodInvocation.java:163), org.springframework.aop.framework.adapter.AfterReturningAdviceInterceptor.invoke(AfterReturningAdviceInterceptor.java:55), org.springframework.aop.framework.ReflectiveMethodInvocation.proceed(ReflectiveMethodInvocation.java:186), org.springframework.aop.aspectj.AspectJAfterThrowingAdvice.invoke(AspectJAfterThrowingAdvice.java:62), org.springframework.aop.framework.ReflectiveMethodInvocation.proceed(ReflectiveMethodInvocation.java:186), org.springframework.aop.interceptor.ExposeInvocationInterceptor.invoke(ExposeInvocationInterceptor.java:93), org.springframework.aop.framework.ReflectiveMethodInvocation.proceed(ReflectiveMethod')
,(NULL,NULL,'2021-04-28 19:25:44.869',NULL,NULL,NULL,'','Unable to process the offering list. Please verify the config','[com.intellect.contextual.service.decisionparams.DecisionService.decisionParamProcessor(DecisionService.java:182), com.intellect.contextual.service.decisionparams.DecisionService$$FastClassBySpringCGLIB$$a146bd48.invoke(<generated>), org.springframework.cglib.proxy.MethodProxy.invoke(MethodProxy.java:218), org.springframework.aop.framework.CglibAopProxy$CglibMethodInvocation.invokeJoinpoint(CglibAopProxy.java:749), org.springframework.aop.framework.ReflectiveMethodInvocation.proceed(ReflectiveMethodInvocation.java:163), org.springframework.aop.framework.adapter.AfterReturningAdviceInterceptor.invoke(AfterReturningAdviceInterceptor.java:55), org.springframework.aop.framework.ReflectiveMethodInvocation.proceed(ReflectiveMethodInvocation.java:186), org.springframework.aop.aspectj.AspectJAfterThrowingAdvice.invoke(AspectJAfterThrowingAdvice.java:62), org.springframework.aop.framework.ReflectiveMethodInvocation.proceed(ReflectiveMethodInvocation.java:186), org.springframework.aop.interceptor.ExposeInvocationInterceptor.invoke(ExposeInvocationInterceptor.java:93), org.springframework.aop.framework.ReflectiveMethodInvocation.proceed(ReflectiveMethodInvocation.java:186), org.springframework.aop.framework.CglibAopProxy$DynamicAdvisedInterceptor.intercept(CglibAopProxy.java:688), com.intellect.contextual.service.decisionparams.DecisionService$$EnhancerBySpringCGLIB$$d22ed797.decisionParamProcessor(<generated>), com.intellect.contextual.service.decisionparams.DecisionHandler.execute(DecisionHandler.java:65), com.intellect.contextual.service.decisionparams.DecisionHandler$$FastClassBySpringCGLIB$$544e4ddd.invoke(<generated>), org.springframework.cglib.proxy.MethodProxy.invoke(MethodProxy.java:218), org.springframework.aop.framework.CglibAopProxy$CglibMethodInvocation.invokeJoinpoint(CglibAopProxy.java:749), org.springframework.aop.framework.ReflectiveMethodInvocation.proceed(ReflectiveMethodInvocation.java:163), org.springframework.aop.framework.adapter.AfterReturningAdviceInterceptor.invoke(AfterReturningAdviceInterceptor.java:55), org.springframework.aop.framework.ReflectiveMethodInvocation.proceed(ReflectiveMethodInvocation.java:186), org.springframework.aop.aspectj.AspectJAfterThrowingAdvice.invoke(AspectJAfterThrowingAdvice.java:62), org.springframework.aop.framework.ReflectiveMethodInvocation.proceed(ReflectiveMethodInvocation.java:186), org.springframework.aop.interceptor.ExposeInvocationInterceptor.invoke(ExposeInvocationInterceptor.java:93), org.springframework.aop.framework.ReflectiveMethodInvocation.proceed(ReflectiveMethodInvocation.java:186), org.springframework.aop.framework.CglibAopProxy$DynamicAdvisedInterceptor.intercept(CglibAopProxy.java:688), com.intellect.contextual.service.decisionparams.DecisionHandler$$EnhancerBySpringCGLIB$$6e060e76.execute(<generated>), com.intellect.contextual.service.orchestrator.GetRecommendationOrchestrator.execute(GetRecommendationOrchestrator.java:65), com.intellect.contextual.service.orchestrator.GetRecommendationOrchestrator$$FastClassBySpringCGLIB$$e224a390.invoke(<generated>), org.springframework.cglib.proxy.MethodProxy.invoke(MethodProxy.java:218), org.springframework.aop.framework.CglibAopProxy$CglibMethodInvocation.invokeJoinpoint(CglibAopProxy.java:749), org.springframework.aop.framework.ReflectiveMethodInvocation.proceed(ReflectiveMethodInvocation.java:163), org.springframework.aop.framework.adapter.AfterReturningAdviceInterceptor.invoke(AfterReturningAdviceInterceptor.java:55), org.springframework.aop.framework.ReflectiveMethodInvocation.proceed(ReflectiveMethodInvocation.java:186), org.springframework.aop.aspectj.AspectJAfterThrowingAdvice.invoke(AspectJAfterThrowingAdvice.java:62), org.springframework.aop.framework.ReflectiveMethodInvocation.proceed(ReflectiveMethodInvocation.java:186), org.springframework.aop.interceptor.ExposeInvocationInterceptor.invoke(ExposeInvocationInterceptor.java:93), org.springframework.aop.framework.ReflectiveMethodInvocation.proceed(ReflectiveMethod')
;
INSERT INTO "CP".icp_exception_log (api_cp_reference_id,api_channel_request_id,api_date_time,api_layer,api_stage,api_fine_grain,api_payload,api_error_msg,api_error_trace) VALUES 
('210429-02242410-2e71ab4879','837937620','2021-04-29 02:24:21.760','L3 - DECISION-HANDLER','S1 - ENRICH-OFFERING-DECISION-PARAM','Y','null','json string can not be null or empty','[com.jayway.jsonpath.internal.Utils.notEmpty(Utils.java:386), com.jayway.jsonpath.internal.ParseContextImpl.parse(ParseContextImpl.java:36), com.jayway.jsonpath.JsonPath.read(JsonPath.java:502), com.intellect.contextual.util.common.CommonUtil.searchInRequestBodyForPath(CommonUtil.java:85), com.intellect.contextual.util.process.DynamicAPIUtil.lambda$getApiData$3(DynamicAPIUtil.java:132), java.util.ArrayList.forEach(ArrayList.java:1259), com.intellect.contextual.util.process.DynamicAPIUtil.getApiData(DynamicAPIUtil.java:132), com.intellect.contextual.util.process.DynamicAPIUtil.getAPIDataString(DynamicAPIUtil.java:173), com.intellect.contextual.util.process.DynamicAPIUtil$$FastClassBySpringCGLIB$$f6aea0c6.invoke(<generated>), org.springframework.cglib.proxy.MethodProxy.invoke(MethodProxy.java:218), org.springframework.aop.framework.CglibAopProxy$CglibMethodInvocation.invokeJoinpoint(CglibAopProxy.java:749), org.springframework.aop.framework.ReflectiveMethodInvocation.proceed(ReflectiveMethodInvocation.java:163), org.springframework.aop.framework.adapter.AfterReturningAdviceInterceptor.invoke(AfterReturningAdviceInterceptor.java:55), org.springframework.aop.framework.ReflectiveMethodInvocation.proceed(ReflectiveMethodInvocation.java:186), org.springframework.aop.aspectj.AspectJAfterThrowingAdvice.invoke(AspectJAfterThrowingAdvice.java:62), org.springframework.aop.framework.ReflectiveMethodInvocation.proceed(ReflectiveMethodInvocation.java:186), org.springframework.aop.interceptor.ExposeInvocationInterceptor.invoke(ExposeInvocationInterceptor.java:93), org.springframework.aop.framework.ReflectiveMethodInvocation.proceed(ReflectiveMethodInvocation.java:186), org.springframework.aop.framework.CglibAopProxy$DynamicAdvisedInterceptor.intercept(CglibAopProxy.java:688), com.intellect.contextual.util.process.DynamicAPIUtil$$EnhancerBySpringCGLIB$$aa87c075.getAPIDataString(<generated>), com.intellect.contextual.util.process.RuleEngineConfig.lambda$channelType$16(RuleEngineConfig.java:183), com.intellect.contextual.util.process.ERule.enrichFinalValue(ERule.java:193), com.intellect.contextual.util.process.ERule.enrichData(ERule.java:104), com.intellect.contextual.util.process.ERule$$FastClassBySpringCGLIB$$a6bd7a18.invoke(<generated>), org.springframework.cglib.proxy.MethodProxy.invoke(MethodProxy.java:218), org.springframework.aop.framework.CglibAopProxy$CglibMethodInvocation.invokeJoinpoint(CglibAopProxy.java:749), org.springframework.aop.framework.ReflectiveMethodInvocation.proceed(ReflectiveMethodInvocation.java:163), org.springframework.aop.framework.adapter.AfterReturningAdviceInterceptor.invoke(AfterReturningAdviceInterceptor.java:55), org.springframework.aop.framework.ReflectiveMethodInvocation.proceed(ReflectiveMethodInvocation.java:186), org.springframework.aop.aspectj.AspectJAfterThrowingAdvice.invoke(AspectJAfterThrowingAdvice.java:62), org.springframework.aop.framework.ReflectiveMethodInvocation.proceed(ReflectiveMethodInvocation.java:186), org.springframework.aop.interceptor.ExposeInvocationInterceptor.invoke(ExposeInvocationInterceptor.java:93), org.springframework.aop.framework.ReflectiveMethodInvocation.proceed(ReflectiveMethodInvocation.java:186), org.springframework.aop.framework.CglibAopProxy$DynamicAdvisedInterceptor.intercept(CglibAopProxy.java:688), com.intellect.contextual.util.process.ERule$$EnhancerBySpringCGLIB$$5215afab.enrichData(<generated>), com.intellect.contextual.service.decisionparams.DecisionService.lambda$null$9(DecisionService.java:131), java.util.ArrayList.forEach(ArrayList.java:1259), com.intellect.contextual.service.decisionparams.DecisionService.lambda$decisionParamProcessor$10(DecisionService.java:110), com.intellect.contextual.service.decisionparams.DecisionService.lambda$null$12(DecisionService.java:163), java.util.concurrent.FutureTask.run(FutureTask.java:266), java.util.concurrent.ThreadPoolExecutor.runWorker(ThreadPoolExecutor.java:1149), java.util.concurrent.ThreadPoolExecutor$Worker.run(Thr')
,('210429-02242410-2e71ab4879','837937620','2021-04-29 02:24:21.772','L3 - DECISION-HANDLER','S1 - ENRICH-OFFERING-DECISION-PARAM','21042924','null','json string can not be null or empty','[com.jayway.jsonpath.internal.Utils.notEmpty(Utils.java:386), com.jayway.jsonpath.internal.ParseContextImpl.parse(ParseContextImpl.java:36), com.jayway.jsonpath.JsonPath.read(JsonPath.java:502), com.intellect.contextual.util.common.CommonUtil.searchInRequestBodyForPath(CommonUtil.java:85), com.intellect.contextual.util.process.DynamicAPIUtil.lambda$getApiData$3(DynamicAPIUtil.java:132), java.util.ArrayList.forEach(ArrayList.java:1259), com.intellect.contextual.util.process.DynamicAPIUtil.getApiData(DynamicAPIUtil.java:132), com.intellect.contextual.util.process.DynamicAPIUtil.getAPIDataString(DynamicAPIUtil.java:173), com.intellect.contextual.util.process.DynamicAPIUtil$$FastClassBySpringCGLIB$$f6aea0c6.invoke(<generated>), org.springframework.cglib.proxy.MethodProxy.invoke(MethodProxy.java:218), org.springframework.aop.framework.CglibAopProxy$CglibMethodInvocation.invokeJoinpoint(CglibAopProxy.java:749), org.springframework.aop.framework.ReflectiveMethodInvocation.proceed(ReflectiveMethodInvocation.java:163), org.springframework.aop.framework.adapter.AfterReturningAdviceInterceptor.invoke(AfterReturningAdviceInterceptor.java:55), org.springframework.aop.framework.ReflectiveMethodInvocation.proceed(ReflectiveMethodInvocation.java:186), org.springframework.aop.aspectj.AspectJAfterThrowingAdvice.invoke(AspectJAfterThrowingAdvice.java:62), org.springframework.aop.framework.ReflectiveMethodInvocation.proceed(ReflectiveMethodInvocation.java:186), org.springframework.aop.interceptor.ExposeInvocationInterceptor.invoke(ExposeInvocationInterceptor.java:93), org.springframework.aop.framework.ReflectiveMethodInvocation.proceed(ReflectiveMethodInvocation.java:186), org.springframework.aop.framework.CglibAopProxy$DynamicAdvisedInterceptor.intercept(CglibAopProxy.java:688), com.intellect.contextual.util.process.DynamicAPIUtil$$EnhancerBySpringCGLIB$$aa87c075.getAPIDataString(<generated>), com.intellect.contextual.util.process.RuleEngineConfig.lambda$channelType$16(RuleEngineConfig.java:183), com.intellect.contextual.util.process.ERule.enrichFinalValue(ERule.java:193), com.intellect.contextual.util.process.ERule.enrichData(ERule.java:104), com.intellect.contextual.util.process.ERule$$FastClassBySpringCGLIB$$a6bd7a18.invoke(<generated>), org.springframework.cglib.proxy.MethodProxy.invoke(MethodProxy.java:218), org.springframework.aop.framework.CglibAopProxy$CglibMethodInvocation.invokeJoinpoint(CglibAopProxy.java:749), org.springframework.aop.framework.ReflectiveMethodInvocation.proceed(ReflectiveMethodInvocation.java:163), org.springframework.aop.framework.adapter.AfterReturningAdviceInterceptor.invoke(AfterReturningAdviceInterceptor.java:55), org.springframework.aop.framework.ReflectiveMethodInvocation.proceed(ReflectiveMethodInvocation.java:186), org.springframework.aop.aspectj.AspectJAfterThrowingAdvice.invoke(AspectJAfterThrowingAdvice.java:62), org.springframework.aop.framework.ReflectiveMethodInvocation.proceed(ReflectiveMethodInvocation.java:186), org.springframework.aop.interceptor.ExposeInvocationInterceptor.invoke(ExposeInvocationInterceptor.java:93), org.springframework.aop.framework.ReflectiveMethodInvocation.proceed(ReflectiveMethodInvocation.java:186), org.springframework.aop.framework.CglibAopProxy$DynamicAdvisedInterceptor.intercept(CglibAopProxy.java:688), com.intellect.contextual.util.process.ERule$$EnhancerBySpringCGLIB$$5215afab.enrichData(<generated>), com.intellect.contextual.service.decisionparams.DecisionService.lambda$null$9(DecisionService.java:131), java.util.ArrayList.forEach(ArrayList.java:1259), com.intellect.contextual.service.decisionparams.DecisionService.lambda$decisionParamProcessor$10(DecisionService.java:110), com.intellect.contextual.service.decisionparams.DecisionService.lambda$null$12(DecisionService.java:163), java.util.concurrent.FutureTask.run(FutureTask.java:266), java.util.concurrent.ThreadPoolExecutor.runWorker(ThreadPoolExecutor.java:1149), java.util.concurrent.ThreadPoolExecutor$Worker.run(Thr')
,('210429-02242410-2e71ab4879','837937620','2021-04-29 02:24:21.797','L3 - DECISION-HANDLER','S1 - ENRICH-OFFERING-DECISION-PARAM','Y','null','json string can not be null or empty','[com.jayway.jsonpath.internal.Utils.notEmpty(Utils.java:386), com.jayway.jsonpath.internal.ParseContextImpl.parse(ParseContextImpl.java:36), com.jayway.jsonpath.JsonPath.read(JsonPath.java:502), com.intellect.contextual.util.common.CommonUtil.searchInRequestBodyForPath(CommonUtil.java:85), com.intellect.contextual.util.process.DynamicAPIUtil.lambda$getApiData$3(DynamicAPIUtil.java:132), java.util.ArrayList.forEach(ArrayList.java:1259), com.intellect.contextual.util.process.DynamicAPIUtil.getApiData(DynamicAPIUtil.java:132), com.intellect.contextual.util.process.DynamicAPIUtil.getAPIDataString(DynamicAPIUtil.java:173), com.intellect.contextual.util.process.DynamicAPIUtil$$FastClassBySpringCGLIB$$f6aea0c6.invoke(<generated>), org.springframework.cglib.proxy.MethodProxy.invoke(MethodProxy.java:218), org.springframework.aop.framework.CglibAopProxy$CglibMethodInvocation.invokeJoinpoint(CglibAopProxy.java:749), org.springframework.aop.framework.ReflectiveMethodInvocation.proceed(ReflectiveMethodInvocation.java:163), org.springframework.aop.framework.adapter.AfterReturningAdviceInterceptor.invoke(AfterReturningAdviceInterceptor.java:55), org.springframework.aop.framework.ReflectiveMethodInvocation.proceed(ReflectiveMethodInvocation.java:186), org.springframework.aop.aspectj.AspectJAfterThrowingAdvice.invoke(AspectJAfterThrowingAdvice.java:62), org.springframework.aop.framework.ReflectiveMethodInvocation.proceed(ReflectiveMethodInvocation.java:186), org.springframework.aop.interceptor.ExposeInvocationInterceptor.invoke(ExposeInvocationInterceptor.java:93), org.springframework.aop.framework.ReflectiveMethodInvocation.proceed(ReflectiveMethodInvocation.java:186), org.springframework.aop.framework.CglibAopProxy$DynamicAdvisedInterceptor.intercept(CglibAopProxy.java:688), com.intellect.contextual.util.process.DynamicAPIUtil$$EnhancerBySpringCGLIB$$aa87c075.getAPIDataString(<generated>), com.intellect.contextual.util.process.RuleEngineConfig.lambda$channelType$16(RuleEngineConfig.java:183), com.intellect.contextual.util.process.ERule.enrichFinalValue(ERule.java:193), com.intellect.contextual.util.process.ERule.enrichData(ERule.java:104), com.intellect.contextual.util.process.ERule$$FastClassBySpringCGLIB$$a6bd7a18.invoke(<generated>), org.springframework.cglib.proxy.MethodProxy.invoke(MethodProxy.java:218), org.springframework.aop.framework.CglibAopProxy$CglibMethodInvocation.invokeJoinpoint(CglibAopProxy.java:749), org.springframework.aop.framework.ReflectiveMethodInvocation.proceed(ReflectiveMethodInvocation.java:163), org.springframework.aop.framework.adapter.AfterReturningAdviceInterceptor.invoke(AfterReturningAdviceInterceptor.java:55), org.springframework.aop.framework.ReflectiveMethodInvocation.proceed(ReflectiveMethodInvocation.java:186), org.springframework.aop.aspectj.AspectJAfterThrowingAdvice.invoke(AspectJAfterThrowingAdvice.java:62), org.springframework.aop.framework.ReflectiveMethodInvocation.proceed(ReflectiveMethodInvocation.java:186), org.springframework.aop.interceptor.ExposeInvocationInterceptor.invoke(ExposeInvocationInterceptor.java:93), org.springframework.aop.framework.ReflectiveMethodInvocation.proceed(ReflectiveMethodInvocation.java:186), org.springframework.aop.framework.CglibAopProxy$DynamicAdvisedInterceptor.intercept(CglibAopProxy.java:688), com.intellect.contextual.util.process.ERule$$EnhancerBySpringCGLIB$$5215afab.enrichData(<generated>), com.intellect.contextual.service.decisionparams.DecisionService.lambda$null$9(DecisionService.java:131), java.util.ArrayList.forEach(ArrayList.java:1259), com.intellect.contextual.service.decisionparams.DecisionService.lambda$decisionParamProcessor$10(DecisionService.java:110), com.intellect.contextual.service.decisionparams.DecisionService.lambda$null$12(DecisionService.java:163), java.util.concurrent.FutureTask.run(FutureTask.java:266), java.util.concurrent.ThreadPoolExecutor.runWorker(ThreadPoolExecutor.java:1149), java.util.concurrent.ThreadPoolExecutor$Worker.run(Thr')
,('210429-02242410-2e71ab4879','837937620','2021-04-29 02:24:21.800','L3 - DECISION-HANDLER','S1 - ENRICH-OFFERING-DECISION-PARAM','Y','null','json string can not be null or empty','[com.jayway.jsonpath.internal.Utils.notEmpty(Utils.java:386), com.jayway.jsonpath.internal.ParseContextImpl.parse(ParseContextImpl.java:36), com.jayway.jsonpath.JsonPath.read(JsonPath.java:502), com.intellect.contextual.util.common.CommonUtil.searchInRequestBodyForPath(CommonUtil.java:85), com.intellect.contextual.util.process.DynamicAPIUtil.lambda$getApiData$3(DynamicAPIUtil.java:132), java.util.ArrayList.forEach(ArrayList.java:1259), com.intellect.contextual.util.process.DynamicAPIUtil.getApiData(DynamicAPIUtil.java:132), com.intellect.contextual.util.process.DynamicAPIUtil.getAPIDataString(DynamicAPIUtil.java:173), com.intellect.contextual.util.process.DynamicAPIUtil$$FastClassBySpringCGLIB$$f6aea0c6.invoke(<generated>), org.springframework.cglib.proxy.MethodProxy.invoke(MethodProxy.java:218), org.springframework.aop.framework.CglibAopProxy$CglibMethodInvocation.invokeJoinpoint(CglibAopProxy.java:749), org.springframework.aop.framework.ReflectiveMethodInvocation.proceed(ReflectiveMethodInvocation.java:163), org.springframework.aop.framework.adapter.AfterReturningAdviceInterceptor.invoke(AfterReturningAdviceInterceptor.java:55), org.springframework.aop.framework.ReflectiveMethodInvocation.proceed(ReflectiveMethodInvocation.java:186), org.springframework.aop.aspectj.AspectJAfterThrowingAdvice.invoke(AspectJAfterThrowingAdvice.java:62), org.springframework.aop.framework.ReflectiveMethodInvocation.proceed(ReflectiveMethodInvocation.java:186), org.springframework.aop.interceptor.ExposeInvocationInterceptor.invoke(ExposeInvocationInterceptor.java:93), org.springframework.aop.framework.ReflectiveMethodInvocation.proceed(ReflectiveMethodInvocation.java:186), org.springframework.aop.framework.CglibAopProxy$DynamicAdvisedInterceptor.intercept(CglibAopProxy.java:688), com.intellect.contextual.util.process.DynamicAPIUtil$$EnhancerBySpringCGLIB$$aa87c075.getAPIDataString(<generated>), com.intellect.contextual.util.process.RuleEngineConfig.lambda$channelType$16(RuleEngineConfig.java:183), com.intellect.contextual.util.process.ERule.enrichFinalValue(ERule.java:193), com.intellect.contextual.util.process.ERule.enrichData(ERule.java:104), com.intellect.contextual.util.process.ERule$$FastClassBySpringCGLIB$$a6bd7a18.invoke(<generated>), org.springframework.cglib.proxy.MethodProxy.invoke(MethodProxy.java:218), org.springframework.aop.framework.CglibAopProxy$CglibMethodInvocation.invokeJoinpoint(CglibAopProxy.java:749), org.springframework.aop.framework.ReflectiveMethodInvocation.proceed(ReflectiveMethodInvocation.java:163), org.springframework.aop.framework.adapter.AfterReturningAdviceInterceptor.invoke(AfterReturningAdviceInterceptor.java:55), org.springframework.aop.framework.ReflectiveMethodInvocation.proceed(ReflectiveMethodInvocation.java:186), org.springframework.aop.aspectj.AspectJAfterThrowingAdvice.invoke(AspectJAfterThrowingAdvice.java:62), org.springframework.aop.framework.ReflectiveMethodInvocation.proceed(ReflectiveMethodInvocation.java:186), org.springframework.aop.interceptor.ExposeInvocationInterceptor.invoke(ExposeInvocationInterceptor.java:93), org.springframework.aop.framework.ReflectiveMethodInvocation.proceed(ReflectiveMethodInvocation.java:186), org.springframework.aop.framework.CglibAopProxy$DynamicAdvisedInterceptor.intercept(CglibAopProxy.java:688), com.intellect.contextual.util.process.ERule$$EnhancerBySpringCGLIB$$5215afab.enrichData(<generated>), com.intellect.contextual.service.decisionparams.DecisionService.lambda$null$9(DecisionService.java:131), java.util.ArrayList.forEach(ArrayList.java:1259), com.intellect.contextual.service.decisionparams.DecisionService.lambda$decisionParamProcessor$10(DecisionService.java:110), com.intellect.contextual.service.decisionparams.DecisionService.lambda$null$12(DecisionService.java:163), java.util.concurrent.FutureTask.run(FutureTask.java:266), java.util.concurrent.ThreadPoolExecutor.runWorker(ThreadPoolExecutor.java:1149), java.util.concurrent.ThreadPoolExecutor$Worker.run(Thr')
,('210429-02242410-2e71ab4879','837937620','2021-04-29 02:24:21.819','L3 - DECISION-HANDLER','S1 - ENRICH-OFFERING-DECISION-PARAM','Y','null','json string can not be null or empty','[com.jayway.jsonpath.internal.Utils.notEmpty(Utils.java:386), com.jayway.jsonpath.internal.ParseContextImpl.parse(ParseContextImpl.java:36), com.jayway.jsonpath.JsonPath.read(JsonPath.java:502), com.intellect.contextual.util.common.CommonUtil.searchInRequestBodyForPath(CommonUtil.java:85), com.intellect.contextual.util.process.DynamicAPIUtil.lambda$getApiData$3(DynamicAPIUtil.java:132), java.util.ArrayList.forEach(ArrayList.java:1259), com.intellect.contextual.util.process.DynamicAPIUtil.getApiData(DynamicAPIUtil.java:132), com.intellect.contextual.util.process.DynamicAPIUtil.getAPIDataString(DynamicAPIUtil.java:173), com.intellect.contextual.util.process.DynamicAPIUtil$$FastClassBySpringCGLIB$$f6aea0c6.invoke(<generated>), org.springframework.cglib.proxy.MethodProxy.invoke(MethodProxy.java:218), org.springframework.aop.framework.CglibAopProxy$CglibMethodInvocation.invokeJoinpoint(CglibAopProxy.java:749), org.springframework.aop.framework.ReflectiveMethodInvocation.proceed(ReflectiveMethodInvocation.java:163), org.springframework.aop.framework.adapter.AfterReturningAdviceInterceptor.invoke(AfterReturningAdviceInterceptor.java:55), org.springframework.aop.framework.ReflectiveMethodInvocation.proceed(ReflectiveMethodInvocation.java:186), org.springframework.aop.aspectj.AspectJAfterThrowingAdvice.invoke(AspectJAfterThrowingAdvice.java:62), org.springframework.aop.framework.ReflectiveMethodInvocation.proceed(ReflectiveMethodInvocation.java:186), org.springframework.aop.interceptor.ExposeInvocationInterceptor.invoke(ExposeInvocationInterceptor.java:93), org.springframework.aop.framework.ReflectiveMethodInvocation.proceed(ReflectiveMethodInvocation.java:186), org.springframework.aop.framework.CglibAopProxy$DynamicAdvisedInterceptor.intercept(CglibAopProxy.java:688), com.intellect.contextual.util.process.DynamicAPIUtil$$EnhancerBySpringCGLIB$$aa87c075.getAPIDataString(<generated>), com.intellect.contextual.util.process.RuleEngineConfig.lambda$channelType$16(RuleEngineConfig.java:183), com.intellect.contextual.util.process.ERule.enrichFinalValue(ERule.java:193), com.intellect.contextual.util.process.ERule.enrichData(ERule.java:104), com.intellect.contextual.util.process.ERule$$FastClassBySpringCGLIB$$a6bd7a18.invoke(<generated>), org.springframework.cglib.proxy.MethodProxy.invoke(MethodProxy.java:218), org.springframework.aop.framework.CglibAopProxy$CglibMethodInvocation.invokeJoinpoint(CglibAopProxy.java:749), org.springframework.aop.framework.ReflectiveMethodInvocation.proceed(ReflectiveMethodInvocation.java:163), org.springframework.aop.framework.adapter.AfterReturningAdviceInterceptor.invoke(AfterReturningAdviceInterceptor.java:55), org.springframework.aop.framework.ReflectiveMethodInvocation.proceed(ReflectiveMethodInvocation.java:186), org.springframework.aop.aspectj.AspectJAfterThrowingAdvice.invoke(AspectJAfterThrowingAdvice.java:62), org.springframework.aop.framework.ReflectiveMethodInvocation.proceed(ReflectiveMethodInvocation.java:186), org.springframework.aop.interceptor.ExposeInvocationInterceptor.invoke(ExposeInvocationInterceptor.java:93), org.springframework.aop.framework.ReflectiveMethodInvocation.proceed(ReflectiveMethodInvocation.java:186), org.springframework.aop.framework.CglibAopProxy$DynamicAdvisedInterceptor.intercept(CglibAopProxy.java:688), com.intellect.contextual.util.process.ERule$$EnhancerBySpringCGLIB$$5215afab.enrichData(<generated>), com.intellect.contextual.service.decisionparams.DecisionService.lambda$null$9(DecisionService.java:131), java.util.ArrayList.forEach(ArrayList.java:1259), com.intellect.contextual.service.decisionparams.DecisionService.lambda$decisionParamProcessor$10(DecisionService.java:110), com.intellect.contextual.service.decisionparams.DecisionService.lambda$null$12(DecisionService.java:163), java.util.concurrent.FutureTask.run(FutureTask.java:266), java.util.concurrent.ThreadPoolExecutor.runWorker(ThreadPoolExecutor.java:1149), java.util.concurrent.ThreadPoolExecutor$Worker.run(Thr')
,('210429-02242410-2e71ab4879','837937620','2021-04-29 02:24:21.834','L3 - DECISION-HANDLER','S1 - ENRICH-OFFERING-DECISION-PARAM','Y','null','json string can not be null or empty','[com.jayway.jsonpath.internal.Utils.notEmpty(Utils.java:386), com.jayway.jsonpath.internal.ParseContextImpl.parse(ParseContextImpl.java:36), com.jayway.jsonpath.JsonPath.read(JsonPath.java:502), com.intellect.contextual.util.common.CommonUtil.searchInRequestBodyForPath(CommonUtil.java:85), com.intellect.contextual.util.process.DynamicAPIUtil.lambda$getApiData$3(DynamicAPIUtil.java:132), java.util.ArrayList.forEach(ArrayList.java:1259), com.intellect.contextual.util.process.DynamicAPIUtil.getApiData(DynamicAPIUtil.java:132), com.intellect.contextual.util.process.DynamicAPIUtil.getAPIDataString(DynamicAPIUtil.java:173), com.intellect.contextual.util.process.DynamicAPIUtil$$FastClassBySpringCGLIB$$f6aea0c6.invoke(<generated>), org.springframework.cglib.proxy.MethodProxy.invoke(MethodProxy.java:218), org.springframework.aop.framework.CglibAopProxy$CglibMethodInvocation.invokeJoinpoint(CglibAopProxy.java:749), org.springframework.aop.framework.ReflectiveMethodInvocation.proceed(ReflectiveMethodInvocation.java:163), org.springframework.aop.framework.adapter.AfterReturningAdviceInterceptor.invoke(AfterReturningAdviceInterceptor.java:55), org.springframework.aop.framework.ReflectiveMethodInvocation.proceed(ReflectiveMethodInvocation.java:186), org.springframework.aop.aspectj.AspectJAfterThrowingAdvice.invoke(AspectJAfterThrowingAdvice.java:62), org.springframework.aop.framework.ReflectiveMethodInvocation.proceed(ReflectiveMethodInvocation.java:186), org.springframework.aop.interceptor.ExposeInvocationInterceptor.invoke(ExposeInvocationInterceptor.java:93), org.springframework.aop.framework.ReflectiveMethodInvocation.proceed(ReflectiveMethodInvocation.java:186), org.springframework.aop.framework.CglibAopProxy$DynamicAdvisedInterceptor.intercept(CglibAopProxy.java:688), com.intellect.contextual.util.process.DynamicAPIUtil$$EnhancerBySpringCGLIB$$aa87c075.getAPIDataString(<generated>), com.intellect.contextual.util.process.RuleEngineConfig.lambda$channelType$16(RuleEngineConfig.java:183), com.intellect.contextual.util.process.ERule.enrichFinalValue(ERule.java:193), com.intellect.contextual.util.process.ERule.enrichData(ERule.java:104), com.intellect.contextual.util.process.ERule$$FastClassBySpringCGLIB$$a6bd7a18.invoke(<generated>), org.springframework.cglib.proxy.MethodProxy.invoke(MethodProxy.java:218), org.springframework.aop.framework.CglibAopProxy$CglibMethodInvocation.invokeJoinpoint(CglibAopProxy.java:749), org.springframework.aop.framework.ReflectiveMethodInvocation.proceed(ReflectiveMethodInvocation.java:163), org.springframework.aop.framework.adapter.AfterReturningAdviceInterceptor.invoke(AfterReturningAdviceInterceptor.java:55), org.springframework.aop.framework.ReflectiveMethodInvocation.proceed(ReflectiveMethodInvocation.java:186), org.springframework.aop.aspectj.AspectJAfterThrowingAdvice.invoke(AspectJAfterThrowingAdvice.java:62), org.springframework.aop.framework.ReflectiveMethodInvocation.proceed(ReflectiveMethodInvocation.java:186), org.springframework.aop.interceptor.ExposeInvocationInterceptor.invoke(ExposeInvocationInterceptor.java:93), org.springframework.aop.framework.ReflectiveMethodInvocation.proceed(ReflectiveMethodInvocation.java:186), org.springframework.aop.framework.CglibAopProxy$DynamicAdvisedInterceptor.intercept(CglibAopProxy.java:688), com.intellect.contextual.util.process.ERule$$EnhancerBySpringCGLIB$$5215afab.enrichData(<generated>), com.intellect.contextual.service.decisionparams.DecisionService.lambda$null$9(DecisionService.java:131), java.util.ArrayList.forEach(ArrayList.java:1259), com.intellect.contextual.service.decisionparams.DecisionService.lambda$decisionParamProcessor$10(DecisionService.java:110), com.intellect.contextual.service.decisionparams.DecisionService.lambda$null$12(DecisionService.java:163), java.util.concurrent.FutureTask.run(FutureTask.java:266), java.util.concurrent.ThreadPoolExecutor.runWorker(ThreadPoolExecutor.java:1149), java.util.concurrent.ThreadPoolExecutor$Worker.run(Thr')
,('210429-02242410-2e71ab4879','837937620','2021-04-29 02:24:21.840','L3 - DECISION-HANDLER','S1 - ENRICH-OFFERING-DECISION-PARAM','Y','null','json string can not be null or empty','[com.jayway.jsonpath.internal.Utils.notEmpty(Utils.java:386), com.jayway.jsonpath.internal.ParseContextImpl.parse(ParseContextImpl.java:36), com.jayway.jsonpath.JsonPath.read(JsonPath.java:502), com.intellect.contextual.util.common.CommonUtil.searchInRequestBodyForPath(CommonUtil.java:85), com.intellect.contextual.util.process.DynamicAPIUtil.lambda$getApiData$3(DynamicAPIUtil.java:132), java.util.ArrayList.forEach(ArrayList.java:1259), com.intellect.contextual.util.process.DynamicAPIUtil.getApiData(DynamicAPIUtil.java:132), com.intellect.contextual.util.process.DynamicAPIUtil.getAPIDataString(DynamicAPIUtil.java:173), com.intellect.contextual.util.process.DynamicAPIUtil$$FastClassBySpringCGLIB$$f6aea0c6.invoke(<generated>), org.springframework.cglib.proxy.MethodProxy.invoke(MethodProxy.java:218), org.springframework.aop.framework.CglibAopProxy$CglibMethodInvocation.invokeJoinpoint(CglibAopProxy.java:749), org.springframework.aop.framework.ReflectiveMethodInvocation.proceed(ReflectiveMethodInvocation.java:163), org.springframework.aop.framework.adapter.AfterReturningAdviceInterceptor.invoke(AfterReturningAdviceInterceptor.java:55), org.springframework.aop.framework.ReflectiveMethodInvocation.proceed(ReflectiveMethodInvocation.java:186), org.springframework.aop.aspectj.AspectJAfterThrowingAdvice.invoke(AspectJAfterThrowingAdvice.java:62), org.springframework.aop.framework.ReflectiveMethodInvocation.proceed(ReflectiveMethodInvocation.java:186), org.springframework.aop.interceptor.ExposeInvocationInterceptor.invoke(ExposeInvocationInterceptor.java:93), org.springframework.aop.framework.ReflectiveMethodInvocation.proceed(ReflectiveMethodInvocation.java:186), org.springframework.aop.framework.CglibAopProxy$DynamicAdvisedInterceptor.intercept(CglibAopProxy.java:688), com.intellect.contextual.util.process.DynamicAPIUtil$$EnhancerBySpringCGLIB$$aa87c075.getAPIDataString(<generated>), com.intellect.contextual.util.process.RuleEngineConfig.lambda$channelType$16(RuleEngineConfig.java:183), com.intellect.contextual.util.process.ERule.enrichFinalValue(ERule.java:193), com.intellect.contextual.util.process.ERule.enrichData(ERule.java:104), com.intellect.contextual.util.process.ERule$$FastClassBySpringCGLIB$$a6bd7a18.invoke(<generated>), org.springframework.cglib.proxy.MethodProxy.invoke(MethodProxy.java:218), org.springframework.aop.framework.CglibAopProxy$CglibMethodInvocation.invokeJoinpoint(CglibAopProxy.java:749), org.springframework.aop.framework.ReflectiveMethodInvocation.proceed(ReflectiveMethodInvocation.java:163), org.springframework.aop.framework.adapter.AfterReturningAdviceInterceptor.invoke(AfterReturningAdviceInterceptor.java:55), org.springframework.aop.framework.ReflectiveMethodInvocation.proceed(ReflectiveMethodInvocation.java:186), org.springframework.aop.aspectj.AspectJAfterThrowingAdvice.invoke(AspectJAfterThrowingAdvice.java:62), org.springframework.aop.framework.ReflectiveMethodInvocation.proceed(ReflectiveMethodInvocation.java:186), org.springframework.aop.interceptor.ExposeInvocationInterceptor.invoke(ExposeInvocationInterceptor.java:93), org.springframework.aop.framework.ReflectiveMethodInvocation.proceed(ReflectiveMethodInvocation.java:186), org.springframework.aop.framework.CglibAopProxy$DynamicAdvisedInterceptor.intercept(CglibAopProxy.java:688), com.intellect.contextual.util.process.ERule$$EnhancerBySpringCGLIB$$5215afab.enrichData(<generated>), com.intellect.contextual.service.decisionparams.DecisionService.lambda$null$9(DecisionService.java:131), java.util.ArrayList.forEach(ArrayList.java:1259), com.intellect.contextual.service.decisionparams.DecisionService.lambda$decisionParamProcessor$10(DecisionService.java:110), com.intellect.contextual.service.decisionparams.DecisionService.lambda$null$12(DecisionService.java:163), java.util.concurrent.FutureTask.run(FutureTask.java:266), java.util.concurrent.ThreadPoolExecutor.runWorker(ThreadPoolExecutor.java:1149), java.util.concurrent.ThreadPoolExecutor$Worker.run(Thr')
,('210429-02242410-2e71ab4879','837937620','2021-04-29 02:24:22.492','L3 - DECISION-HANDLER','S1 - ENRICH-OFFERING-DECISION-PARAM','Y','null','Unable to process the offering list. Please verify the config','[com.intellect.contextual.service.decisionparams.DecisionService.decisionParamProcessor(DecisionService.java:180), com.intellect.contextual.service.decisionparams.DecisionService$$FastClassBySpringCGLIB$$a146bd48.invoke(<generated>), org.springframework.cglib.proxy.MethodProxy.invoke(MethodProxy.java:218), org.springframework.aop.framework.CglibAopProxy$CglibMethodInvocation.invokeJoinpoint(CglibAopProxy.java:749), org.springframework.aop.framework.ReflectiveMethodInvocation.proceed(ReflectiveMethodInvocation.java:163), org.springframework.aop.framework.adapter.AfterReturningAdviceInterceptor.invoke(AfterReturningAdviceInterceptor.java:55), org.springframework.aop.framework.ReflectiveMethodInvocation.proceed(ReflectiveMethodInvocation.java:186), org.springframework.aop.aspectj.AspectJAfterThrowingAdvice.invoke(AspectJAfterThrowingAdvice.java:62), org.springframework.aop.framework.ReflectiveMethodInvocation.proceed(ReflectiveMethodInvocation.java:186), org.springframework.aop.interceptor.ExposeInvocationInterceptor.invoke(ExposeInvocationInterceptor.java:93), org.springframework.aop.framework.ReflectiveMethodInvocation.proceed(ReflectiveMethodInvocation.java:186), org.springframework.aop.framework.CglibAopProxy$DynamicAdvisedInterceptor.intercept(CglibAopProxy.java:688), com.intellect.contextual.service.decisionparams.DecisionService$$EnhancerBySpringCGLIB$$13cf73b.decisionParamProcessor(<generated>), com.intellect.contextual.service.decisionparams.DecisionHandler.execute(DecisionHandler.java:65), com.intellect.contextual.service.decisionparams.DecisionHandler$$FastClassBySpringCGLIB$$544e4ddd.invoke(<generated>), org.springframework.cglib.proxy.MethodProxy.invoke(MethodProxy.java:218), org.springframework.aop.framework.CglibAopProxy$CglibMethodInvocation.invokeJoinpoint(CglibAopProxy.java:749), org.springframework.aop.framework.ReflectiveMethodInvocation.proceed(ReflectiveMethodInvocation.java:163), org.springframework.aop.framework.adapter.AfterReturningAdviceInterceptor.invoke(AfterReturningAdviceInterceptor.java:55), org.springframework.aop.framework.ReflectiveMethodInvocation.proceed(ReflectiveMethodInvocation.java:186), org.springframework.aop.aspectj.AspectJAfterThrowingAdvice.invoke(AspectJAfterThrowingAdvice.java:62), org.springframework.aop.framework.ReflectiveMethodInvocation.proceed(ReflectiveMethodInvocation.java:186), org.springframework.aop.interceptor.ExposeInvocationInterceptor.invoke(ExposeInvocationInterceptor.java:93), org.springframework.aop.framework.ReflectiveMethodInvocation.proceed(ReflectiveMethodInvocation.java:186), org.springframework.aop.framework.CglibAopProxy$DynamicAdvisedInterceptor.intercept(CglibAopProxy.java:688), com.intellect.contextual.service.decisionparams.DecisionHandler$$EnhancerBySpringCGLIB$$9d142e1a.execute(<generated>), com.intellect.contextual.service.orchestrator.GetRecommendationOrchestrator.execute(GetRecommendationOrchestrator.java:65), com.intellect.contextual.service.orchestrator.GetRecommendationOrchestrator$$FastClassBySpringCGLIB$$e224a390.invoke(<generated>), org.springframework.cglib.proxy.MethodProxy.invoke(MethodProxy.java:218), org.springframework.aop.framework.CglibAopProxy$CglibMethodInvocation.invokeJoinpoint(CglibAopProxy.java:749), org.springframework.aop.framework.ReflectiveMethodInvocation.proceed(ReflectiveMethodInvocation.java:163), org.springframework.aop.framework.adapter.AfterReturningAdviceInterceptor.invoke(AfterReturningAdviceInterceptor.java:55), org.springframework.aop.framework.ReflectiveMethodInvocation.proceed(ReflectiveMethodInvocation.java:186), org.springframework.aop.aspectj.AspectJAfterThrowingAdvice.invoke(AspectJAfterThrowingAdvice.java:62), org.springframework.aop.framework.ReflectiveMethodInvocation.proceed(ReflectiveMethodInvocation.java:186), org.springframework.aop.interceptor.ExposeInvocationInterceptor.invoke(ExposeInvocationInterceptor.java:93), org.springframework.aop.framework.ReflectiveMethodInvocation.proceed(ReflectiveMethodI')
,('210429-02242410-2e71ab4879','837937620','2021-04-29 02:24:22.497','L3 - DECISION-HANDLER','S1 - ENRICH-OFFERING-DECISION-PARAM','Y','null','Unable to process the offering list. Please verify the config','[com.intellect.contextual.service.decisionparams.DecisionService.decisionParamProcessor(DecisionService.java:180), com.intellect.contextual.service.decisionparams.DecisionService$$FastClassBySpringCGLIB$$a146bd48.invoke(<generated>), org.springframework.cglib.proxy.MethodProxy.invoke(MethodProxy.java:218), org.springframework.aop.framework.CglibAopProxy$CglibMethodInvocation.invokeJoinpoint(CglibAopProxy.java:749), org.springframework.aop.framework.ReflectiveMethodInvocation.proceed(ReflectiveMethodInvocation.java:163), org.springframework.aop.framework.adapter.AfterReturningAdviceInterceptor.invoke(AfterReturningAdviceInterceptor.java:55), org.springframework.aop.framework.ReflectiveMethodInvocation.proceed(ReflectiveMethodInvocation.java:186), org.springframework.aop.aspectj.AspectJAfterThrowingAdvice.invoke(AspectJAfterThrowingAdvice.java:62), org.springframework.aop.framework.ReflectiveMethodInvocation.proceed(ReflectiveMethodInvocation.java:186), org.springframework.aop.interceptor.ExposeInvocationInterceptor.invoke(ExposeInvocationInterceptor.java:93), org.springframework.aop.framework.ReflectiveMethodInvocation.proceed(ReflectiveMethodInvocation.java:186), org.springframework.aop.framework.CglibAopProxy$DynamicAdvisedInterceptor.intercept(CglibAopProxy.java:688), com.intellect.contextual.service.decisionparams.DecisionService$$EnhancerBySpringCGLIB$$13cf73b.decisionParamProcessor(<generated>), com.intellect.contextual.service.decisionparams.DecisionHandler.execute(DecisionHandler.java:65), com.intellect.contextual.service.decisionparams.DecisionHandler$$FastClassBySpringCGLIB$$544e4ddd.invoke(<generated>), org.springframework.cglib.proxy.MethodProxy.invoke(MethodProxy.java:218), org.springframework.aop.framework.CglibAopProxy$CglibMethodInvocation.invokeJoinpoint(CglibAopProxy.java:749), org.springframework.aop.framework.ReflectiveMethodInvocation.proceed(ReflectiveMethodInvocation.java:163), org.springframework.aop.framework.adapter.AfterReturningAdviceInterceptor.invoke(AfterReturningAdviceInterceptor.java:55), org.springframework.aop.framework.ReflectiveMethodInvocation.proceed(ReflectiveMethodInvocation.java:186), org.springframework.aop.aspectj.AspectJAfterThrowingAdvice.invoke(AspectJAfterThrowingAdvice.java:62), org.springframework.aop.framework.ReflectiveMethodInvocation.proceed(ReflectiveMethodInvocation.java:186), org.springframework.aop.interceptor.ExposeInvocationInterceptor.invoke(ExposeInvocationInterceptor.java:93), org.springframework.aop.framework.ReflectiveMethodInvocation.proceed(ReflectiveMethodInvocation.java:186), org.springframework.aop.framework.CglibAopProxy$DynamicAdvisedInterceptor.intercept(CglibAopProxy.java:688), com.intellect.contextual.service.decisionparams.DecisionHandler$$EnhancerBySpringCGLIB$$9d142e1a.execute(<generated>), com.intellect.contextual.service.orchestrator.GetRecommendationOrchestrator.execute(GetRecommendationOrchestrator.java:65), com.intellect.contextual.service.orchestrator.GetRecommendationOrchestrator$$FastClassBySpringCGLIB$$e224a390.invoke(<generated>), org.springframework.cglib.proxy.MethodProxy.invoke(MethodProxy.java:218), org.springframework.aop.framework.CglibAopProxy$CglibMethodInvocation.invokeJoinpoint(CglibAopProxy.java:749), org.springframework.aop.framework.ReflectiveMethodInvocation.proceed(ReflectiveMethodInvocation.java:163), org.springframework.aop.framework.adapter.AfterReturningAdviceInterceptor.invoke(AfterReturningAdviceInterceptor.java:55), org.springframework.aop.framework.ReflectiveMethodInvocation.proceed(ReflectiveMethodInvocation.java:186), org.springframework.aop.aspectj.AspectJAfterThrowingAdvice.invoke(AspectJAfterThrowingAdvice.java:62), org.springframework.aop.framework.ReflectiveMethodInvocation.proceed(ReflectiveMethodInvocation.java:186), org.springframework.aop.interceptor.ExposeInvocationInterceptor.invoke(ExposeInvocationInterceptor.java:93), org.springframework.aop.framework.ReflectiveMethodInvocation.proceed(ReflectiveMethodI')
,('210429-02242410-2e71ab4879','837937620','2021-04-29 02:24:21.804','L3 - DECISION-HANDLER','S1 - ENRICH-OFFERING-DECISION-PARAM','29-Apr-2021','null','json string can not be null or empty','[com.jayway.jsonpath.internal.Utils.notEmpty(Utils.java:386), com.jayway.jsonpath.internal.ParseContextImpl.parse(ParseContextImpl.java:36), com.jayway.jsonpath.JsonPath.read(JsonPath.java:502), com.intellect.contextual.util.common.CommonUtil.searchInRequestBodyForPath(CommonUtil.java:85), com.intellect.contextual.util.process.DynamicAPIUtil.lambda$getApiData$3(DynamicAPIUtil.java:132), java.util.ArrayList.forEach(ArrayList.java:1259), com.intellect.contextual.util.process.DynamicAPIUtil.getApiData(DynamicAPIUtil.java:132), com.intellect.contextual.util.process.DynamicAPIUtil.getAPIDataString(DynamicAPIUtil.java:173), com.intellect.contextual.util.process.DynamicAPIUtil$$FastClassBySpringCGLIB$$f6aea0c6.invoke(<generated>), org.springframework.cglib.proxy.MethodProxy.invoke(MethodProxy.java:218), org.springframework.aop.framework.CglibAopProxy$CglibMethodInvocation.invokeJoinpoint(CglibAopProxy.java:749), org.springframework.aop.framework.ReflectiveMethodInvocation.proceed(ReflectiveMethodInvocation.java:163), org.springframework.aop.framework.adapter.AfterReturningAdviceInterceptor.invoke(AfterReturningAdviceInterceptor.java:55), org.springframework.aop.framework.ReflectiveMethodInvocation.proceed(ReflectiveMethodInvocation.java:186), org.springframework.aop.aspectj.AspectJAfterThrowingAdvice.invoke(AspectJAfterThrowingAdvice.java:62), org.springframework.aop.framework.ReflectiveMethodInvocation.proceed(ReflectiveMethodInvocation.java:186), org.springframework.aop.interceptor.ExposeInvocationInterceptor.invoke(ExposeInvocationInterceptor.java:93), org.springframework.aop.framework.ReflectiveMethodInvocation.proceed(ReflectiveMethodInvocation.java:186), org.springframework.aop.framework.CglibAopProxy$DynamicAdvisedInterceptor.intercept(CglibAopProxy.java:688), com.intellect.contextual.util.process.DynamicAPIUtil$$EnhancerBySpringCGLIB$$aa87c075.getAPIDataString(<generated>), com.intellect.contextual.util.process.RuleEngineConfig.lambda$channelType$16(RuleEngineConfig.java:183), com.intellect.contextual.util.process.ERule.enrichFinalValue(ERule.java:193), com.intellect.contextual.util.process.ERule.enrichData(ERule.java:104), com.intellect.contextual.util.process.ERule$$FastClassBySpringCGLIB$$a6bd7a18.invoke(<generated>), org.springframework.cglib.proxy.MethodProxy.invoke(MethodProxy.java:218), org.springframework.aop.framework.CglibAopProxy$CglibMethodInvocation.invokeJoinpoint(CglibAopProxy.java:749), org.springframework.aop.framework.ReflectiveMethodInvocation.proceed(ReflectiveMethodInvocation.java:163), org.springframework.aop.framework.adapter.AfterReturningAdviceInterceptor.invoke(AfterReturningAdviceInterceptor.java:55), org.springframework.aop.framework.ReflectiveMethodInvocation.proceed(ReflectiveMethodInvocation.java:186), org.springframework.aop.aspectj.AspectJAfterThrowingAdvice.invoke(AspectJAfterThrowingAdvice.java:62), org.springframework.aop.framework.ReflectiveMethodInvocation.proceed(ReflectiveMethodInvocation.java:186), org.springframework.aop.interceptor.ExposeInvocationInterceptor.invoke(ExposeInvocationInterceptor.java:93), org.springframework.aop.framework.ReflectiveMethodInvocation.proceed(ReflectiveMethodInvocation.java:186), org.springframework.aop.framework.CglibAopProxy$DynamicAdvisedInterceptor.intercept(CglibAopProxy.java:688), com.intellect.contextual.util.process.ERule$$EnhancerBySpringCGLIB$$5215afab.enrichData(<generated>), com.intellect.contextual.service.decisionparams.DecisionService.lambda$null$9(DecisionService.java:131), java.util.ArrayList.forEach(ArrayList.java:1259), com.intellect.contextual.service.decisionparams.DecisionService.lambda$decisionParamProcessor$10(DecisionService.java:110), com.intellect.contextual.service.decisionparams.DecisionService.lambda$null$12(DecisionService.java:163), java.util.concurrent.FutureTask.run(FutureTask.java:266), java.util.concurrent.ThreadPoolExecutor.runWorker(ThreadPoolExecutor.java:1149), java.util.concurrent.ThreadPoolExecutor$Worker.run(Thr')
;INSERT INTO "CP".icp_field_master (field_code,field_name,field_bucket,data_type,is_array,data_length,vrule_code,is_system_defined,maker_id,maker_date,checker_id,checker_date,flag_closed) VALUES 
('IN_DR_AC_CCY','Debit Account Currency','Input','A','N',NULL,NULL,'Y','SYSTEM','2019-10-03 16:22:15.315','SYSTEM','2019-10-03 16:22:15.315','N')
,('IN_VAL_DT','Value Date','Input','D','N',NULL,NULL,'Y','SYSTEM','2019-10-03 16:22:15.315','SYSTEM','2019-10-03 16:22:15.315','N')
,('IN_INST_AMT','Instructed Amount','Input','N','N',NULL,NULL,'Y','SYSTEM','2019-10-03 16:22:15.315','SYSTEM','2019-10-03 16:22:15.315','N')
,('IN_INST_AMT_CCY','Instructed Currency','Input','A','N',NULL,NULL,'Y','SYSTEM','2019-10-03 16:22:15.315','SYSTEM','2019-10-03 16:22:15.315','N')
,('IN_DEBT_AMT','Debit Amount','Input','N','N',NULL,NULL,'Y','SYSTEM','2019-10-03 16:22:15.315','SYSTEM','2019-10-03 16:22:15.315','N')
,('IN_DEBT_AMT_CCY','Debit Currency','Input','A','N',NULL,NULL,'Y','SYSTEM','2019-10-03 16:22:15.315','SYSTEM','2019-10-03 16:22:15.315','N')
,('IN_CUST_ID','Customer ID','Input','A','N',NULL,NULL,'Y','SYSTEM','2019-10-03 16:22:15.315','SYSTEM','2019-10-03 16:22:15.315','N')
,('DV_CUST_CAT','Customer Category','Input','A','N',NULL,NULL,'Y','SYSTEM','2019-10-03 16:22:15.315','SYSTEM','2019-10-03 16:22:15.315','N')
,('DV_OFFERING_CODE','Offering code','Derived','A','N',NULL,NULL,'Y','SYSTEM','2019-10-03 16:22:15.315','SYSTEM','2019-10-03 16:22:15.315','N')
,('FLD_DER_ELIGIBLE_USER','Eligible User','Derived','A','N',NULL,NULL,'Y','SYSTEM','2019-10-03 16:22:15.000','SYSTEM','2019-10-03 16:22:15.000','N')
;
INSERT INTO "CP".icp_field_master (field_code,field_name,field_bucket,data_type,is_array,data_length,vrule_code,is_system_defined,maker_id,maker_date,checker_id,checker_date,flag_closed) VALUES 
('DV_VD','Derived value date','Derived','A','N',NULL,NULL,'Y','SYSTEM','2019-10-03 16:22:15.000','SYSTEM','2019-10-03 16:22:15.000','N')
,('IN_DR_AC','Debit Account','Input','A','N','67',NULL,'N','SYSTEM','2019-10-23 11:25:50.165','SYSTEM','2019-10-23 11:25:50.165','N')
,('IN_CR_AGT_CTRY','Creditor Bank Country','Input','A','N','89',NULL,'N','SYSTEM','2019-10-23 12:32:34.409','SYSTEM','2019-10-23 12:32:34.409','N')
,('IN_PAY_REASON','Reason','INPUT','A','N','250',NULL,'N','SYSTEM','2019-10-24 12:59:40.496','SYSTEM','2019-10-24 12:59:40.496','N')
,('IN_CR_BANK_NAME','Creditor Bank Name','Fulfillment','A','N','250',NULL,'N','SYSTEM','2019-10-30 19:57:49.843','SYSTEM','2019-10-30 19:57:49.843','N')
,('IN_CR_ACC_TYPE','Creditor Account Type','Fulfillment','A','N','250',NULL,'N','SYSTEM','2019-10-30 19:58:28.511','SYSTEM','2019-10-30 19:58:28.511','N')
,('IN_CR_ROUTING_NO','Creditor Bank Routing No.','Fulfillment','A','N','25',NULL,'N','SYSTEM','2019-10-30 19:59:08.514','SYSTEM','2019-10-30 19:59:08.514','N')
,('IN_CR_BANK_ADD','Creditor Bank Address','Fulfillment','A','N','900',NULL,'N','SYSTEM','2019-10-30 20:00:13.831','SYSTEM','2019-10-30 20:00:13.831','N')
,('SWIFT_CODE','SWIFT Code','Fulfillment','A','N','25',NULL,'N','SYSTEM','2019-10-30 20:02:28.923','SYSTEM','2019-10-30 20:02:28.923','N')
,('IN_CR_NAME','Creditor Name','Fulfillment','A','N','250',NULL,'N','SYSTEM','2019-10-30 20:03:03.375','SYSTEM','2019-10-30 20:03:03.375','N')
;
INSERT INTO "CP".icp_field_master (field_code,field_name,field_bucket,data_type,is_array,data_length,vrule_code,is_system_defined,maker_id,maker_date,checker_id,checker_date,flag_closed) VALUES 
('IN_CR_ADD','Creditor Address','Fulfillment','A','N','900',NULL,'N','SYSTEM','2019-10-30 20:03:37.338','SYSTEM','2019-10-30 20:03:37.338','N')
,('IN_CR_ALIAS_PHONE','Phone','Fulfillment','A','N',NULL,NULL,'Y','SYSTEM','2019-10-03 16:22:15.315','SYSTEM','2019-10-03 16:22:15.315','N')
,('IN_CR_ALIAS_EMAIL','Email','Fulfillment','A','N',NULL,NULL,'Y','SYSTEM','2019-10-03 16:22:15.315','SYSTEM','2019-10-03 16:22:15.315','N')
,('IN_CR_ACC_NO','Creditor Account No','Fulfillment','A','N','20',NULL,'Y','SYSTEM','2019-10-03 16:22:15.000','SYSTEM','2019-10-03 16:22:15.000','N')
,('IN_CR_ABA_ROUTING','Creditor BIC Routing No.','Fulfillment','A','N','25',NULL,'N','SYSTEM','2019-10-30 19:59:43.543','SYSTEM','2019-10-30 19:59:43.543','N')
,('IN_CR_DET_CHAR','Details of Charges','Fulfillment','A','N','250',NULL,'N','SYSTEM','2019-10-30 19:57:49.843','SYSTEM','2019-10-30 19:57:49.843','N')
,('IN_CR_REMIT_INFO','Remittance Info','Fulfillment','A','N','250',NULL,'N','SYSTEM','2019-10-30 19:57:49.843','SYSTEM','2019-10-30 19:57:49.843','N')
,('FL_NTNL_RATE','Notional rate','Input','A','N','7',NULL,'N','SYSTEM','2020-01-13 16:59:50.328','SYSTEM','2020-01-13 16:59:50.328','N')
,('DV_FLD_DISCLMR','Disclamer','Derived','A','N','400',NULL,'N','SYSTEM','2020-01-13 17:00:27.518','SYSTEM','2020-01-13 17:00:27.518','N')
,('IN_CONTACT','Contact','Input','A','N','50',NULL,'N','SYSTEM','2020-01-13 17:00:27.518','SYSTEM','2020-01-13 17:00:27.518','N')
;
INSERT INTO "CP".icp_field_master (field_code,field_name,field_bucket,data_type,is_array,data_length,vrule_code,is_system_defined,maker_id,maker_date,checker_id,checker_date,flag_closed) VALUES 
('DV_FREQ_USED','Frequently Used Tag','Derived','A','N','50',NULL,'N','SYSTEM','2020-01-13 17:00:27.518','SYSTEM','2020-01-13 17:00:27.518','N')
;INSERT INTO "CP".icp_interfacing_system (system_code,system_name,upstream_downstream,addr_disc_type,discovery_server_name,dns_name,port,is_system_defined,maker_id,maker_date,checker_id,checker_date,flag_closed) VALUES 
('CBX','CBX','U',NULL,NULL,NULL,NULL,'Y','SYSTEM','2019-08-27 16:58:00.503','SYSTEM','2019-08-27 16:58:00.503','N')
,('CAP','CAP','D',NULL,NULL,'10.240.128.27','5000','Y','SYSTEM','2019-08-27 16:58:00.503','SYSTEM','2019-08-27 16:58:00.503','N')
;INSERT INTO "CP".icp_list_config (list_code,list_name,list_source,list_pk,query_sql,api_code,is_system_defined,maker_id,maker_date,checker_id,checker_date,flag_closed) VALUES 
('LIST_SANC_CNTRY','Sanctions country list','T',NULL,NULL,NULL,'N','SYSTEM','2019-08-27 16:58:54.554','SYSTEM','2019-08-27 16:58:54.554','N')
,('LIST_ALWD_CNTRY','Allowed country list','T',NULL,NULL,NULL,'N','SYSTEM','2019-08-27 16:58:54.554','SYSTEM','2019-08-27 16:58:54.554','N')
,('LIST_ALWD_CCY_USD','Allowed currency pairs for USD','T',NULL,NULL,NULL,'N','SYSTEM','2019-08-27 16:58:54.554','SYSTEM','2019-08-27 16:58:54.554','N')
,('LIST_ALWD_CCY_CAD','Allowed currency pairs for CAD','T',NULL,NULL,NULL,'N','SYSTEM','2019-08-27 16:58:54.554','SYSTEM','2019-08-27 16:58:54.554','N')
;INSERT INTO "CP".icp_list_config_dtls (list_code,list_seq,list_name,list_value) VALUES 
('LIST_SANC_CNTRY',1,'Iran','IRN')
,('LIST_SANC_CNTRY',2,'North Korea','KOR')
,('LIST_SANC_CNTRY',3,'Sudan','SDN')
,('LIST_SANC_CNTRY',4,'Syria','SYR')
,('LIST_SANC_CNTRY',5,'Cuba','CUB')
,('LIST_SANC_CNTRY',6,'Venezuela','VEN')
,('LIST_ALWD_CNTRY',1,'Australia','AU')
,('LIST_ALWD_CNTRY',2,'Bangladesh','BD')
,('LIST_ALWD_CNTRY',3,'Canada','CA')
,('LIST_ALWD_CNTRY',4,'Denmark','DK')
;
INSERT INTO "CP".icp_list_config_dtls (list_code,list_seq,list_name,list_value) VALUES 
('LIST_ALWD_CNTRY',5,'France','FR')
,('LIST_ALWD_CNTRY',6,'Greece','GR')
,('LIST_ALWD_CNTRY',7,'India','IN')
,('LIST_ALWD_CNTRY',8,'Japan','JP')
,('LIST_ALWD_CNTRY',9,'Mexico','MX')
,('LIST_ALWD_CNTRY',10,'Norway','NO')
,('LIST_ALWD_CNTRY',11,'Switzerland','CH')
,('LIST_ALWD_CCY_USD',1,'CAD','CAD')
,('LIST_ALWD_CCY_USD',2,'AUD','AUD')
,('LIST_ALWD_CCY_USD',3,'INR','INR')
;
INSERT INTO "CP".icp_list_config_dtls (list_code,list_seq,list_name,list_value) VALUES 
('LIST_ALWD_CCY_USD',4,'GBP','GBP')
,('LIST_ALWD_CCY_USD',5,'EUR','EUR')
,('LIST_ALWD_CCY_USD',6,'DKK','DKK')
,('LIST_ALWD_CCY_USD',7,'AED','AED')
,('LIST_ALWD_CCY_CAD',1,'USD','USD')
,('LIST_ALWD_CCY_CAD',2,'AUD','AUD')
,('LIST_ALWD_CCY_CAD',3,'INR','INR')
,('LIST_ALWD_CCY_CAD',4,'GBP','GBP')
,('LIST_ALWD_CCY_CAD',5,'EUR','EUR')
,('LIST_ALWD_CCY_CAD',6,'DKK','DKK')
;
INSERT INTO "CP".icp_list_config_dtls (list_code,list_seq,list_name,list_value) VALUES 
('LIST_ALWD_CCY_CAD',7,'SAR','SAR')
,('LIST_ALWD_CNTRY',12,'Zimbabwe','ZW')
,('LIST_ALWD_CNTRY',13,'United States','US')
;INSERT INTO "CP".icp_offering_elimination (offering_code,vrule_code,raise_error,error_code) VALUES 
('PRD_OFRNG_ETRF_001','VR_ETRF_DEBT_CCY','Y','ERR_ETRF_DEBTCCY_001')
,('PRD_OFRNG_ETRF_001','VR_ETRF_MIN_TXN_AMT_LMT','Y','ERR_ETRF_MINLMT_001')
,('PRD_OFRNG_ETRF_001','VR_ETRF_MAX_TXN_AMT_LMT','Y','ERR_ETRF_MAXLMT_001')
,('PRD_OFRNG_ACH_001','VR_ACH_CTRY_US','Y','ERR_ACH_CTRY_001')
,('PRD_OFRNG_ACH_001','VR_ACH_INST_AMT_CCY','Y','ERR_ACH_AMTCCY_001')
,('PRD_OFRNG_ACH_001','VR_ACH_DEBT_CCY','Y','ERR_ACH_DEBTCCY_001')
,('PRD_OFRNG_ACH_001','VR_ACH_MIN_TXN_AMT_LMT','Y','ERR_ACH_MINLMT_001')
,('PRD_OFRNG_ACH_001','VR_ACH_MAX_TXN_AMT_LMT','Y','ERR_EFT_MAXLMT_001')
,('PRD_OFRNG_EFT_001','VR_EFT_MIN_TXN_AMT_LMT','Y','ERR_EFT_MINLMT_001')
,('PRD_OFRNG_EFT_001','VR_EFT_MAX_TXN_AMT_LMT','Y','ERR_EFT_MAXLMT_001')
;
INSERT INTO "CP".icp_offering_elimination (offering_code,vrule_code,raise_error,error_code) VALUES 
('PRD_OFRNG_GMT_001','VR_GMT_MAX_TXN_AMT_LMT','Y','ERR_GMT_MAXLMT_001')
,('PRD_OFRNG_GMT_001','VR_GMT_MIN_TXN_AMT_LMT','Y','ERR_GMT_MINLMT_001')
,('PRD_OFRNG_ACH_001','VR_ACH_ENTITLEMENT_USER','Y','ERR_ACH_ENTUSR_001')
,('PRD_OFRNG_EFT_001','VR_EFT_ENTITLEMENT_USER','Y','ERR_EFT_ENTUSR_001')
,('PRD_OFRNG_GMT_001','VR_GMT_ENTITLEMENT_USER','Y','ERR_GMT_ENTUSR_001')
,('PRD_OFRNG_EFT_001','VR_EFT_ALWD_CCY_PAIR','Y','ERR_EFT_AMTCCY_001')
,('PRD_OFRNG_ETRF_001','VR_ETRF_CTRY_CA','Y','ERR_ETRF_CTRY_001')
,('PRD_OFRNG_ETRF_001_D','VR_VD_CHECK','N',NULL)
,('PRD_OFRNG_ACH_001_D','VR_VD_CHECK','N',NULL)
,('PRD_OFRNG_EFT_001_D','VR_VD_CHECK','N',NULL)
;
INSERT INTO "CP".icp_offering_elimination (offering_code,vrule_code,raise_error,error_code) VALUES 
('PRD_OFRNG_GMT_001_D','VR_VD_CHECK','N',NULL)
,('PRD_OFRNG_ETRF_001','VR_ETRF_ENTITLEMENT_USER','Y','ERR_ETRF_ENTUSR_001')
,('PRD_OFRNG_EFT_001','VR_EFT_CTRY_CA','Y','ERR_EFT_CTRY_001')
,('PRD_OFRNG_WIRE_001','VR_WIRE_ALWD_CTRYS','Y','ERR_WIRE_CTRY_001')
,('PRD_OFRNG_WIRE_001','VR_WIRE_MAX_TXN_AMT_LMT','Y','ERR_WIRE_MAXLMT_001')
,('PRD_OFRNG_WIRE_001','VR_WIRE_MIN_TXN_AMT_LMT','Y','ERR_WIRE_MINLMT_001')
,('PRD_OFRNG_WIRE_001','VR_WIRE_ENTITLEMENT_USER','Y','ERR_WIRE_ENTUSR_001')
,('PRD_OFRNG_WIRE_001','VR_WIRE_ALWD_CCY_PAIR','Y','ERR_WIRE_AMTCCY_001')
,('PRD_OFRNG_WIRE_001_D','VR_VD_CHECK','Y',NULL)
;INSERT INTO "CP".icp_offering_enrichment (offering_code,offering_field_code,enrich_seq,erule_code,raise_error,vrule_code,error_code) VALUES 
('PRD_OFRNG_ETRF_001','DV_OFFERING_CODE',1,'EN_DER_ETRF_OFFRCODE','N',NULL,NULL)
,('PRD_OFRNG_ACH_001','DV_OFFERING_CODE',1,'EN_DER_ACH_OFFRCODE','N',NULL,NULL)
,('PRD_OFRNG_EFT_001','DV_OFFERING_CODE',1,'EN_DER_EFT_OFFRCODE','N',NULL,NULL)
,('PRD_OFRNG_GMT_001','DV_OFFERING_CODE',1,'EN_DER_GMT_OFFRCODE','N',NULL,NULL)
,('PRD_OFRNG_ETRF_001','FLD_DER_ELIGIBLE_USER',1,'EN_DER_ELIGIBLE','N',NULL,NULL)
,('PRD_OFRNG_ACH_001','FLD_DER_ELIGIBLE_USER',1,'EN_DER_ELIGIBLE','N',NULL,NULL)
,('PRD_OFRNG_EFT_001','FLD_DER_ELIGIBLE_USER',1,'EN_DER_ELIGIBLE','N',NULL,NULL)
,('PRD_OFRNG_GMT_001','FLD_DER_ELIGIBLE_USER',1,'EN_DER_ELIGIBLE','N',NULL,NULL)
,('PRD_OFRNG_ETRF_001','DV_FLD_DISCLMR',1,'EN_DISCLMR_ETRF','N',NULL,NULL)
,('PRD_OFRNG_ACH_001','DV_FLD_DISCLMR',1,'EN_DISCLMR_ACH','N',NULL,NULL)
;
INSERT INTO "CP".icp_offering_enrichment (offering_code,offering_field_code,enrich_seq,erule_code,raise_error,vrule_code,error_code) VALUES 
('PRD_OFRNG_EFT_001','DV_FLD_DISCLMR',1,'EN_DISCLMR_EFT','N',NULL,NULL)
,('PRD_OFRNG_GMT_001','DV_FLD_DISCLMR',1,'EN_DISCLMR_GMT','N',NULL,NULL)
,('PRD_OFRNG_ETRF_001','DV_VD',1,'EN_VALUE_DATE_DISPLAY','N',NULL,NULL)
,('PRD_OFRNG_ACH_001','DV_VD',1,'EN_VALUE_DATE_DISPLAY','N',NULL,NULL)
,('PRD_OFRNG_EFT_001','DV_VD',1,'EN_VALUE_DATE_DISPLAY','N',NULL,NULL)
,('PRD_OFRNG_GMT_001','DV_VD',1,'EN_VALUE_DATE_DISPLAY','N',NULL,NULL)
,('PRD_OFRNG_WIRE_001','DV_OFFERING_CODE',1,'EN_DER_WIRE_OFFRCODE','Y',NULL,NULL)
,('PRD_OFRNG_WIRE_001','FLD_DER_ELIGIBLE_USER',1,'EN_DER_ELIGIBLE','Y',NULL,NULL)
,('PRD_OFRNG_WIRE_001','DV_FLD_DISCLMR',1,'EN_DISCLMR_WIRE','Y',NULL,NULL)
,('PRD_OFRNG_WIRE_001','DV_VD',1,'EN_VALUE_DATE_DISPLAY','Y',NULL,NULL)
;
INSERT INTO "CP".icp_offering_enrichment (offering_code,offering_field_code,enrich_seq,erule_code,raise_error,vrule_code,error_code) VALUES 
('PRD_OFRNG_ACH_001','DV_FREQ_USED',1,'EN_FREQ_USED','Y',NULL,NULL)
,('PRD_OFRNG_BILLPAY_001','DV_FREQ_USED',1,'EN_FREQ_USED','Y',NULL,NULL)
,('PRD_OFRNG_EFT_001','DV_FREQ_USED',1,'EN_FREQ_USED','Y',NULL,NULL)
,('PRD_OFRNG_ETRF_001','DV_FREQ_USED',1,'EN_FREQ_USED','Y',NULL,NULL)
,('PRD_OFRNG_GMT_001','DV_FREQ_USED',1,'EN_FREQ_USED','Y',NULL,NULL)
,('PRD_OFRNG_WIRE_001','DV_FREQ_USED',1,'EN_FREQ_USED','Y',NULL,NULL)
;INSERT INTO "CP".icp_offering_fields (offering_code,offering_field_code,field_bucket,is_mandatory,input_derived_fulfilment) VALUES 
('PRD_OFRNG_ETRF_001','IN_DR_AC','Input','Y','I')
,('PRD_OFRNG_ETRF_001','IN_DR_AC_CCY','Input','Y','I')
,('PRD_OFRNG_ETRF_001','IN_CR_AGT_CTRY','Input','Y','I')
,('PRD_OFRNG_ETRF_001','IN_INST_AMT','Input','Y','I')
,('PRD_OFRNG_ETRF_001','IN_INST_AMT_CCY','Input','Y','I')
,('PRD_OFRNG_ETRF_001','IN_CUST_ID','Input','Y','I')
,('PRD_OFRNG_ETRF_001','DV_CUST_CAT','Input','Y','I')
,('PRD_OFRNG_ACH_001','IN_DR_AC','Input','Y','I')
,('PRD_OFRNG_ACH_001','IN_DR_AC_CCY','Input','Y','I')
,('PRD_OFRNG_ACH_001','IN_CR_AGT_CTRY','Input','Y','I')
;
INSERT INTO "CP".icp_offering_fields (offering_code,offering_field_code,field_bucket,is_mandatory,input_derived_fulfilment) VALUES 
('PRD_OFRNG_ACH_001','IN_INST_AMT','Input','Y','I')
,('PRD_OFRNG_ACH_001','IN_INST_AMT_CCY','Input','Y','I')
,('PRD_OFRNG_ACH_001','IN_CUST_ID','Input','Y','I')
,('PRD_OFRNG_ACH_001','DV_CUST_CAT','Input','Y','I')
,('PRD_OFRNG_EFT_001','IN_DR_AC','Input','Y','I')
,('PRD_OFRNG_EFT_001','IN_DR_AC_CCY','Input','Y','I')
,('PRD_OFRNG_EFT_001','IN_CR_AGT_CTRY','Input','Y','I')
,('PRD_OFRNG_EFT_001','IN_INST_AMT','Input','Y','I')
,('PRD_OFRNG_EFT_001','IN_INST_AMT_CCY','Input','Y','I')
,('PRD_OFRNG_EFT_001','IN_CUST_ID','Input','Y','I')
;
INSERT INTO "CP".icp_offering_fields (offering_code,offering_field_code,field_bucket,is_mandatory,input_derived_fulfilment) VALUES 
('PRD_OFRNG_EFT_001','DV_CUST_CAT','Input','Y','I')
,('PRD_OFRNG_GMT_001','IN_DR_AC','Input','Y','I')
,('PRD_OFRNG_GMT_001','IN_DR_AC_CCY','Input','Y','I')
,('PRD_OFRNG_GMT_001','IN_CR_AGT_CTRY','Input','Y','I')
,('PRD_OFRNG_GMT_001','IN_INST_AMT','Input','Y','I')
,('PRD_OFRNG_GMT_001','IN_INST_AMT_CCY','Input','Y','I')
,('PRD_OFRNG_GMT_001','IN_CUST_ID','Input','Y','I')
,('PRD_OFRNG_GMT_001','DV_CUST_CAT','Input','Y','I')
,('PRD_OFRNG_ACH_001','DV_OFFERING_CODE','Derived','N','D')
,('PRD_OFRNG_EFT_001','DV_OFFERING_CODE','Derived','N','D')
;
INSERT INTO "CP".icp_offering_fields (offering_code,offering_field_code,field_bucket,is_mandatory,input_derived_fulfilment) VALUES 
('PRD_OFRNG_GMT_001','DV_OFFERING_CODE','Derived','N','D')
,('PRD_OFRNG_ETRF_001','DV_FLD_DISCLMR','Derived','N','D')
,('PRD_OFRNG_ETRF_001','FLD_DER_ELIGIBLE_USER','Derived','Y','D')
,('PRD_OFRNG_ACH_001','FLD_DER_ELIGIBLE_USER','Derived','Y','D')
,('PRD_OFRNG_EFT_001','FLD_DER_ELIGIBLE_USER','Derived','Y','D')
,('PRD_OFRNG_GMT_001','FLD_DER_ELIGIBLE_USER','Derived','Y','D')
,('PRD_OFRNG_ETRF_001','IN_CR_ALIAS_PHONE','Fulfillment','Y','F')
,('PRD_OFRNG_ETRF_001','IN_CR_ALIAS_EMAIL','Fulfillment','Y','F')
,('PRD_OFRNG_ETRF_001','DV_OFFERING_CODE','Derived','N','D')
,('PRD_OFRNG_ACH_001','DV_FLD_DISCLMR','Derived','N','D')
;
INSERT INTO "CP".icp_offering_fields (offering_code,offering_field_code,field_bucket,is_mandatory,input_derived_fulfilment) VALUES 
('PRD_OFRNG_EFT_001','DV_FLD_DISCLMR','Derived','N','D')
,('PRD_OFRNG_GMT_001','DV_FLD_DISCLMR','Derived','N','D')
,('PRD_OFRNG_ACH_001','IN_VAL_DT','Input','N','I')
,('PRD_OFRNG_ACH_001','IN_DEBT_AMT','Input','N','I')
,('PRD_OFRNG_ACH_001','IN_DEBT_AMT_CCY','Input','N','I')
,('PRD_OFRNG_ACH_001','FL_NTNL_RATE','Input','N','I')
,('PRD_OFRNG_EFT_001','IN_VAL_DT','Input','N','I')
,('PRD_OFRNG_EFT_001','IN_DEBT_AMT','Input','N','I')
,('PRD_OFRNG_EFT_001','IN_DEBT_AMT_CCY','Input','N','I')
,('PRD_OFRNG_EFT_001','FL_NTNL_RATE','Input','N','I')
;
INSERT INTO "CP".icp_offering_fields (offering_code,offering_field_code,field_bucket,is_mandatory,input_derived_fulfilment) VALUES 
('PRD_OFRNG_ETRF_001','IN_VAL_DT','Input','N','I')
,('PRD_OFRNG_ETRF_001','IN_DEBT_AMT','Input','N','I')
,('PRD_OFRNG_ETRF_001','IN_DEBT_AMT_CCY','Input','N','I')
,('PRD_OFRNG_ETRF_001','FL_NTNL_RATE','Input','N','I')
,('PRD_OFRNG_GMT_001','IN_VAL_DT','Input','N','I')
,('PRD_OFRNG_GMT_001','IN_DEBT_AMT','Input','N','I')
,('PRD_OFRNG_GMT_001','IN_DEBT_AMT_CCY','Input','N','I')
,('PRD_OFRNG_GMT_001','FL_NTNL_RATE','Input','N','I')
,('PRD_OFRNG_ETRF_001','DV_VD','Derived','N','D')
,('PRD_OFRNG_ACH_001','DV_VD','Derived','N','D')
;
INSERT INTO "CP".icp_offering_fields (offering_code,offering_field_code,field_bucket,is_mandatory,input_derived_fulfilment) VALUES 
('PRD_OFRNG_EFT_001','DV_VD','Derived','N','D')
,('PRD_OFRNG_GMT_001','DV_VD','Derived','N','D')
,('PRD_OFRNG_ETRF_001','IN_CR_ALIAS_PHONE','Fulfillment','Y','F')
,('PRD_OFRNG_ETRF_001','IN_CR_ALIAS_EMAIL','Fulfillment','Y','F')
,('PRD_OFRNG_EFT_001','IN_CR_BANK_NAME','Fulfillment','Y','F')
,('PRD_OFRNG_EFT_001','IN_CR_ROUTING_NO','Fulfillment','Y','F')
,('PRD_OFRNG_ACH_001','IN_CR_ROUTING_NO','Fulfillment','Y','F')
,('PRD_OFRNG_ACH_001','IN_CR_ACC_TYPE','Fulfillment','Y','F')
,('PRD_OFRNG_GMT_001','SWIFT_CODE','Fulfillment','Y','F')
,('PRD_OFRNG_GMT_001','IN_CR_NAME','Fulfillment','Y','F')
;
INSERT INTO "CP".icp_offering_fields (offering_code,offering_field_code,field_bucket,is_mandatory,input_derived_fulfilment) VALUES 
('PRD_OFRNG_GMT_001','IN_CR_ADD','Fulfillment','Y','F')
,('PRD_OFRNG_EFT_001','IN_CR_ACC_NO','Fulfillment','Y','F')
,('PRD_OFRNG_ACH_001','IN_CR_REMIT_INFO','Fulfillment','Y','F')
,('PRD_OFRNG_ACH_001','IN_CR_ACC_NO','Fulfillment','Y','F')
,('PRD_OFRNG_ETRF_001','IN_CR_REMIT_INFO','Fulfillment','Y','F')
,('PRD_OFRNG_WIRE_001','IN_DR_AC','Input','Y','I')
,('PRD_OFRNG_WIRE_001','IN_DR_AC_CCY','Input','Y','I')
,('PRD_OFRNG_WIRE_001','IN_CR_AGT_CTRY','Input','Y','I')
,('PRD_OFRNG_WIRE_001','IN_INST_AMT','Input','Y','I')
,('PRD_OFRNG_WIRE_001','IN_INST_AMT_CCY','Input','Y','I')
;
INSERT INTO "CP".icp_offering_fields (offering_code,offering_field_code,field_bucket,is_mandatory,input_derived_fulfilment) VALUES 
('PRD_OFRNG_WIRE_001','IN_CUST_ID','Input','Y','I')
,('PRD_OFRNG_WIRE_001','DV_CUST_CAT','Input','Y','I')
,('PRD_OFRNG_WIRE_001','DV_OFFERING_CODE','Derived','N','D')
,('PRD_OFRNG_WIRE_001','FLD_DER_ELIGIBLE_USER','Derived','Y','D')
,('PRD_OFRNG_WIRE_001','DV_FLD_DISCLMR','Derived','N','D')
,('PRD_OFRNG_WIRE_001','IN_VAL_DT','Input','N','I')
,('PRD_OFRNG_WIRE_001','IN_DEBT_AMT','Input','N','I')
,('PRD_OFRNG_WIRE_001','IN_DEBT_AMT_CCY','Input','N','I')
,('PRD_OFRNG_WIRE_001','FL_NTNL_RATE','Input','N','I')
,('PRD_OFRNG_WIRE_001','DV_VD','Derived','N','D')
;
INSERT INTO "CP".icp_offering_fields (offering_code,offering_field_code,field_bucket,is_mandatory,input_derived_fulfilment) VALUES 
('PRD_OFRNG_WIRE_001','IN_CR_ABA_ROUTING','Fulfillment','Y','F')
,('PRD_OFRNG_WIRE_001','IN_CR_BANK_ADD','Fulfillment','Y','F')
,('PRD_OFRNG_WIRE_001','IN_CR_BANK_NAME','Fulfillment','Y','F')
,('PRD_OFRNG_WIRE_001','IN_CR_NAME','Fulfillment','Y','F')
,('PRD_OFRNG_WIRE_001','IN_CR_DET_CHAR','Fulfillment','Y','F')
,('PRD_OFRNG_WIRE_001','IN_CR_REMIT_INFO','Fulfillment','Y','F')
,('PRD_OFRNG_WIRE_001','IN_CR_ADD','Fulfillment','Y','F')
,('PRD_OFRNG_ACH_001','IN_CONTACT','Input','N','I')
,('PRD_OFRNG_BILLPAY_001','IN_CONTACT','Input','N','I')
,('PRD_OFRNG_EFT_001','IN_CONTACT','Input','N','I')
;
INSERT INTO "CP".icp_offering_fields (offering_code,offering_field_code,field_bucket,is_mandatory,input_derived_fulfilment) VALUES 
('PRD_OFRNG_ETRF_001','IN_CONTACT','Input','N','I')
,('PRD_OFRNG_GMT_001','IN_CONTACT','Input','N','I')
,('PRD_OFRNG_WIRE_001','IN_CONTACT','Input','N','I')
,('PRD_OFRNG_ACH_001','DV_FREQ_USED','Derived','N','D')
,('PRD_OFRNG_BILLPAY_001','DV_FREQ_USED','Derived','N','D')
,('PRD_OFRNG_EFT_001','DV_FREQ_USED','Derived','N','D')
,('PRD_OFRNG_ETRF_001','DV_FREQ_USED','Derived','N','D')
,('PRD_OFRNG_GMT_001','DV_FREQ_USED','Derived','N','D')
,('PRD_OFRNG_WIRE_001','DV_FREQ_USED','Derived','N','D')
;INSERT INTO "CP".icp_offering_pref_impl (offering_code,seq,is_system_defined,maker_id,maker_date,checker_id,checker_date,flag_closed) VALUES 
('PRD_OFRNG_ETRF_001',1,'Y','SYSTEM','2019-08-27 17:10:12.254','SYSTEM','2019-08-27 17:10:12.254','N')
,('PRD_OFRNG_WIRE_001',2,'Y','SYSTEM','2019-08-27 17:10:12.254','SYSTEM','2019-08-27 17:10:12.254','N')
,('PRD_OFRNG_ACH_001',3,'Y','SYSTEM','2019-08-27 17:10:12.254','SYSTEM','2019-08-27 17:10:12.254','N')
,('PRD_OFRNG_EFT_001',4,'Y','SYSTEM','2019-08-27 17:10:12.254','SYSTEM','2019-08-27 17:10:12.254','N')
,('PRD_OFRNG_GMT_001',5,'Y','SYSTEM','2019-08-27 17:10:12.254','SYSTEM','2019-08-27 17:10:12.254','N')
;INSERT INTO "CP".icp_parameter (parameter_pk,param_type,param_sub_type,param_key,param_value,param_order,is_system_defined,maker_id,maker_date,checker_id,checker_date,flag_closed) VALUES 
(101,'DROPDOWN','VRULE_BUCKET','Validation','Validation',1,'N','SYSTEM','2019-08-27 17:10:12.254','SYSTEM','2019-08-27 17:10:12.254','N')
,(102,'DROPDOWN','VRULE_BUCKET','Elimination','Elimination',2,'N','SYSTEM','2019-08-27 17:10:12.254','SYSTEM','2019-08-27 17:10:12.254','N')
,(103,'DROPDOWN','VRULE_BUCKET','Decision','Decision',3,'N','SYSTEM','2019-08-27 17:10:12.254','SYSTEM','2019-08-27 17:10:12.254','N')
,(104,'DROPDOWN','ERULE_BUCKET','Disclaimer','Disclaimer',1,'N','SYSTEM','2019-08-27 17:10:12.254','SYSTEM','2019-08-27 17:10:12.254','N')
,(105,'DROPDOWN','ERULE_BUCKET','Decision','Decision',2,'N','SYSTEM','2019-08-27 17:10:12.254','SYSTEM','2019-08-27 17:10:12.254','N')
,(106,'DROPDOWN','ERULE_BUCKET','Derived Fields','Derived Fields',3,'N','SYSTEM','2019-08-27 17:10:12.254','SYSTEM','2019-08-27 17:10:12.254','N')
,(107,'DROPDOWN','ERULE_BUCKET','Enrichment','Enrichment',4,'N','SYSTEM','2019-08-27 17:10:12.254','SYSTEM','2019-08-27 17:10:12.254','N')
,(108,'DROPDOWN','FIELD_BUCKET','Input','Input',1,'N','SYSTEM','2019-08-27 17:10:12.254','SYSTEM','2019-08-27 17:10:12.254','N')
,(109,'DROPDOWN','FIELD_BUCKET','Derived','Derived',2,'N','SYSTEM','2019-08-27 17:10:12.254','SYSTEM','2019-08-27 17:10:12.254','N')
,(110,'DROPDOWN','FIELD_BUCKET','Fulfilment','Fulfilment',3,'N','SYSTEM','2019-08-27 17:10:12.254','SYSTEM','2019-08-27 17:10:12.254','N')
;
INSERT INTO "CP".icp_parameter (parameter_pk,param_type,param_sub_type,param_key,param_value,param_order,is_system_defined,maker_id,maker_date,checker_id,checker_date,flag_closed) VALUES 
(111,'CONFIG','AUDIT','PROCESSING_AUDIT','N',1,'N','SYSTEM',NULL,NULL,NULL,'N')
,(112,'CONFIG','AUDIT','UP_STREAM_AUDIT','N',1,'N','SYSTEM',NULL,NULL,NULL,'N')
,(113,'CONFIG','AUDIT','DOWN_STREAM_AUDIT','Y',1,'N','SYSTEM',NULL,NULL,NULL,'N')
,(115,'CONFIG','ENTITLEMENT','ENTITLEMENT_ERROR_CODES','ERR_WIRES_ENTUSR_001',1,'N','SYSTEM',NULL,NULL,NULL,'N')
,(116,'CONFIG','ENTITLEMENT','ENTITLEMENT_ERROR_CODES','ERR_ACH_ENTUSR_001',1,'N','SYSTEM',NULL,NULL,NULL,'N')
,(117,'CONFIG','ENTITLEMENT','ENTITLEMENT_ERROR_CODES','ERR_BILLPAY_ENTUSR_001',1,'N','SYSTEM',NULL,NULL,NULL,'N')
,(118,'CONFIG','ENTITLEMENT','ENTITLEMENT_ERROR_CODES','ERR_EFT_ENTUSR_001',1,'N','SYSTEM',NULL,NULL,NULL,'N')
,(119,'CONFIG','ENTITLEMENT','ENTITLEMENT_ERROR_CODES','ERR_GMT_ENTUSR_001',1,'N','SYSTEM',NULL,NULL,NULL,'N')
,(114,'CONFIG','ENTITLEMENT','ENTITLEMENT_ERROR_CODES','ERR_ETRF_ENTUSR_001',1,'N','SYSTEM',NULL,NULL,NULL,'N')
;INSERT INTO "CP".icp_pref_details (hierarchy_master_pk,decision_param_code,pref_score_multiplier) VALUES 
(81,'TIME_VD','6')
,(86,'COST','2')
,(93,'COST','4')
,(94,'COST','47')
,(98,'COST','4')
,(100,'COST','47')
,(102,'COST','55')
,(105,'COST','6')
,(126,'COST','50')
,(128,'COST','56')
;
INSERT INTO "CP".icp_pref_details (hierarchy_master_pk,decision_param_code,pref_score_multiplier) VALUES 
(130,'COST','99')
,(90,'TIME_VD','68')
,(180,'TIME_VD','777')
,(87,'COST','21')
,(183,'TIME_VD','27')
,(190,'COST','16667')
,(191,'COST','6')
,(202,'COST','444')
,(206,'COST','4')
,(208,'COST','5')
;
INSERT INTO "CP".icp_pref_details (hierarchy_master_pk,decision_param_code,pref_score_multiplier) VALUES 
(210,'TIME_VD','5')
,(212,'COST','8')
,(216,'COST','7')
,(217,'TIME_VD','123')
,(218,'COST','5')
;INSERT INTO "CP".icp_pref_hierarchy_impl (pref_hierarchy_pk,hierarchy_entity_type,hierarchy_level,field_code,is_system_defined,maker_id,maker_date,checker_id,checker_date,flag_closed) VALUES 
(2,'CUSTOMER',2,'IN_CUST_ID','Y','SYSTEM','2019-08-19 18:39:58.521','SYSTEM','2019-08-19 18:39:58.521','N')
,(1,'CATEGORY',1,'FLD_DER_ELIGIBLE_USER','Y','SYSTEM','2019-08-19 18:38:51.715','SYSTEM','2019-08-19 18:38:51.715','N')
;INSERT INTO "CP".icp_pref_master (hierarchy_entity_type,hierarchy_entity_code,disclaimer_bucket,advise_bucket,marketing_bucket,disclaimer_erule,advise_erule,marketing_erule,is_system_defined,maker_id,maker_date,checker_id,checker_date,flag_closed) VALUES 
('CATEGORY','345',NULL,NULL,NULL,NULL,NULL,NULL,'N','SYSTEM','2019-10-22 09:09:18.127','SYSTEM','2019-10-22 09:09:18.127','N')
,('CUSTOMER','3459',NULL,NULL,NULL,NULL,NULL,NULL,'N','SYSTEM','2019-10-22 09:50:38.886','SYSTEM','2019-10-22 09:50:38.886','N')
,('CUSTOMER','SHAHID',NULL,NULL,NULL,NULL,NULL,NULL,'N','SYSTEM','2019-10-22 13:10:54.982','SYSTEM','2019-10-22 13:10:54.982','N')
,('CUSTOMER','SAM',NULL,NULL,NULL,NULL,NULL,NULL,'N','SYSTEM','2019-10-22 13:14:40.189','SYSTEM','2019-10-22 13:14:40.189','N')
,('CUSTOMER','234567',NULL,NULL,NULL,NULL,NULL,NULL,'N','SYSTEM','2019-10-22 15:32:49.270','SYSTEM','2019-10-22 15:32:49.270','N')
,('CUSTOMER','234567',NULL,NULL,NULL,NULL,NULL,NULL,'N','SYSTEM','2019-10-22 15:33:36.658','SYSTEM','2019-10-22 15:33:36.658','N')
,('CUSTOMER','7865',NULL,NULL,NULL,NULL,NULL,NULL,'N','SYSTEM','2019-10-22 15:38:47.626','SYSTEM','2019-10-22 15:38:47.626','N')
,('CUSTOMER','7865',NULL,NULL,NULL,NULL,NULL,NULL,'N','SYSTEM','2019-10-22 15:39:54.933','SYSTEM','2019-10-22 15:39:54.933','N')
,('CATEGORY','FGTY',NULL,NULL,NULL,NULL,NULL,NULL,'N','SYSTEM','2019-10-22 15:43:05.280','SYSTEM','2019-10-22 15:43:05.280','N')
,('CATEGORY','GHT',NULL,NULL,NULL,NULL,NULL,NULL,'N','SYSTEM','2019-10-22 15:49:27.704','SYSTEM','2019-10-22 15:49:27.704','N')
;
INSERT INTO "CP".icp_pref_master (hierarchy_entity_type,hierarchy_entity_code,disclaimer_bucket,advise_bucket,marketing_bucket,disclaimer_erule,advise_erule,marketing_erule,is_system_defined,maker_id,maker_date,checker_id,checker_date,flag_closed) VALUES 
('CUSTOMER','SAM',NULL,NULL,NULL,NULL,NULL,NULL,'N','SYSTEM','2019-10-23 11:08:45.447','SYSTEM','2019-10-23 11:08:45.447','N')
,('CATEGORY','CAT_345',NULL,NULL,NULL,NULL,NULL,NULL,'N','SYSTEM','2019-10-23 11:31:29.354','SYSTEM','2019-10-23 11:31:29.354','N')
,('CUSTOMER','VICK',NULL,NULL,NULL,NULL,NULL,NULL,'N','SYSTEM','2019-10-23 11:32:05.126','SYSTEM','2019-10-23 11:32:05.126','N')
,('CUSTOMER','2345',NULL,NULL,NULL,NULL,NULL,NULL,'N','SYSTEM','2019-10-23 15:09:47.065','SYSTEM','2019-10-23 15:09:47.065','N')
,('CATEGORY','hgh',NULL,NULL,NULL,NULL,NULL,NULL,'N','SYSTEM','2019-10-24 12:34:33.312','SYSTEM','2019-10-24 12:34:33.312','N')
,('CATEGORY','PriSam',NULL,NULL,NULL,NULL,NULL,NULL,'N','SYSTEM','2019-10-24 12:37:58.539','SYSTEM','2019-10-24 12:37:58.539','N')
,('CATEGORY','erg45',NULL,NULL,NULL,NULL,NULL,NULL,'N','SYSTEM','2019-10-24 12:39:59.483','SYSTEM','2019-10-24 12:39:59.483','N')
,('CATEGORY','TYYU',NULL,NULL,NULL,NULL,NULL,NULL,'N','SYSTEM','2019-10-24 12:44:55.763','SYSTEM','2019-10-24 12:44:55.763','N')
,('CATEGORY','6788',NULL,NULL,NULL,NULL,NULL,NULL,'N','SYSTEM','2019-10-24 12:48:33.125','SYSTEM','2019-10-24 12:48:33.125','N')
,('CUSTOMER','REWRT',NULL,NULL,NULL,NULL,NULL,NULL,'N','SYSTEM','2019-10-24 12:51:32.423','SYSTEM','2019-10-24 12:51:32.423','N')
;
INSERT INTO "CP".icp_pref_master (hierarchy_entity_type,hierarchy_entity_code,disclaimer_bucket,advise_bucket,marketing_bucket,disclaimer_erule,advise_erule,marketing_erule,is_system_defined,maker_id,maker_date,checker_id,checker_date,flag_closed) VALUES 
('CATEGORY','RTYU',NULL,NULL,NULL,NULL,NULL,NULL,'N','SYSTEM','2019-10-24 12:55:14.738','SYSTEM','2019-10-24 12:55:14.738','N')
;INSERT INTO "CP".icp_product_offering (offering_code,entity_code,product_code,sub_product_code,offering_name,offering_description,disclaimer_erule,advise_erule,marketing_erule,iteration_count,is_system_defined,maker_id,maker_date,checker_id,checker_date,flag_closed) VALUES 
('PRD_OFRNG_ACH_001','CIBC','Payments','ACH Payment','ACH','ACH Payment','EN_DISCLMR_ACH',NULL,NULL,NULL,'Y','SYSTEM','2019-08-27 17:09:48.089','SYSTEM','2019-08-27 17:09:48.089','N')
,('PRD_OFRNG_BILLPAY_001','CIBC','Payments','Bill Payment','Bill Payment','Bill Payment','EN_DISCLMR_BILLPAY',NULL,NULL,NULL,'Y','SYSTEM','2019-08-27 17:09:48.089','SYSTEM','2019-08-27 17:09:48.089','N')
,('PRD_OFRNG_EFT_001','CIBC','Payments','EFT Payment','EFT','EFT Payment','EN_DISCLMR_EFT',NULL,NULL,NULL,'Y','SYSTEM','2019-08-27 17:09:48.089','SYSTEM','2019-08-27 17:09:48.089','N')
,('PRD_OFRNG_ETRF_001','CIBC','Payments','Business e-Transfer','Interac e-Transfer','Interac e-Transfer','EN_DISCLMR_ETRF',NULL,NULL,NULL,'Y','SYSTEM','2019-08-27 17:09:48.089','SYSTEM','2019-08-27 17:09:48.089','N')
,('PRD_OFRNG_GMT_001','CIBC','Payments','GMT Payment','Global Money Transfer','Global Money Transfer','EN_DISCLMR_GMT',NULL,NULL,NULL,'Y','SYSTEM','2019-08-27 17:09:48.089','SYSTEM','2019-08-27 17:09:48.089','Y')
,('PRD_OFRNG_WIRE_001','CIBC','Payments','Wire Payment','Wires','Standard Wires','EN_DISCLMR_WIRE',NULL,NULL,NULL,'Y','ADMIN',NULL,'ADMIN',NULL,'N')
;INSERT INTO "CP".icp_query_config (sql_code,sql_name,sql_descrition,sql_type,sql_datasource,query_string,response_alias,single_row,is_system_defined,maker_id,maker_date,checker_id,checker_date,flag_closed) VALUES 
('QRY_NEW_VD_SCORE','Value date score','Value date score','sql','CIM','select case when (to_date(substring(hrs,1,6),''YYMMDD'') >= to_date(?,''mm/dd/yyyy'')) then hrs else to_char(to_date(?,''mm/dd/yyyy''),''YYMMDD'')||''12'' end dat from ( select ''PRD_OFRNG_ETRF_001'' ofr, to_char(current_date, ''YYMMDD'')||''01'' hrs from dual union select ''PRD_OFRNG_WIRE_001'' ofr, to_char(current_date, ''YYMMDD'')||''24'' hrs from dual union select ''PRD_OFRNG_ACH_001'' ofr, to_char(current_date, ''YYMMDD'')||''48'' hrs from dual union select ''PRD_OFRNG_EFT_001'' ofr, to_char(current_date+1, ''YYMMDD'')||''12'' hrs from dual union select ''PRD_OFRNG_GMT_001'' ofr, to_char(current_date + 1, ''YYMMDD'')||''12'' hrs from dual union select ''PRD_OFRNG_BILLPAY_001'' ofr, to_char(current_date, ''YYMMDD'')||''12'' hrs from dual ) tim where tim.ofr = ?','dat','','N',NULL,'2019-10-24 15:30:29.455',NULL,'2019-10-24 15:30:29.455','N')
,('QRY_NEW_VD_DISPLAY','Value date score display','Value date score display','SQL','CIM','select to_char(greatest(to_date(hrs,''dd-Mon-YYYY''),to_date(?,''mm/dd/yyyy'')),''dd-Mon-YYYY'') dat from ( select ''PRD_OFRNG_ETRF_001'' ofr, to_char(current_date, ''dd-Mon-YYYY'') hrs from dual union select ''PRD_OFRNG_WIRE_001'' ofr, to_char(current_date, ''dd-Mon-YYYY'') hrs from dual union select ''PRD_OFRNG_ACH_001'' ofr, to_char(current_date, ''dd-Mon-YYYY'') hrs from dual union select ''PRD_OFRNG_EFT_001'' ofr, to_char(current_date+1, ''dd-Mon-YYYY'') hrs from dual union select ''PRD_OFRNG_GMT_001'' ofr, to_char(current_date + 1, ''dd-Mon-YYYY'') hrs from dual union select ''PRD_OFRNG_BILLPAY_001'' ofr, to_char(current_date, ''dd-Mon-YYYY'') hrs from dual ) tim where tim.ofr = ?','dat','Y','N','SYSTEM','2019-10-22 16:56:52.292','SYSTEM','2019-10-22 16:56:52.292','N')
,('QRY_USER_ELIGIBLE','User Eligible','User Eligible','sql','CIM','select case when max(ofr) is null then ''N'' else ''Y'' end dat from ( select ''PRD_OFRNG_EFT_001'' ofr, ''CEB09345'' userid from dual union select ''PRD_OFRNG_ETRF_001'' ofr, ''CEB09345'' userid from dual union select ''PRD_OFRNG_WIRE_001'' ofr,''CEB09345'' userid from dual union select ''PRD_OFRNG_ACH_001'' ofr, ''CEB08971'' userid from dual union select ''PRD_OFRNG_EFT_001'' ofr, ''CEB08971'' userid from dual union select ''PRD_OFRNG_ACH_001'' ofr, ''CEB08971'' userid from dual union select ''PRD_OFRNG_ETRF_001'' ofr, ''CEB08971'' userid from dual union select ''PRD_OFRNG_WIRE_001'' ofr, ''CEB07894'' userid from dual union select ''PRD_OFRNG_EFT_001'' ofr, ''CEB07894'' userid from dual union select ''PRD_OFRNG_ACH_001'' ofr, ''CEB07894'' userid from dual union select ''PRD_OFRNG_ETRF_001'' ofr, ''CEB07894'' userid from dual union select ''PRD_OFRNG_WIRE_001'' ofr, ''CEB23478'' userid from dual union select ''PRD_OFRNG_EFT_001'' ofr, ''CEB23478'' userid from dual union select ''PRD_OFRNG_ACH_001'' ofr, ''CEB23478'' userid from dual union select ''PRD_OFRNG_ETRF_001'' ofr, ''CEB23478'' userid from dual union select ''PRD_OFRNG_WIRE_001'' ofr, ''CEB30826'' userid from dual union select ''PRD_OFRNG_EFT_001'' ofr, ''CEB30826'' userid from dual union select ''PRD_OFRNG_ACH_001'' ofr, ''CEB30826'' userid from dual union select ''PRD_OFRNG_ETRF_001'' ofr, ''CEB30826'' userid from dual ) tim where tim.userid = ? and ofr =? ','dat','Y','N',NULL,'2019-10-24 15:24:18.982',NULL,'2019-10-24 15:24:18.982','N')
,('QRY_FREQ','Frequently Used','Frequently Used','sql','CIM','select case when max(ofr) is null then ''N'' else ''Y'' end dat from ( select ''PRD_OFRNG_ACH_001'' ofr, ''TBC001'' contact from dual union select ''PRD_OFRNG_EFT_001'' ofr, ''TBC002'' contact from dual union select ''PRD_OFRNG_ETRF_001'' ofr, ''TBC003'' contact from dual union select ''PRD_OFRNG_WIRE_001'' ofr, ''TBC004'' contact from dual ) tim where tim.contact = ? and tim.ofr = ?','dat','','N',NULL,'2019-10-24 15:30:29.455',NULL,'2019-10-24 15:30:29.455','N')
;INSERT INTO "CP".icp_query_config_input (sql_code,seq,param_datatype,param_field_code) VALUES 
('QRY_NEW_VD_DISPLAY',1,NULL,'IN_VAL_DT')
,('QRY_NEW_VD_DISPLAY',2,NULL,'DV_OFFERING_CODE')
,('QRY_NEW_VD_SCORE',1,NULL,'IN_VAL_DT')
,('QRY_NEW_VD_SCORE',2,NULL,'IN_VAL_DT')
,('QRY_NEW_VD_SCORE',3,NULL,'DV_OFFERING_CODE')
,('QRY_FREQ',1,NULL,'IN_CONTACT')
,('QRY_FREQ',2,NULL,'DV_OFFERING_CODE')
,('QRY_USER_ELIGIBLE',1,NULL,'IN_USERID')
,('QRY_USER_ELIGIBLE',2,NULL,'DV_OFFERING_CODE')
;INSERT INTO "CP".icp_recommendation_audit (api_gr_cp_reference_id,api_gr_channel_request_id,api_sr_channel_request_id,api_date_time,api_body,api_cp_recommendation,api_user_selection,alu_inserted_time) VALUES 
(NULL,NULL,NULL,NULL,'{"instructedCurrency":"GBP","debtorAccount":"987654322","customerId":"PayFromAcc2","instructedAmount":"4252","valueDate":"21/04/2020","customerCategory": "Small Business","debtorAccountCurrency":"CAD","creditorBankCountry":"GBR","IN_USERID":"Andrew23","initiationTime":"1259"}','PRD_OFRNG_EFT_001','PRD_OFRNG_WIRE_001','2021-02-22 00:00:00.000')
,(NULL,NULL,NULL,NULL,'{"instructedCurrency":"USD","debtorAccount":"987654322","customerId":"PayFromAcc2","instructedAmount":"56656","valueDate":"21/04/2020","customerCategory":"Large Corporate","debtorAccountCurrency":"USD","creditorBankCountry":"US","IN_USERID":"Andrew23","initiationTime":"1259"}','PRD_OFRNG_EFT_001','PRD_OFRNG_ACH_001','2021-02-22 00:00:00.000')
,(NULL,NULL,NULL,NULL,'{"instructedCurrency":"GBP","debtorAccount":"987654322","customerId":"PayFromAcc2","instructedAmount":"24234","valueDate":"21/04/2020","customerCategory":"Large Corporate","debtorAccountCurrency":"CAD","creditorBankCountry":"GBR","IN_USERID":"Andrew23","initiationTime":"1259"}','PRD_OFRNG_EFT_001','PRD_OFRNG_WIRE_001','2021-02-22 00:00:00.000')
,(NULL,NULL,NULL,NULL,'{"instructedCurrency":"CAD","debtorAccount":"987654322","customerId":"PayFromAcc2","instructedAmount":"13456","valueDate":"21/04/2020","customerCategory":"Small Business","debtorAccountCurrency":"CAD","creditorBankCountry":"CA","IN_USERID":"Andrew23","initiationTime":"1259"}','PRD_OFRNG_EFT_001','PRD_OFRNG_ETRF_001','2021-02-22 00:00:00.000')
,(NULL,NULL,NULL,NULL,'{"instructedCurrency":"AUD","debtorAccount":"987654322","customerId":"PayFromAcc2","instructedAmount":"4566","valueDate":"21/04/2020","customerCategory": "Large Corporate","debtorAccountCurrency":"USD","creditorBankCountry":"AUS","IN_USERID":"Andrew23","initiationTime":"1259"}','PRD_OFRNG_EFT_001','PRD_OFRNG_WIRE_001','2021-02-22 00:00:00.000')
,(NULL,NULL,NULL,NULL,'{"instructedCurrency":"CAD","debtorAccount":"987654322","customerId":"PayFromAcc2","instructedAmount":"3456","valueDate":"21/04/2020","customerCategory": "Large Corporate","debtorAccountCurrency":"CAD","creditorBankCountry":"CA","IN_USERID":"Andrew23","initiationTime":"1259"}','PRD_OFRNG_EFT_001','PRD_OFRNG_ETRF_001','2021-02-22 00:00:00.000')
,(NULL,NULL,NULL,NULL,'{"instructedCurrency":"USD","debtorAccount":"987654322","customerId":"PayFromAcc2","instructedAmount":"45566","valueDate":"21/04/2020","customerCategory":"Large Corporate","debtorAccountCurrency":"USD","creditorBankCountry":"US","IN_USERID":"Andrew23","initiationTime":"1259"}','PRD_OFRNG_EFT_001','PRD_OFRNG_ACH_001','2021-02-22 00:00:00.000')
,(NULL,NULL,NULL,NULL,'{"instructedCurrency":"GBP","debtorAccount":"987654322","customerId":"PayFromAcc2","instructedAmount":"3455","valueDate":"21/04/2020","customerCategory": "Small Business","debtorAccountCurrency":"CAD","creditorBankCountry":"GBR","IN_USERID":"Andrew23","initiationTime":"1259"}','PRD_OFRNG_EFT_001','PRD_OFRNG_WIRE_001','2021-02-22 00:00:00.000')
,(NULL,NULL,NULL,NULL,'{"instructedCurrency":"CAD","debtorAccount":"987654322","customerId":"PayFromAcc2","instructedAmount":"4432","valueDate":"21/04/2020","customerCategory": "Small Business","debtorAccountCurrency":"USD","creditorBankCountry":"CA","IN_USERID":"Andrew23","initiationTime":"1259"}','PRD_OFRNG_EFT_001','PRD_OFRNG_WIRE_001','2021-02-22 00:00:00.000')
,(NULL,NULL,NULL,NULL,'{"instructedCurrency":"USD","debtorAccount":"987654322","customerId":"PayFromAcc2","instructedAmount":"34555","valueDate":"21/04/2020","customerCategory":"Small Business","debtorAccountCurrency":"USD","creditorBankCountry":"US","IN_USERID":"Andrew23","initiationTime":"1259"}','PRD_OFRNG_EFT_001','PRD_OFRNG_WIRE_001','2021-02-22 00:00:00.000')
;
INSERT INTO "CP".icp_recommendation_audit (api_gr_cp_reference_id,api_gr_channel_request_id,api_sr_channel_request_id,api_date_time,api_body,api_cp_recommendation,api_user_selection,alu_inserted_time) VALUES 
(NULL,NULL,NULL,NULL,'{"instructedCurrency":"CAD","debtorAccount":"987654322","customerId":"PayFromAcc2","instructedAmount":"17509","valueDate":"21/04/2020","customerCategory":"Large Corporate","debtorAccountCurrency":"CAD","creditorBankCountry":"CA","IN_USERID":"Andrew23","initiationTime":"1259"}','PRD_OFRNG_EFT_001','PRD_OFRNG_ETRF_001','2021-02-22 00:00:00.000')
,(NULL,NULL,NULL,NULL,'{"instructedCurrency":"AUD","debtorAccount":"987654322","customerId":"PayFromAcc2","instructedAmount":"34556","valueDate":"21/04/2020","customerCategory":"Large Corporate","debtorAccountCurrency":"CAD","creditorBankCountry":"AUS","IN_USERID":"Andrew23","initiationTime":"1259"}','PRD_OFRNG_EFT_001','PRD_OFRNG_WIRE_001','2021-02-22 00:00:00.000')
,(NULL,NULL,NULL,NULL,'{"instructedCurrency":"USD","debtorAccount":"987654322","customerId":"PayFromAcc2","instructedAmount":"45670","valueDate":"21/04/2020","customerCategory":"Large Corporate","debtorAccountCurrency":"USD","creditorBankCountry":"US","IN_USERID":"Andrew23","initiationTime":"1259"}','PRD_OFRNG_EFT_001','PRD_OFRNG_ACH_001','2021-02-22 00:00:00.000')
,(NULL,NULL,NULL,NULL,'{"instructedCurrency":"AUD","debtorAccount":"987654322","customerId":"PayFromAcc2","instructedAmount":"13452","valueDate":"21/04/2020","customerCategory":"Small Business","debtorAccountCurrency":"CAD","creditorBankCountry":"AUS","IN_USERID":"Andrew23","initiationTime":"1259"}','PRD_OFRNG_EFT_001','PRD_OFRNG_WIRE_001','2021-02-22 00:00:00.000')
,(NULL,NULL,NULL,NULL,'{"instructedCurrency":"USD","debtorAccount":"987654322","customerId":"PayFromAcc2","instructedAmount":"42244","valueDate":"21/04/2020","customerCategory":"Small Business","debtorAccountCurrency":"USD","creditorBankCountry":"US","IN_USERID":"Andrew23","initiationTime":"1259"}','PRD_OFRNG_EFT_001','PRD_OFRNG_WIRE_001','2021-02-22 00:00:00.000')
,(NULL,NULL,NULL,NULL,'{"instructedCurrency":"AUD","debtorAccount":"987654322","customerId":"PayFromAcc2","instructedAmount":"23566","valueDate":"21/04/2020","customerCategory":"Small Business","debtorAccountCurrency":"CAD","creditorBankCountry":"AUS","IN_USERID":"Andrew23","initiationTime":"1259"}','PRD_OFRNG_EFT_001','PRD_OFRNG_WIRE_001','2021-02-22 00:00:00.000')
,(NULL,NULL,NULL,NULL,'{"instructedCurrency":"CAD","debtorAccount":"987654322","customerId":"PayFromAcc2","instructedAmount":"3344","valueDate":"21/04/2020","customerCategory": "Small Business","debtorAccountCurrency":"CAD","creditorBankCountry":"CA","IN_USERID":"Andrew23","initiationTime":"1259"}','PRD_OFRNG_EFT_001','PRD_OFRNG_ETRF_001','2021-02-22 00:00:00.000')
,(NULL,NULL,NULL,NULL,'{"instructedCurrency":"USD","debtorAccount":"987654322","customerId":"PayFromAcc2","instructedAmount":"54333","valueDate":"21/04/2020","customerCategory":"Large Corporate","debtorAccountCurrency":"USD","creditorBankCountry":"US","IN_USERID":"Andrew23","initiationTime":"1259"}','PRD_OFRNG_EFT_001','PRD_OFRNG_ACH_001','2021-02-22 00:00:00.000')
,(NULL,NULL,NULL,NULL,'{"instructedCurrency":"USD","debtorAccount":"987654322","customerId":"PayFromAcc2","instructedAmount":"54546","valueDate":"21/04/2020","customerCategory":"Small Business","debtorAccountCurrency":"USD","creditorBankCountry":"US","IN_USERID":"Andrew23","initiationTime":"1259"}','PRD_OFRNG_EFT_001','PRD_OFRNG_ACH_001','2021-02-22 00:00:00.000')
,(NULL,NULL,NULL,NULL,'{"instructedCurrency":"USD","debtorAccount":"987654322","customerId":"PayFromAcc2","instructedAmount":"6566","valueDate":"21/04/2020","customerCategory": "Small Business","debtorAccountCurrency":"USD","creditorBankCountry":"US","IN_USERID":"Andrew23","initiationTime":"1259"}','PRD_OFRNG_EFT_001','PRD_OFRNG_WIRE_001','2021-02-22 00:00:00.000')
;
INSERT INTO "CP".icp_recommendation_audit (api_gr_cp_reference_id,api_gr_channel_request_id,api_sr_channel_request_id,api_date_time,api_body,api_cp_recommendation,api_user_selection,alu_inserted_time) VALUES 
(NULL,NULL,NULL,NULL,'{"instructedCurrency":"CAD","debtorAccount":"987654322","customerId":"PayFromAcc2","instructedAmount":"64566","valueDate":"21/04/2020","customerCategory":"Small Business","debtorAccountCurrency":"USD","creditorBankCountry":"CA","IN_USERID":"Andrew23","initiationTime":"1259"}','PRD_OFRNG_EFT_001','PRD_OFRNG_WIRE_001','2021-02-22 00:00:00.000')
,(NULL,NULL,NULL,NULL,'{"instructedCurrency":"USD","debtorAccount":"987654322","customerId":"PayFromAcc2","instructedAmount":"56547","valueDate":"21/04/2020","customerCategory":"Large Corporate","debtorAccountCurrency":"USD","creditorBankCountry":"US","IN_USERID":"Andrew23","initiationTime":"1259"}','PRD_OFRNG_EFT_001','PRD_OFRNG_ACH_001','2021-02-22 00:00:00.000')
,(NULL,NULL,NULL,NULL,'{"instructedCurrency":"GBP","debtorAccount":"987654322","customerId":"PayFromAcc2","instructedAmount":"65477","valueDate":"21/04/2020","customerCategory":"Large Corporate","debtorAccountCurrency":"CAD","creditorBankCountry":"GBR","IN_USERID":"Andrew23","initiationTime":"1259"}','PRD_OFRNG_EFT_001','PRD_OFRNG_WIRE_001','2021-02-22 00:00:00.000')
,(NULL,NULL,NULL,NULL,'{"instructedCurrency":"USD","debtorAccount":"987654322","customerId":"PayFromAcc2","instructedAmount":"4225","valueDate":"21/04/2020","customerCategory": "Small Business","debtorAccountCurrency":"USD","creditorBankCountry":"US","IN_USERID":"Andrew23","initiationTime":"1259"}','PRD_OFRNG_EFT_001','PRD_OFRNG_ACH_001','2021-02-22 00:00:00.000')
,(NULL,NULL,NULL,NULL,'{"instructedCurrency":"CAD","debtorAccount":"987654322","customerId":"PayFromAcc2","instructedAmount":"65467","valueDate":"21/04/2020","customerCategory":"Small Business","debtorAccountCurrency":"USD","creditorBankCountry":"CA","IN_USERID":"Andrew23","initiationTime":"1259"}','PRD_OFRNG_EFT_001','PRD_OFRNG_WIRE_001','2021-02-22 00:00:00.000')
,(NULL,NULL,NULL,NULL,'{"instructedCurrency":"CAD","debtorAccount":"987654322","customerId":"PayFromAcc2","instructedAmount":"4535","valueDate":"21/04/2020","customerCategory": "Small Business","debtorAccountCurrency":"CAD","creditorBankCountry":"CA","IN_USERID":"Andrew23","initiationTime":"1259"}','PRD_OFRNG_EFT_001','PRD_OFRNG_ETRF_001','2021-02-22 00:00:00.000')
,(NULL,NULL,NULL,NULL,'{"instructedCurrency":"CAD","debtorAccount":"987654322","customerId":"PayFromAcc2","instructedAmount":"67567","valueDate":"21/04/2020","customerCategory":"Small Business","debtorAccountCurrency":"USD","creditorBankCountry":"CA","IN_USERID":"Andrew23","initiationTime":"1259"}','PRD_OFRNG_EFT_001','PRD_OFRNG_WIRE_001','2021-02-22 00:00:00.000')
,(NULL,NULL,NULL,NULL,'{"instructedCurrency":"CAD","debtorAccount":"987654322","customerId":"PayFromAcc2","instructedAmount":"455 ","valueDate":"21/04/2020","customerCategory": "Large Corporate","debtorAccountCurrency":"CAD","creditorBankCountry":"CA","IN_USERID":"Andrew23","initiationTime":"1259"}','PRD_OFRNG_EFT_001','PRD_OFRNG_ETRF_001','2021-02-22 00:00:00.000')
,(NULL,NULL,NULL,NULL,'{"instructedCurrency":"USD","debtorAccount":"987654322","customerId":"PayFromAcc2","instructedAmount":"77868","valueDate":"21/04/2020","customerCategory":"Large Corporate","debtorAccountCurrency":"USD","creditorBankCountry":"US","IN_USERID":"Andrew23","initiationTime":"1259"}','PRD_OFRNG_EFT_001','PRD_OFRNG_ACH_001','2021-02-22 00:00:00.000')
,(NULL,NULL,NULL,NULL,'{"instructedCurrency":"AUD","debtorAccount":"987654322","customerId":"PayFromAcc2","instructedAmount":"56568","valueDate":"21/04/2020","customerCategory":"Small Business","debtorAccountCurrency":"USD","creditorBankCountry":"AUS","IN_USERID":"Andrew23","initiationTime":"1259"}','PRD_OFRNG_EFT_001','PRD_OFRNG_WIRE_001','2021-02-22 00:00:00.000')
;
INSERT INTO "CP".icp_recommendation_audit (api_gr_cp_reference_id,api_gr_channel_request_id,api_sr_channel_request_id,api_date_time,api_body,api_cp_recommendation,api_user_selection,alu_inserted_time) VALUES 
(NULL,NULL,NULL,NULL,'{"instructedCurrency":"USD","debtorAccount":"987654322","customerId":"PayFromAcc2","instructedAmount":"33563","valueDate":"21/04/2020","customerCategory":"Large Corporate","debtorAccountCurrency":"USD","creditorBankCountry":"US","IN_USERID":"Andrew23","initiationTime":"1259"}','PRD_OFRNG_EFT_001','PRD_OFRNG_ACH_001','2021-02-22 00:00:00.000')
,(NULL,NULL,NULL,NULL,'{"instructedCurrency":"USD","debtorAccount":"987654322","customerId":"PayFromAcc2","instructedAmount":"6567","valueDate":"21/04/2020","customerCategory": "Large Corporate","debtorAccountCurrency":"USD","creditorBankCountry":"US","IN_USERID":"Andrew23","initiationTime":"1259"}','PRD_OFRNG_EFT_001','PRD_OFRNG_ACH_001','2021-02-22 00:00:00.000')
,(NULL,NULL,NULL,NULL,'{"instructedCurrency":"CAD","debtorAccount":"987654322","customerId":"PayFromAcc2","instructedAmount":"4567","valueDate":"21/04/2020","customerCategory": "Small Business","debtorAccountCurrency":"CAD","creditorBankCountry":"CA","IN_USERID":"Andrew23","initiationTime":"1259"}','PRD_OFRNG_EFT_001','PRD_OFRNG_ETRF_001','2021-02-22 00:00:00.000')
,(NULL,NULL,NULL,NULL,'{"instructedCurrency":"CAD","debtorAccount":"987654322","customerId":"PayFromAcc2","instructedAmount":"47647","valueDate":"21/04/2020","customerCategory":"Large Corporate","debtorAccountCurrency":"CAD","creditorBankCountry":"CA","IN_USERID":"Andrew23","initiationTime":"1259"}','PRD_OFRNG_EFT_001','PRD_OFRNG_EFT_001','2021-02-22 00:00:00.000')
,(NULL,NULL,NULL,NULL,'{"instructedCurrency":"AUD","debtorAccount":"987654322","customerId":"PayFromAcc2","instructedAmount":"45465","valueDate":"21/04/2020","customerCategory":"Large Corporate","debtorAccountCurrency":"USD","creditorBankCountry":"AUS","IN_USERID":"Andrew23","initiationTime":"1259"}','PRD_OFRNG_EFT_001','PRD_OFRNG_WIRE_001','2021-02-22 00:00:00.000')
,(NULL,NULL,NULL,NULL,'{"instructedCurrency":"CAD","debtorAccount":"987654322","customerId":"PayFromAcc2","instructedAmount":"34244","valueDate":"21/04/2020","customerCategory":"Large Corporate","debtorAccountCurrency":"CAD","creditorBankCountry":"CA","IN_USERID":"Andrew23","initiationTime":"1259"}','PRD_OFRNG_EFT_001','PRD_OFRNG_EFT_001','2021-02-22 00:00:00.000')
,(NULL,NULL,NULL,NULL,'{"instructedCurrency":"AUD","debtorAccount":"987654322","customerId":"PayFromAcc2","instructedAmount":"23442","valueDate":"21/04/2020","customerCategory":"Large Corporate","debtorAccountCurrency":"CAD","creditorBankCountry":"AUS","IN_USERID":"Andrew23","initiationTime":"1259"}','PRD_OFRNG_EFT_001','PRD_OFRNG_WIRE_001','2021-02-22 00:00:00.000')
,(NULL,NULL,NULL,NULL,'{"instructedCurrency":"USD","debtorAccount":"987654322","customerId":"PayFromAcc2","instructedAmount":"54555","valueDate":"21/04/2020","customerCategory":"Small Business","debtorAccountCurrency":"USD","creditorBankCountry":"US","IN_USERID":"Andrew23","initiationTime":"1259"}','PRD_OFRNG_EFT_001','PRD_OFRNG_ACH_001','2021-02-22 00:00:00.000')
,(NULL,NULL,NULL,NULL,'{"instructedCurrency":"CAD","debtorAccount":"987654322","customerId":"PayFromAcc2","instructedAmount":"45455","valueDate":"21/04/2020","customerCategory":"Small Business","debtorAccountCurrency":"CAD","creditorBankCountry":"CA","IN_USERID":"Andrew23","initiationTime":"1259"}','PRD_OFRNG_EFT_001','PRD_OFRNG_EFT_001','2021-02-22 00:00:00.000')
,(NULL,NULL,NULL,NULL,'{"instructedCurrency":"AUD","debtorAccount":"987654322","customerId":"PayFromAcc2","instructedAmount":"53455","valueDate":"21/04/2020","customerCategory":"Small Business","debtorAccountCurrency":"USD","creditorBankCountry":"AUS","IN_USERID":"Andrew23","initiationTime":"1259"}','PRD_OFRNG_EFT_001','PRD_OFRNG_WIRE_001','2021-02-22 00:00:00.000')
;
INSERT INTO "CP".icp_recommendation_audit (api_gr_cp_reference_id,api_gr_channel_request_id,api_sr_channel_request_id,api_date_time,api_body,api_cp_recommendation,api_user_selection,alu_inserted_time) VALUES 
(NULL,NULL,NULL,NULL,'{"instructedCurrency":"USD","debtorAccount":"987654322","customerId":"PayFromAcc2","instructedAmount":"455 ","valueDate":"21/04/2020","customerCategory": "Small Business","debtorAccountCurrency":"USD","creditorBankCountry":"US","IN_USERID":"Andrew23","initiationTime":"1259"}','PRD_OFRNG_EFT_001','PRD_OFRNG_ACH_001','2021-02-22 00:00:00.000')
,(NULL,NULL,NULL,NULL,'{"instructedCurrency":"USD","debtorAccount":"987654322","customerId":"PayFromAcc2","instructedAmount":"543 ","valueDate":"21/04/2020","customerCategory": "Small Business","debtorAccountCurrency":"USD","creditorBankCountry":"US","IN_USERID":"Andrew23","initiationTime":"1259"}','PRD_OFRNG_EFT_001','PRD_OFRNG_WIRE_001','2021-02-22 00:00:00.000')
,(NULL,NULL,NULL,NULL,'{"instructedCurrency":"CAD","debtorAccount":"987654322","customerId":"PayFromAcc2","instructedAmount":"5435","valueDate":"21/04/2020","customerCategory": "Small Business","debtorAccountCurrency":"CAD","creditorBankCountry":"CA","IN_USERID":"Andrew23","initiationTime":"1259"}','PRD_OFRNG_EFT_001','PRD_OFRNG_ETRF_001','2021-02-22 00:00:00.000')
,(NULL,NULL,NULL,NULL,'{"instructedCurrency":"GBP","debtorAccount":"987654322","customerId":"PayFromAcc2","instructedAmount":"53453","valueDate":"21/04/2020","customerCategory":"Small Business","debtorAccountCurrency":"CAD","creditorBankCountry":"GBR","IN_USERID":"Andrew23","initiationTime":"1259"}','PRD_OFRNG_EFT_001','PRD_OFRNG_WIRE_001','2021-02-22 00:00:00.000')
,(NULL,NULL,NULL,NULL,'{"instructedCurrency":"CAD","debtorAccount":"987654322","customerId":"PayFromAcc2","instructedAmount":"24244","valueDate":"21/04/2020","customerCategory":"Large Corporate","debtorAccountCurrency":"CAD","creditorBankCountry":"CA","IN_USERID":"Andrew23","initiationTime":"1259"}','PRD_OFRNG_EFT_001','PRD_OFRNG_ETRF_001','2021-02-22 00:00:00.000')
,(NULL,NULL,NULL,NULL,'{"instructedCurrency":"GBP","debtorAccount":"987654322","customerId":"PayFromAcc2","instructedAmount":"4535","valueDate":"21/04/2020","customerCategory": "Large Corporate","debtorAccountCurrency":"CAD","creditorBankCountry":"GBR","IN_USERID":"Andrew23","initiationTime":"1259"}','PRD_OFRNG_EFT_001','PRD_OFRNG_WIRE_001','2021-02-22 00:00:00.000')
,(NULL,NULL,NULL,NULL,'{"instructedCurrency":"USD","debtorAccount":"987654322","customerId":"PayFromAcc2","instructedAmount":"545 ","valueDate":"21/04/2020","customerCategory": "Small Business","debtorAccountCurrency":"USD","creditorBankCountry":"US","IN_USERID":"Andrew23","initiationTime":"1259"}','PRD_OFRNG_EFT_001','PRD_OFRNG_ACH_001','2021-02-22 00:00:00.000')
,(NULL,NULL,NULL,NULL,'{"instructedCurrency":"GBP","debtorAccount":"987654322","customerId":"PayFromAcc2","instructedAmount":"56656","valueDate":"21/04/2020","customerCategory":"Small Business","debtorAccountCurrency":"CAD","creditorBankCountry":"GBR","IN_USERID":"Andrew23","initiationTime":"1259"}','PRD_OFRNG_EFT_001','PRD_OFRNG_WIRE_001','2021-02-22 00:00:00.000')
,(NULL,NULL,NULL,NULL,'{"instructedCurrency":"AUD","debtorAccount":"987654322","customerId":"PayFromAcc2","instructedAmount":"4356","valueDate":"21/04/2020","customerCategory": "Large Corporate","debtorAccountCurrency":"USD","creditorBankCountry":"AUS","IN_USERID":"Andrew23","initiationTime":"1259"}','PRD_OFRNG_EFT_001','PRD_OFRNG_WIRE_001','2021-02-22 00:00:00.000')
,(NULL,NULL,NULL,NULL,'{"instructedCurrency":"USD","debtorAccount":"987654322","customerId":"PayFromAcc2","instructedAmount":"34536","valueDate":"21/04/2020","customerCategory":"Small Business","debtorAccountCurrency":"USD","creditorBankCountry":"US","IN_USERID":"Andrew23","initiationTime":"1259"}','PRD_OFRNG_EFT_001','PRD_OFRNG_ACH_001','2021-02-22 00:00:00.000')
;
INSERT INTO "CP".icp_recommendation_audit (api_gr_cp_reference_id,api_gr_channel_request_id,api_sr_channel_request_id,api_date_time,api_body,api_cp_recommendation,api_user_selection,alu_inserted_time) VALUES 
(NULL,NULL,NULL,NULL,'{"instructedCurrency":"USD","debtorAccount":"987654322","customerId":"PayFromAcc2","instructedAmount":"3535","valueDate":"21/04/2020","customerCategory": "Small Business","debtorAccountCurrency":"USD","creditorBankCountry":"US","IN_USERID":"Andrew23","initiationTime":"1259"}','PRD_OFRNG_EFT_001','PRD_OFRNG_WIRE_001','2021-02-22 00:00:00.000')
,(NULL,NULL,NULL,NULL,'{"instructedCurrency":"USD","debtorAccount":"987654322","customerId":"PayFromAcc2","instructedAmount":"5435","valueDate":"21/04/2020","customerCategory": "Large Corporate","debtorAccountCurrency":"USD","creditorBankCountry":"US","IN_USERID":"Andrew23","initiationTime":"1259"}','PRD_OFRNG_EFT_001','PRD_OFRNG_ACH_001','2021-02-22 00:00:00.000')
,(NULL,NULL,NULL,NULL,'{"instructedCurrency":"AUD","debtorAccount":"987654322","customerId":"PayFromAcc2","instructedAmount":"45345","valueDate":"21/04/2020","customerCategory":"Small Business","debtorAccountCurrency":"USD","creditorBankCountry":"AUS","IN_USERID":"Andrew23","initiationTime":"1259"}','PRD_OFRNG_EFT_001','PRD_OFRNG_WIRE_001','2021-02-22 00:00:00.000')
,(NULL,NULL,NULL,NULL,'{"instructedCurrency":"USD","debtorAccount":"987654322","customerId":"PayFromAcc2","instructedAmount":"4234","valueDate":"21/04/2020","customerCategory": "Small Business","debtorAccountCurrency":"USD","creditorBankCountry":"US","IN_USERID":"Andrew23","initiationTime":"1259"}','PRD_OFRNG_EFT_001','PRD_OFRNG_ACH_001','2021-02-22 00:00:00.000')
,(NULL,NULL,NULL,NULL,'{"instructedCurrency":"CAD","debtorAccount":"987654322","customerId":"PayFromAcc2","instructedAmount":"353 ","valueDate":"21/04/2020","customerCategory": "Small Business","debtorAccountCurrency":"CAD","creditorBankCountry":"CA","IN_USERID":"Andrew23","initiationTime":"1259"}','PRD_OFRNG_EFT_001','PRD_OFRNG_ETRF_001','2021-02-22 00:00:00.000')
,(NULL,NULL,NULL,NULL,'{"instructedCurrency":"CAD","debtorAccount":"987654322","customerId":"PayFromAcc2","instructedAmount":"4543","valueDate":"21/04/2020","customerCategory": "Large Corporate","debtorAccountCurrency":"CAD","creditorBankCountry":"CA","IN_USERID":"Andrew23","initiationTime":"1259"}','PRD_OFRNG_EFT_001','PRD_OFRNG_ETRF_001','2021-02-22 00:00:00.000')
,(NULL,NULL,NULL,NULL,'{"instructedCurrency":"CAD","debtorAccount":"987654322","customerId":"PayFromAcc2","instructedAmount":"24323","valueDate":"21/04/2020","customerCategory":"Large Corporate","debtorAccountCurrency":"CAD","creditorBankCountry":"CA","IN_USERID":"Andrew23","initiationTime":"1259"}','PRD_OFRNG_EFT_001','PRD_OFRNG_ETRF_001','2021-02-22 00:00:00.000')
,(NULL,NULL,NULL,NULL,'{"instructedCurrency":"USD","debtorAccount":"987654322","customerId":"PayFromAcc2","instructedAmount":"42342","valueDate":"21/04/2020","customerCategory":"Small Business","debtorAccountCurrency":"USD","creditorBankCountry":"CA","IN_USERID":"Andrew23","initiationTime":"1259"}','PRD_OFRNG_EFT_001','PRD_OFRNG_EFT_001','2021-02-22 00:00:00.000')
,(NULL,NULL,NULL,NULL,'{"instructedCurrency":"USD","debtorAccount":"987654322","customerId":"PayFromAcc2","instructedAmount":"32424","valueDate":"21/04/2020","customerCategory":"Small Business","debtorAccountCurrency":"USD","creditorBankCountry":"US","IN_USERID":"Andrew23","initiationTime":"1259"}','PRD_OFRNG_EFT_001','PRD_OFRNG_WIRE_001','2021-02-22 00:00:00.000')
,(NULL,NULL,NULL,NULL,'{"instructedCurrency":"AUD","debtorAccount":"987654322","customerId":"PayFromAcc2","instructedAmount":"34244","valueDate":"21/04/2020","customerCategory":"Large Corporate","debtorAccountCurrency":"USD","creditorBankCountry":"AUS","IN_USERID":"Andrew23","initiationTime":"1259"}','PRD_OFRNG_EFT_001','PRD_OFRNG_WIRE_001','2021-02-22 00:00:00.000')
;
INSERT INTO "CP".icp_recommendation_audit (api_gr_cp_reference_id,api_gr_channel_request_id,api_sr_channel_request_id,api_date_time,api_body,api_cp_recommendation,api_user_selection,alu_inserted_time) VALUES 
(NULL,NULL,NULL,NULL,'{"instructedCurrency":"CAD","debtorAccount":"987654322","customerId":"PayFromAcc2","instructedAmount":"24432","valueDate":"21/04/2020","customerCategory":"Large Corporate","debtorAccountCurrency":"USD","creditorBankCountry":"CA","IN_USERID":"Andrew23","initiationTime":"1259"}','PRD_OFRNG_EFT_001','PRD_OFRNG_WIRE_001','2021-02-22 00:00:00.000')
,(NULL,NULL,NULL,NULL,'{"instructedCurrency":"USD","debtorAccount":"987654322","customerId":"PayFromAcc2","instructedAmount":"342 ","valueDate":"21/04/2020","customerCategory": "Small Business","debtorAccountCurrency":"USD","creditorBankCountry":"US","IN_USERID":"Andrew23","initiationTime":"1259"}','PRD_OFRNG_EFT_001','PRD_OFRNG_ACH_001','2021-02-22 00:00:00.000')
,(NULL,NULL,NULL,NULL,'{"instructedCurrency":"USD","debtorAccount":"987654322","customerId":"PayFromAcc2","instructedAmount":"58990","valueDate":"21/04/2020","customerCategory":"Large Corporate","debtorAccountCurrency":"USD","creditorBankCountry":"US","IN_USERID":"Andrew23","initiationTime":"1259"}','PRD_OFRNG_EFT_001','PRD_OFRNG_ACH_001','2021-02-22 00:00:00.000')
,(NULL,NULL,NULL,NULL,'{"instructedCurrency":"USD","debtorAccount":"987654322","customerId":"PayFromAcc2","instructedAmount":"53453","valueDate":"21/04/2020","customerCategory":"Small Business","debtorAccountCurrency":"USD","creditorBankCountry":"US","IN_USERID":"Andrew23","initiationTime":"1259"}','PRD_OFRNG_EFT_001','PRD_OFRNG_ACH_001','2021-02-22 00:00:00.000')
,(NULL,NULL,NULL,NULL,'{"instructedCurrency":"CAD","debtorAccount":"987654322","customerId":"PayFromAcc2","instructedAmount":"1344","valueDate":"21/04/2020","customerCategory": "Small Business","debtorAccountCurrency":"CAD","creditorBankCountry":"CA","IN_USERID":"Andrew23","initiationTime":"1259"}','PRD_OFRNG_EFT_001','PRD_OFRNG_ETRF_001','2021-02-22 00:00:00.000')
,(NULL,NULL,NULL,NULL,'{"instructedCurrency":"USD","debtorAccount":"987654322","customerId":"PayFromAcc2","instructedAmount":"34536","valueDate":"21/04/2020","customerCategory":"Small Business","debtorAccountCurrency":"USD","creditorBankCountry":"US","IN_USERID":"Andrew23","initiationTime":"1259"}','PRD_OFRNG_EFT_001','PRD_OFRNG_WIRE_001','2021-02-22 00:00:00.000')
,(NULL,NULL,NULL,NULL,'{"instructedCurrency":"AUD","debtorAccount":"987654322","customerId":"PayFromAcc2","instructedAmount":"54334","valueDate":"21/04/2020","customerCategory":"Small Business","debtorAccountCurrency":"CAD","creditorBankCountry":"AUS","IN_USERID":"Andrew23","initiationTime":"1259"}','PRD_OFRNG_EFT_001','PRD_OFRNG_WIRE_001','2021-02-22 00:00:00.000')
,(NULL,NULL,NULL,NULL,'{"instructedCurrency":"AUD","debtorAccount":"987654322","customerId":"PayFromAcc2","instructedAmount":"45346","valueDate":"21/04/2020","customerCategory":"Small Business","debtorAccountCurrency":"CAD","creditorBankCountry":"AUS","IN_USERID":"Andrew23","initiationTime":"1259"}','PRD_OFRNG_EFT_001','PRD_OFRNG_WIRE_001','2021-02-22 00:00:00.000')
,(NULL,NULL,NULL,NULL,'{"instructedCurrency":"USD","debtorAccount":"987654322","customerId":"PayFromAcc2","instructedAmount":"45355","valueDate":"21/04/2020","customerCategory":"Small Business","debtorAccountCurrency":"USD","creditorBankCountry":"US","IN_USERID":"Andrew23","initiationTime":"1259"}','PRD_OFRNG_EFT_001','PRD_OFRNG_ACH_001','2021-02-22 00:00:00.000')
,(NULL,NULL,NULL,NULL,'{"instructedCurrency":"USD","debtorAccount":"987654322","customerId":"PayFromAcc2","instructedAmount":"5345","valueDate":"21/04/2020","customerCategory": "Large Corporate","debtorAccountCurrency":"USD","creditorBankCountry":"US","IN_USERID":"Andrew23","initiationTime":"1259"}','PRD_OFRNG_EFT_001','PRD_OFRNG_ACH_001','2021-02-22 00:00:00.000')
;
INSERT INTO "CP".icp_recommendation_audit (api_gr_cp_reference_id,api_gr_channel_request_id,api_sr_channel_request_id,api_date_time,api_body,api_cp_recommendation,api_user_selection,alu_inserted_time) VALUES 
(NULL,NULL,NULL,NULL,'{"instructedCurrency":"USD","debtorAccount":"987654322","customerId":"PayFromAcc2","instructedAmount":"5353","valueDate":"21/04/2020","customerCategory": "Large Corporate","debtorAccountCurrency":"USD","creditorBankCountry":"US","IN_USERID":"Andrew23","initiationTime":"1259"}','PRD_OFRNG_EFT_001','PRD_OFRNG_ACH_001','2021-02-22 00:00:00.000')
,(NULL,NULL,NULL,NULL,'{"instructedCurrency":"GBP","debtorAccount":"987654322","customerId":"PayFromAcc2","instructedAmount":"54353","valueDate":"21/04/2020","customerCategory":"Small Business","debtorAccountCurrency":"CAD","creditorBankCountry":"GBR","IN_USERID":"Andrew23","initiationTime":"1259"}','PRD_OFRNG_EFT_001','PRD_OFRNG_WIRE_001','2021-02-22 00:00:00.000')
,(NULL,NULL,NULL,NULL,'{"instructedCurrency":"AUD","debtorAccount":"987654322","customerId":"PayFromAcc2","instructedAmount":"4534","valueDate":"21/04/2020","customerCategory": "Small Business","debtorAccountCurrency":"CAD","creditorBankCountry":"AUS","IN_USERID":"Andrew23","initiationTime":"1259"}','PRD_OFRNG_EFT_001','PRD_OFRNG_WIRE_001','2021-02-22 00:00:00.000')
,(NULL,NULL,NULL,NULL,'{"instructedCurrency":"CAD","debtorAccount":"987654322","customerId":"PayFromAcc2","instructedAmount":"4353","valueDate":"21/04/2020","customerCategory": "Large Corporate","debtorAccountCurrency":"CAD","creditorBankCountry":"CA","IN_USERID":"Andrew23","initiationTime":"1259"}','PRD_OFRNG_EFT_001','PRD_OFRNG_ETRF_001','2021-02-22 00:00:00.000')
,(NULL,NULL,NULL,NULL,'{"instructedCurrency":"CAD","debtorAccount":"987654322","customerId":"PayFromAcc2","instructedAmount":"3535","valueDate":"21/04/2020","customerCategory": "Large Corporate","debtorAccountCurrency":"CAD","creditorBankCountry":"CA","IN_USERID":"Andrew23","initiationTime":"1259"}','PRD_OFRNG_EFT_001','PRD_OFRNG_ETRF_001','2021-02-22 00:00:00.000')
,(NULL,NULL,NULL,NULL,'{"instructedCurrency":"AUD","debtorAccount":"987654322","customerId":"PayFromAcc2","instructedAmount":"35636","valueDate":"21/04/2020","customerCategory":"Large Corporate","debtorAccountCurrency":"CAD","creditorBankCountry":"AUS","IN_USERID":"Andrew23","initiationTime":"1259"}','PRD_OFRNG_EFT_001','PRD_OFRNG_WIRE_001','2021-02-22 00:00:00.000')
,(NULL,NULL,NULL,NULL,'{"instructedCurrency":"USD","debtorAccount":"987654322","customerId":"PayFromAcc2","instructedAmount":"34534","valueDate":"21/04/2020","customerCategory":"Small Business","debtorAccountCurrency":"USD","creditorBankCountry":"US","IN_USERID":"Andrew23","initiationTime":"1259"}','PRD_OFRNG_EFT_001','PRD_OFRNG_WIRE_001','2021-02-22 00:00:00.000')
,(NULL,NULL,NULL,NULL,'{"instructedCurrency":"CAD","debtorAccount":"987654322","customerId":"PayFromAcc2","instructedAmount":"3455","valueDate":"21/04/2020","customerCategory": "Large Corporate","debtorAccountCurrency":"CAD","creditorBankCountry":"CA","IN_USERID":"Andrew23","initiationTime":"1259"}','PRD_OFRNG_EFT_001','PRD_OFRNG_ETRF_001','2021-02-22 00:00:00.000')
,(NULL,NULL,NULL,NULL,'{"instructedCurrency":"CAD","debtorAccount":"987654322","customerId":"PayFromAcc2","instructedAmount":"4424","valueDate":"21/04/2020","customerCategory": "Small Business","debtorAccountCurrency":"CAD","creditorBankCountry":"CA","IN_USERID":"Andrew23","initiationTime":"1259"}','PRD_OFRNG_EFT_001','PRD_OFRNG_ETRF_001','2021-02-22 00:00:00.000')
,(NULL,NULL,NULL,NULL,'{"instructedCurrency":"GBP","debtorAccount":"987654322","customerId":"PayFromAcc2","instructedAmount":"23555","valueDate":"21/04/2020","customerCategory":"Large Corporate","debtorAccountCurrency":"CAD","creditorBankCountry":"GBR","IN_USERID":"Andrew23","initiationTime":"1259"}','PRD_OFRNG_EFT_001','PRD_OFRNG_WIRE_001','2021-02-22 00:00:00.000')
;
INSERT INTO "CP".icp_recommendation_audit (api_gr_cp_reference_id,api_gr_channel_request_id,api_sr_channel_request_id,api_date_time,api_body,api_cp_recommendation,api_user_selection,alu_inserted_time) VALUES 
(NULL,NULL,NULL,NULL,'{"instructedCurrency":"USD","debtorAccount":"987654322","customerId":"PayFromAcc2","instructedAmount":"2424","valueDate":"21/04/2020","customerCategory": "Small Business","debtorAccountCurrency":"USD","creditorBankCountry":"US","IN_USERID":"Andrew23","initiationTime":"1259"}','PRD_OFRNG_EFT_001','PRD_OFRNG_WIRE_001','2021-02-22 00:00:00.000')
,(NULL,NULL,NULL,NULL,'{"instructedCurrency":"CAD","debtorAccount":"987654322","customerId":"PayFromAcc2","instructedAmount":"23424","valueDate":"21/04/2020","customerCategory":"Small Business","debtorAccountCurrency":"CAD","creditorBankCountry":"CA","IN_USERID":"Andrew23","initiationTime":"1259"}','PRD_OFRNG_EFT_001','PRD_OFRNG_WIRE_001','2021-02-22 00:00:00.000')
,(NULL,NULL,NULL,NULL,'{"instructedCurrency":"USD","debtorAccount":"987654322","customerId":"PayFromAcc2","instructedAmount":"3534","valueDate":"21/04/2020","customerCategory": "Large Corporate","debtorAccountCurrency":"USD","creditorBankCountry":"US","IN_USERID":"Andrew23","initiationTime":"1259"}','PRD_OFRNG_EFT_001','PRD_OFRNG_ACH_001','2021-02-22 00:00:00.000')
,(NULL,NULL,NULL,NULL,'{"instructedCurrency":"CAD","debtorAccount":"987654322","customerId":"PayFromAcc2","instructedAmount":"65645","valueDate":"21/04/2020","customerCategory":"Small Business","debtorAccountCurrency":"USD","creditorBankCountry":"CA","IN_USERID":"Andrew23","initiationTime":"1259"}','PRD_OFRNG_EFT_001','PRD_OFRNG_WIRE_001','2021-02-22 00:00:00.000')
,(NULL,NULL,NULL,NULL,'{"instructedCurrency":"AUD","debtorAccount":"987654322","customerId":"PayFromAcc2","instructedAmount":"5656","valueDate":"21/04/2020","customerCategory": "Small Business","debtorAccountCurrency":"USD","creditorBankCountry":"AUS","IN_USERID":"Andrew23","initiationTime":"1259"}','PRD_OFRNG_EFT_001','PRD_OFRNG_WIRE_001','2021-02-22 00:00:00.000')
,(NULL,NULL,NULL,NULL,'{"instructedCurrency":"AUD","debtorAccount":"987654322","customerId":"PayFromAcc2","instructedAmount":"55345","valueDate":"21/04/2020","customerCategory":"Large Corporate","debtorAccountCurrency":"CAD","creditorBankCountry":"AUS","IN_USERID":"Andrew23","initiationTime":"1259"}','PRD_OFRNG_EFT_001','PRD_OFRNG_WIRE_001','2021-02-22 00:00:00.000')
,(NULL,NULL,NULL,NULL,'{"instructedCurrency":"USD","debtorAccount":"987654322","customerId":"PayFromAcc2","instructedAmount":"34535","valueDate":"21/04/2020","customerCategory":"Large Corporate","debtorAccountCurrency":"USD","creditorBankCountry":"US","IN_USERID":"Andrew23","initiationTime":"1259"}','PRD_OFRNG_EFT_001','PRD_OFRNG_ACH_001','2021-02-22 00:00:00.000')
,(NULL,NULL,NULL,NULL,'{"instructedCurrency":"CAD","debtorAccount":"987654322","customerId":"PayFromAcc2","instructedAmount":"34555","valueDate":"21/04/2020","customerCategory":"Small Business","debtorAccountCurrency":"CAD","creditorBankCountry":"CA","IN_USERID":"Andrew23","initiationTime":"1259"}','PRD_OFRNG_EFT_001','PRD_OFRNG_WIRE_001','2021-02-22 00:00:00.000')
,(NULL,NULL,NULL,NULL,'{"instructedCurrency":"USD","debtorAccount":"987654322","customerId":"PayFromAcc2","instructedAmount":"53534","valueDate":"21/04/2020","customerCategory":"Small Business","debtorAccountCurrency":"USD","creditorBankCountry":"US","IN_USERID":"Andrew23","initiationTime":"1259"}','PRD_OFRNG_EFT_001','PRD_OFRNG_WIRE_001','2021-02-22 00:00:00.000')
,(NULL,NULL,NULL,NULL,'{"instructedCurrency":"USD","debtorAccount":"987654322","customerId":"PayFromAcc2","instructedAmount":"43534","valueDate":"21/04/2020","customerCategory":"Small Business","debtorAccountCurrency":"USD","creditorBankCountry":"US","IN_USERID":"Andrew23","initiationTime":"1259"}','PRD_OFRNG_EFT_001','PRD_OFRNG_WIRE_001','2021-02-22 00:00:00.000')
;
INSERT INTO "CP".icp_recommendation_audit (api_gr_cp_reference_id,api_gr_channel_request_id,api_sr_channel_request_id,api_date_time,api_body,api_cp_recommendation,api_user_selection,alu_inserted_time) VALUES 
(NULL,NULL,NULL,NULL,'{"instructedCurrency":"AUD","debtorAccount":"987654322","customerId":"PayFromAcc2","instructedAmount":"56575","valueDate":"21/04/2020","customerCategory":"Small Business","debtorAccountCurrency":"USD","creditorBankCountry":"AUS","IN_USERID":"Andrew23","initiationTime":"1259"}','PRD_OFRNG_EFT_001','PRD_OFRNG_WIRE_001','2021-02-22 00:00:00.000')
,(NULL,NULL,NULL,NULL,'{"instructedCurrency":"CAD","debtorAccount":"987654322","customerId":"PayFromAcc2","instructedAmount":"65758","valueDate":"21/04/2020","customerCategory":"Large Corporate","debtorAccountCurrency":"CAD","creditorBankCountry":"CA","IN_USERID":"Andrew23","initiationTime":"1259"}','PRD_OFRNG_EFT_001','PRD_OFRNG_EFT_001','2021-02-22 00:00:00.000')
,(NULL,NULL,NULL,NULL,'{"instructedCurrency":"USD","debtorAccount":"987654322","customerId":"PayFromAcc2","instructedAmount":"6567","valueDate":"21/04/2020","customerCategory": "Large Corporate","debtorAccountCurrency":"USD","creditorBankCountry":"US","IN_USERID":"Andrew23","initiationTime":"1259"}','PRD_OFRNG_EFT_001','PRD_OFRNG_ACH_001','2021-02-22 00:00:00.000')
,(NULL,NULL,NULL,NULL,'{"instructedCurrency":"USD","debtorAccount":"987654322","customerId":"PayFromAcc2","instructedAmount":"77888","valueDate":"21/04/2020","customerCategory":"Large Corporate","debtorAccountCurrency":"USD","creditorBankCountry":"US","IN_USERID":"Andrew23","initiationTime":"1259"}','PRD_OFRNG_EFT_001','PRD_OFRNG_ACH_001','2021-02-22 00:00:00.000')
,(NULL,NULL,NULL,NULL,'{"instructedCurrency":"CAD","debtorAccount":"987654322","customerId":"PayFromAcc2","instructedAmount":"657 ","valueDate":"21/04/2020","customerCategory": "Large Corporate","debtorAccountCurrency":"CAD","creditorBankCountry":"CA","IN_USERID":"Andrew23","initiationTime":"1259"}','PRD_OFRNG_EFT_001','PRD_OFRNG_ETRF_001','2021-02-22 00:00:00.000')
,(NULL,NULL,NULL,NULL,'{"instructedCurrency":"USD","debtorAccount":"987654322","customerId":"PayFromAcc2","instructedAmount":"57868","valueDate":"21/04/2020","customerCategory":"Large Corporate","debtorAccountCurrency":"USD","creditorBankCountry":"US","IN_USERID":"Andrew23","initiationTime":"1259"}','PRD_OFRNG_EFT_001','PRD_OFRNG_ACH_001','2021-02-22 00:00:00.000')
,(NULL,NULL,NULL,NULL,'{"instructedCurrency":"CAD","debtorAccount":"987654322","customerId":"PayFromAcc2","instructedAmount":"3453","valueDate":"21/04/2020","customerCategory": "Small Business","debtorAccountCurrency":"CAD","creditorBankCountry":"CA","IN_USERID":"Andrew23","initiationTime":"1259"}','PRD_OFRNG_EFT_001','PRD_OFRNG_ETRF_001','2021-02-22 00:00:00.000')
,(NULL,NULL,NULL,NULL,'{"instructedCurrency":"USD","debtorAccount":"987654322","customerId":"PayFromAcc2","instructedAmount":"34534","valueDate":"21/04/2020","customerCategory":"Small Business","debtorAccountCurrency":"USD","creditorBankCountry":"CA","IN_USERID":"Andrew23","initiationTime":"1259"}','PRD_OFRNG_EFT_001','PRD_OFRNG_EFT_001','2021-02-22 00:00:00.000')
,(NULL,NULL,NULL,NULL,'{"instructedCurrency":"GBP","debtorAccount":"987654322","customerId":"PayFromAcc2","instructedAmount":"54353","valueDate":"21/04/2020","customerCategory":"Small Business","debtorAccountCurrency":"CAD","creditorBankCountry":"GBR","IN_USERID":"Andrew23","initiationTime":"1259"}','PRD_OFRNG_EFT_001','PRD_OFRNG_WIRE_001','2021-02-22 00:00:00.000')
,(NULL,NULL,NULL,NULL,'{"instructedCurrency":"GBP","debtorAccount":"987654322","customerId":"PayFromAcc2","instructedAmount":"53453","valueDate":"21/04/2020","customerCategory":"Large Corporate","debtorAccountCurrency":"CAD","creditorBankCountry":"GBR","IN_USERID":"Andrew23","initiationTime":"1259"}','PRD_OFRNG_EFT_001','PRD_OFRNG_WIRE_001','2021-02-22 00:00:00.000')
;
INSERT INTO "CP".icp_recommendation_audit (api_gr_cp_reference_id,api_gr_channel_request_id,api_sr_channel_request_id,api_date_time,api_body,api_cp_recommendation,api_user_selection,alu_inserted_time) VALUES 
(NULL,NULL,NULL,NULL,'{"instructedCurrency":"USD","debtorAccount":"987654322","customerId":"PayFromAcc2","instructedAmount":"4566","valueDate":"21/04/2020","customerCategory": "Small Business","debtorAccountCurrency":"USD","creditorBankCountry":"US","IN_USERID":"Andrew23","initiationTime":"1259"}','PRD_OFRNG_EFT_001','PRD_OFRNG_ACH_001','2021-02-22 00:00:00.000')
,(NULL,NULL,NULL,NULL,'{"instructedCurrency":"GBP","debtorAccount":"987654322","customerId":"PayFromAcc2","instructedAmount":"45345","valueDate":"21/04/2020","customerCategory":"Large Corporate","debtorAccountCurrency":"CAD","creditorBankCountry":"GBR","IN_USERID":"Andrew23","initiationTime":"1259"}','PRD_OFRNG_EFT_001','PRD_OFRNG_WIRE_001','2021-02-22 00:00:00.000')
,(NULL,NULL,NULL,NULL,'{"instructedCurrency":"CAD","debtorAccount":"987654322","customerId":"PayFromAcc2","instructedAmount":"65454","valueDate":"21/04/2020","customerCategory":"Small Business","debtorAccountCurrency":"CAD","creditorBankCountry":"CA","IN_USERID":"Andrew23","initiationTime":"1259"}','PRD_OFRNG_EFT_001','PRD_OFRNG_EFT_001','2021-02-22 00:00:00.000')
,(NULL,NULL,NULL,NULL,'{"instructedCurrency":"AUD","debtorAccount":"987654322","customerId":"PayFromAcc2","instructedAmount":"44535","valueDate":"21/04/2020","customerCategory":"Small Business","debtorAccountCurrency":"CAD","creditorBankCountry":"AUS","IN_USERID":"Andrew23","initiationTime":"1259"}','PRD_OFRNG_EFT_001','PRD_OFRNG_WIRE_001','2021-02-22 00:00:00.000')
,(NULL,NULL,NULL,NULL,'{"instructedCurrency":"CAD","debtorAccount":"987654322","customerId":"PayFromAcc2","instructedAmount":"4332","valueDate":"21/04/2020","customerCategory": "Small Business","debtorAccountCurrency":"CAD","creditorBankCountry":"CA","IN_USERID":"Andrew23","initiationTime":"1259"}','PRD_OFRNG_EFT_001','PRD_OFRNG_ETRF_001','2021-02-22 00:00:00.000')
,(NULL,NULL,NULL,NULL,'{"instructedCurrency":"CAD","debtorAccount":"987654322","customerId":"PayFromAcc2","instructedAmount":"43656","valueDate":"21/04/2020","customerCategory":"Large Corporate","debtorAccountCurrency":"CAD","creditorBankCountry":"CA","IN_USERID":"Andrew23","initiationTime":"1259"}','PRD_OFRNG_EFT_001','PRD_OFRNG_EFT_001','2021-02-22 00:00:00.000')
,(NULL,NULL,NULL,NULL,'{"instructedCurrency":"AUD","debtorAccount":"987654322","customerId":"PayFromAcc2","instructedAmount":"43534","valueDate":"21/04/2020","customerCategory":"Large Corporate","debtorAccountCurrency":"CAD","creditorBankCountry":"AUS","IN_USERID":"Andrew23","initiationTime":"1259"}','PRD_OFRNG_EFT_001','PRD_OFRNG_WIRE_001','2021-02-22 00:00:00.000')
,(NULL,NULL,NULL,NULL,'{"instructedCurrency":"USD","debtorAccount":"987654322","customerId":"PayFromAcc2","instructedAmount":"435 ","valueDate":"21/04/2020","customerCategory": "Small Business","debtorAccountCurrency":"USD","creditorBankCountry":"US","IN_USERID":"Andrew23","initiationTime":"1259"}','PRD_OFRNG_EFT_001','PRD_OFRNG_WIRE_001','2021-02-22 00:00:00.000')
,(NULL,NULL,NULL,NULL,'{"instructedCurrency":"CAD","debtorAccount":"987654322","customerId":"PayFromAcc2","instructedAmount":"4435","valueDate":"21/04/2020","customerCategory": "Large Corporate","debtorAccountCurrency":"CAD","creditorBankCountry":"CA","IN_USERID":"Andrew23","initiationTime":"1259"}','PRD_OFRNG_EFT_001','PRD_OFRNG_ETRF_001','2021-02-22 00:00:00.000')
,(NULL,NULL,NULL,NULL,'{"instructedCurrency":"CAD","debtorAccount":"987654322","customerId":"PayFromAcc2","instructedAmount":"4342","valueDate":"21/04/2020","customerCategory": "Large Corporate","debtorAccountCurrency":"CAD","creditorBankCountry":"CA","IN_USERID":"Andrew23","initiationTime":"1259"}','PRD_OFRNG_EFT_001','PRD_OFRNG_ETRF_001','2021-02-22 00:00:00.000')
;
INSERT INTO "CP".icp_recommendation_audit (api_gr_cp_reference_id,api_gr_channel_request_id,api_sr_channel_request_id,api_date_time,api_body,api_cp_recommendation,api_user_selection,alu_inserted_time) VALUES 
(NULL,NULL,NULL,NULL,'{"instructedCurrency":"USD","debtorAccount":"987654322","customerId":"PayFromAcc2","instructedAmount":"32342","valueDate":"21/04/2020","customerCategory":"Small Business","debtorAccountCurrency":"USD","creditorBankCountry":"US","IN_USERID":"Andrew23","initiationTime":"1259"}','PRD_OFRNG_EFT_001','PRD_OFRNG_ACH_001','2021-02-22 00:00:00.000')
,(NULL,NULL,NULL,NULL,'{"instructedCurrency":"AUD","debtorAccount":"987654322","customerId":"PayFromAcc2","instructedAmount":"34235","valueDate":"21/04/2020","customerCategory":"Large Corporate","debtorAccountCurrency":"CAD","creditorBankCountry":"AUS","IN_USERID":"Andrew23","initiationTime":"1259"}','PRD_OFRNG_EFT_001','PRD_OFRNG_WIRE_001','2021-02-22 00:00:00.000')
,(NULL,NULL,NULL,NULL,'{"instructedCurrency":"CAD","debtorAccount":"987654322","customerId":"PayFromAcc2","instructedAmount":"3533","valueDate":"21/04/2020","customerCategory": "Small Business","debtorAccountCurrency":"CAD","creditorBankCountry":"CA","IN_USERID":"Andrew23","initiationTime":"1259"}','PRD_OFRNG_EFT_001','PRD_OFRNG_WIRE_001','2021-02-22 00:00:00.000')
,(NULL,NULL,NULL,NULL,'{"instructedCurrency":"CAD","debtorAccount":"987654322","customerId":"PayFromAcc2","instructedAmount":"64564","valueDate":"21/04/2020","customerCategory":"Small Business","debtorAccountCurrency":"CAD","creditorBankCountry":"CA","IN_USERID":"Andrew23","initiationTime":"1259"}','PRD_OFRNG_EFT_001','PRD_OFRNG_WIRE_001','2021-02-22 00:00:00.000')
,(NULL,NULL,NULL,NULL,'{"instructedCurrency":"AUD","debtorAccount":"987654322","customerId":"PayFromAcc2","instructedAmount":"4455","valueDate":"21/04/2020","customerCategory": "Large Corporate","debtorAccountCurrency":"CAD","creditorBankCountry":"AUS","IN_USERID":"Andrew23","initiationTime":"1259"}','PRD_OFRNG_EFT_001','PRD_OFRNG_WIRE_001','2021-02-22 00:00:00.000')
,(NULL,NULL,NULL,NULL,'{"instructedCurrency":"USD","debtorAccount":"987654322","customerId":"PayFromAcc2","instructedAmount":"5345","valueDate":"21/04/2020","customerCategory": "Small Business","debtorAccountCurrency":"USD","creditorBankCountry":"US","IN_USERID":"Andrew23","initiationTime":"1259"}','PRD_OFRNG_EFT_001','PRD_OFRNG_WIRE_001','2021-02-22 00:00:00.000')
,(NULL,NULL,NULL,NULL,'{"instructedCurrency":"CAD","debtorAccount":"987654322","customerId":"PayFromAcc2","instructedAmount":"564 ","valueDate":"21/04/2020","customerCategory": "Small Business","debtorAccountCurrency":"CAD","creditorBankCountry":"CA","IN_USERID":"Andrew23","initiationTime":"1259"}','PRD_OFRNG_EFT_001','PRD_OFRNG_WIRE_001','2021-02-22 00:00:00.000')
,(NULL,NULL,NULL,NULL,'{"instructedCurrency":"AUD","debtorAccount":"987654322","customerId":"PayFromAcc2","instructedAmount":"45335","valueDate":"21/04/2020","customerCategory":"Large Corporate","debtorAccountCurrency":"USD","creditorBankCountry":"AUS","IN_USERID":"Andrew23","initiationTime":"1259"}','PRD_OFRNG_EFT_001','PRD_OFRNG_WIRE_001','2021-02-22 00:00:00.000')
,(NULL,NULL,NULL,NULL,'{"instructedCurrency":"CAD","debtorAccount":"987654322","customerId":"PayFromAcc2","instructedAmount":"545 ","valueDate":"21/04/2020","customerCategory": "Small Business","debtorAccountCurrency":"CAD","creditorBankCountry":"CA","IN_USERID":"Andrew23","initiationTime":"1259"}','PRD_OFRNG_EFT_001','PRD_OFRNG_ETRF_001','2021-02-22 00:00:00.000')
,(NULL,NULL,NULL,NULL,'{"instructedCurrency":"GBP","debtorAccount":"987654322","customerId":"PayFromAcc2","instructedAmount":"6756","valueDate":"21/04/2020","customerCategory": "Large Corporate","debtorAccountCurrency":"CAD","creditorBankCountry":"GBR","IN_USERID":"Andrew23","initiationTime":"1259"}','PRD_OFRNG_EFT_001','PRD_OFRNG_WIRE_001','2021-02-22 00:00:00.000')
;
INSERT INTO "CP".icp_recommendation_audit (api_gr_cp_reference_id,api_gr_channel_request_id,api_sr_channel_request_id,api_date_time,api_body,api_cp_recommendation,api_user_selection,alu_inserted_time) VALUES 
(NULL,NULL,NULL,NULL,'{"instructedCurrency":"CAD","debtorAccount":"987654322","customerId":"PayFromAcc2","instructedAmount":"4564","valueDate":"21/04/2020","customerCategory": "Small Business","debtorAccountCurrency":"CAD","creditorBankCountry":"CA","IN_USERID":"Andrew23","initiationTime":"1259"}','PRD_OFRNG_EFT_001','PRD_OFRNG_ETRF_001','2021-02-22 00:00:00.000')
,(NULL,NULL,NULL,NULL,'{"instructedCurrency":"CAD","debtorAccount":"987654322","customerId":"PayFromAcc2","instructedAmount":"13424","valueDate":"21/04/2020","customerCategory":"Small Business","debtorAccountCurrency":"CAD","creditorBankCountry":"CA","IN_USERID":"Andrew23","initiationTime":"1259"}','PRD_OFRNG_EFT_001','PRD_OFRNG_ETRF_001','2021-02-22 00:00:00.000')
,(NULL,NULL,NULL,NULL,'{"instructedCurrency":"CAD","debtorAccount":"987654322","customerId":"PayFromAcc2","instructedAmount":"34534","valueDate":"21/04/2020","customerCategory":"Large Corporate","debtorAccountCurrency":"CAD","creditorBankCountry":"CA","IN_USERID":"Andrew23","initiationTime":"1259"}','PRD_OFRNG_EFT_001','PRD_OFRNG_EFT_001','2021-02-22 00:00:00.000')
,(NULL,NULL,NULL,NULL,'{"instructedCurrency":"USD","debtorAccount":"987654322","customerId":"PayFromAcc2","instructedAmount":"534 ","valueDate":"21/04/2020","customerCategory": "Large Corporate","debtorAccountCurrency":"USD","creditorBankCountry":"US","IN_USERID":"Andrew23","initiationTime":"1259"}','PRD_OFRNG_EFT_001','PRD_OFRNG_ACH_001','2021-02-22 00:00:00.000')
,(NULL,NULL,NULL,NULL,'{"instructedCurrency":"AUD","debtorAccount":"987654322","customerId":"PayFromAcc2","instructedAmount":"43534","valueDate":"21/04/2020","customerCategory":"Large Corporate","debtorAccountCurrency":"USD","creditorBankCountry":"AUS","IN_USERID":"Andrew23","initiationTime":"1259"}','PRD_OFRNG_EFT_001','PRD_OFRNG_WIRE_001','2021-02-22 00:00:00.000')
,(NULL,NULL,NULL,NULL,'{"instructedCurrency":"GBP","debtorAccount":"987654322","customerId":"PayFromAcc2","instructedAmount":"5454","valueDate":"21/04/2020","customerCategory": "Small Business","debtorAccountCurrency":"CAD","creditorBankCountry":"GBR","IN_USERID":"Andrew23","initiationTime":"1259"}','PRD_OFRNG_EFT_001','PRD_OFRNG_WIRE_001','2021-02-22 00:00:00.000')
,(NULL,NULL,NULL,NULL,'{"instructedCurrency":"USD","debtorAccount":"987654322","customerId":"PayFromAcc2","instructedAmount":"546 ","valueDate":"21/04/2020","customerCategory": "Small Business","debtorAccountCurrency":"USD","creditorBankCountry":"US","IN_USERID":"Andrew23","initiationTime":"1259"}','PRD_OFRNG_EFT_001','PRD_OFRNG_WIRE_001','2021-02-22 00:00:00.000')
,(NULL,NULL,NULL,NULL,'{"instructedCurrency":"GBP","debtorAccount":"987654322","customerId":"PayFromAcc2","instructedAmount":"5344","valueDate":"21/04/2020","customerCategory": "Large Corporate","debtorAccountCurrency":"CAD","creditorBankCountry":"GBR","IN_USERID":"Andrew23","initiationTime":"1259"}','PRD_OFRNG_EFT_001','PRD_OFRNG_WIRE_001','2021-02-22 00:00:00.000')
,(NULL,NULL,NULL,NULL,'{"instructedCurrency":"AUD","debtorAccount":"987654322","customerId":"PayFromAcc2","instructedAmount":"6434","valueDate":"21/04/2020","customerCategory": "Large Corporate","debtorAccountCurrency":"USD","creditorBankCountry":"AUS","IN_USERID":"Andrew23","initiationTime":"1259"}','PRD_OFRNG_EFT_001','PRD_OFRNG_WIRE_001','2021-02-22 00:00:00.000')
,(NULL,NULL,NULL,NULL,'{"instructedCurrency":"AUD","debtorAccount":"987654322","customerId":"PayFromAcc2","instructedAmount":"4535","valueDate":"21/04/2020","customerCategory": "Small Business","debtorAccountCurrency":"CAD","creditorBankCountry":"AUS","IN_USERID":"Andrew23","initiationTime":"1259"}','PRD_OFRNG_EFT_001','PRD_OFRNG_WIRE_001','2021-02-22 00:00:00.000')
;
INSERT INTO "CP".icp_recommendation_audit (api_gr_cp_reference_id,api_gr_channel_request_id,api_sr_channel_request_id,api_date_time,api_body,api_cp_recommendation,api_user_selection,alu_inserted_time) VALUES 
(NULL,NULL,NULL,NULL,'{"instructedCurrency":"GBP","debtorAccount":"987654322","customerId":"PayFromAcc2","instructedAmount":"4235","valueDate":"21/04/2020","customerCategory": "Small Business","debtorAccountCurrency":"CAD","creditorBankCountry":"GBR","IN_USERID":"Andrew23","initiationTime":"1259"}','PRD_OFRNG_EFT_001','PRD_OFRNG_WIRE_001','2021-02-22 00:00:00.000')
,(NULL,NULL,NULL,NULL,'{"instructedCurrency":"USD","debtorAccount":"987654322","customerId":"PayFromAcc2","instructedAmount":"4543","valueDate":"21/04/2020","customerCategory": "Small Business","debtorAccountCurrency":"USD","creditorBankCountry":"US","IN_USERID":"Andrew23","initiationTime":"1259"}','PRD_OFRNG_EFT_001','PRD_OFRNG_ACH_001','2021-02-22 00:00:00.000')
,(NULL,NULL,NULL,NULL,'{"instructedCurrency":"AUD","debtorAccount":"987654322","customerId":"PayFromAcc2","instructedAmount":"5646","valueDate":"21/04/2020","customerCategory": "Large Corporate","debtorAccountCurrency":"USD","creditorBankCountry":"AUS","IN_USERID":"Andrew23","initiationTime":"1259"}','PRD_OFRNG_EFT_001','PRD_OFRNG_WIRE_001','2021-02-22 00:00:00.000')
,(NULL,NULL,NULL,NULL,'{"instructedCurrency":"AUD","debtorAccount":"987654322","customerId":"PayFromAcc2","instructedAmount":"546 ","valueDate":"21/04/2020","customerCategory": "Small Business","debtorAccountCurrency":"USD","creditorBankCountry":"AUS","IN_USERID":"Andrew23","initiationTime":"1259"}','PRD_OFRNG_EFT_001','PRD_OFRNG_WIRE_001','2021-02-22 00:00:00.000')
,(NULL,NULL,NULL,NULL,'{"instructedCurrency":"CAD","debtorAccount":"987654322","customerId":"PayFromAcc2","instructedAmount":"4343","valueDate":"21/04/2020","customerCategory": "Large Corporate","debtorAccountCurrency":"CAD","creditorBankCountry":"CA","IN_USERID":"Andrew23","initiationTime":"1259"}','PRD_OFRNG_EFT_001','PRD_OFRNG_ETRF_001','2021-02-22 00:00:00.000')
,(NULL,NULL,NULL,NULL,'{"instructedCurrency":"USD","debtorAccount":"987654322","customerId":"PayFromAcc2","instructedAmount":"4535","valueDate":"21/04/2020","customerCategory": "Small Business","debtorAccountCurrency":"USD","creditorBankCountry":"US","IN_USERID":"Andrew23","initiationTime":"1259"}','PRD_OFRNG_EFT_001','PRD_OFRNG_ACH_001','2021-02-22 00:00:00.000')
,(NULL,NULL,NULL,NULL,'{"instructedCurrency":"USD","debtorAccount":"987654322","customerId":"PayFromAcc2","instructedAmount":"43332","valueDate":"21/04/2020","customerCategory":"Small Business","debtorAccountCurrency":"USD","creditorBankCountry":"US","IN_USERID":"Andrew23","initiationTime":"1259"}','PRD_OFRNG_EFT_001','PRD_OFRNG_ACH_001','2021-02-22 00:00:00.000')
,(NULL,NULL,NULL,NULL,'{"instructedCurrency":"CAD","debtorAccount":"987654322","customerId":"PayFromAcc2","instructedAmount":"1223","valueDate":"21/04/2020","customerCategory": "Small Business","debtorAccountCurrency":"CAD","creditorBankCountry":"CA","IN_USERID":"Andrew23","initiationTime":"1259"}','PRD_OFRNG_EFT_001','PRD_OFRNG_WIRE_001','2021-02-22 00:00:00.000')
,(NULL,NULL,NULL,NULL,'{"instructedCurrency":"USD","debtorAccount":"987654322","customerId":"PayFromAcc2","instructedAmount":"1334","valueDate":"21/04/2020","customerCategory": "Small Business","debtorAccountCurrency":"USD","creditorBankCountry":"CA","IN_USERID":"Andrew23","initiationTime":"1259"}','PRD_OFRNG_EFT_001','PRD_OFRNG_WIRE_001','2021-02-22 00:00:00.000')
,(NULL,NULL,NULL,NULL,'{"instructedCurrency":"USD","debtorAccount":"987654322","customerId":"PayFromAcc2","instructedAmount":"3245","valueDate":"21/04/2020","customerCategory": "Large Corporate","debtorAccountCurrency":"USD","creditorBankCountry":"CA","IN_USERID":"Andrew23","initiationTime":"1259"}','PRD_OFRNG_EFT_001','PRD_OFRNG_ACH_001','2021-02-22 00:00:00.000')
;
INSERT INTO "CP".icp_recommendation_audit (api_gr_cp_reference_id,api_gr_channel_request_id,api_sr_channel_request_id,api_date_time,api_body,api_cp_recommendation,api_user_selection,alu_inserted_time) VALUES 
(NULL,NULL,NULL,NULL,'{"instructedCurrency":"GBP","debtorAccount":"987654322","customerId":"PayFromAcc2","instructedAmount":"54535","valueDate":"21/04/2020","customerCategory":"Large Corporate","debtorAccountCurrency":"CAD","creditorBankCountry":"GBR","IN_USERID":"Andrew23","initiationTime":"1259"}','PRD_OFRNG_EFT_001','PRD_OFRNG_WIRE_001','2021-02-22 00:00:00.000')
,(NULL,NULL,NULL,NULL,'{"instructedCurrency":"AUD","debtorAccount":"987654322","customerId":"PayFromAcc2","instructedAmount":"4535","valueDate":"21/04/2020","customerCategory": "Small Business","debtorAccountCurrency":"CAD","creditorBankCountry":"AUS","IN_USERID":"Andrew23","initiationTime":"1259"}','PRD_OFRNG_EFT_001','PRD_OFRNG_WIRE_001','2021-02-22 00:00:00.000')
,(NULL,NULL,NULL,NULL,'{"instructedCurrency":"CAD","debtorAccount":"987654322","customerId":"PayFromAcc2","instructedAmount":"4534","valueDate":"21/04/2020","customerCategory": "Large Corporate","debtorAccountCurrency":"CAD","creditorBankCountry":"CA","IN_USERID":"Andrew23","initiationTime":"1259"}','PRD_OFRNG_EFT_001','PRD_OFRNG_ETRF_001','2021-02-22 00:00:00.000')
,(NULL,NULL,NULL,NULL,'{"instructedCurrency":"AUD","debtorAccount":"987654322","customerId":"PayFromAcc2","instructedAmount":"4535","valueDate":"21/04/2020","customerCategory": "Small Business","debtorAccountCurrency":"USD","creditorBankCountry":"AUS","IN_USERID":"Andrew23","initiationTime":"1259"}','PRD_OFRNG_EFT_001','PRD_OFRNG_WIRE_001','2021-02-22 00:00:00.000')
,(NULL,NULL,NULL,NULL,'{"instructedCurrency":"CAD","debtorAccount":"987654322","customerId":"PayFromAcc2","instructedAmount":"24534","valueDate":"21/04/2020","customerCategory":"Small Business","debtorAccountCurrency":"CAD","creditorBankCountry":"CA","IN_USERID":"Andrew23","initiationTime":"1259"}','PRD_OFRNG_EFT_001','PRD_OFRNG_ETRF_001','2021-02-22 00:00:00.000')
,(NULL,NULL,NULL,NULL,'{"instructedCurrency":"CAD","debtorAccount":"987654322","customerId":"PayFromAcc2","instructedAmount":"4535","valueDate":"21/04/2020","customerCategory": "Small Business","debtorAccountCurrency":"USD","creditorBankCountry":"CA","IN_USERID":"Andrew23","initiationTime":"1259"}','PRD_OFRNG_EFT_001','PRD_OFRNG_WIRE_001','2021-02-22 00:00:00.000')
,(NULL,NULL,NULL,NULL,'{"instructedCurrency":"CAD","debtorAccount":"987654322","customerId":"PayFromAcc2","instructedAmount":"5435","valueDate":"21/04/2020","customerCategory": "Small Business","debtorAccountCurrency":"USD","creditorBankCountry":"CA","IN_USERID":"Andrew23","initiationTime":"1259"}','PRD_OFRNG_EFT_001','PRD_OFRNG_WIRE_001','2021-02-22 00:00:00.000')
,(NULL,NULL,NULL,NULL,'{"instructedCurrency":"CAD","debtorAccount":"987654322","customerId":"PayFromAcc2","instructedAmount":"454 ","valueDate":"21/04/2020","customerCategory": "Small Business","debtorAccountCurrency":"CAD","creditorBankCountry":"CA","IN_USERID":"Andrew23","initiationTime":"1259"}','PRD_OFRNG_EFT_001','PRD_OFRNG_ETRF_001','2021-02-22 00:00:00.000')
,(NULL,NULL,NULL,NULL,'{"instructedCurrency":"GBP","debtorAccount":"987654322","customerId":"PayFromAcc2","instructedAmount":"543 ","valueDate":"21/04/2020","customerCategory": "Large Corporate","debtorAccountCurrency":"CAD","creditorBankCountry":"GBR","IN_USERID":"Andrew23","initiationTime":"1259"}','PRD_OFRNG_EFT_001','PRD_OFRNG_WIRE_001','2021-02-22 00:00:00.000')
,(NULL,NULL,NULL,NULL,'{"instructedCurrency":"USD","debtorAccount":"987654322","customerId":"PayFromAcc2","instructedAmount":"5435","valueDate":"21/04/2020","customerCategory": "Large Corporate","debtorAccountCurrency":"USD","creditorBankCountry":"US","IN_USERID":"Andrew23","initiationTime":"1259"}','PRD_OFRNG_EFT_001','PRD_OFRNG_ACH_001','2021-02-22 00:00:00.000')
;
INSERT INTO "CP".icp_recommendation_audit (api_gr_cp_reference_id,api_gr_channel_request_id,api_sr_channel_request_id,api_date_time,api_body,api_cp_recommendation,api_user_selection,alu_inserted_time) VALUES 
(NULL,NULL,NULL,NULL,'{"instructedCurrency":"CAD","debtorAccount":"987654322","customerId":"PayFromAcc2","instructedAmount":"13455","valueDate":"21/04/2020","customerCategory":"Small Business","debtorAccountCurrency":"CAD","creditorBankCountry":"CA","IN_USERID":"Andrew23","initiationTime":"1259"}','PRD_OFRNG_EFT_001','PRD_OFRNG_ETRF_001','2021-02-22 00:00:00.000')
,(NULL,NULL,NULL,NULL,'{"instructedCurrency":"CAD","debtorAccount":"987654322","customerId":"PayFromAcc2","instructedAmount":"15677","valueDate":"21/04/2020","customerCategory":"Large Corporate","debtorAccountCurrency":"CAD","creditorBankCountry":"CA","IN_USERID":"Andrew23","initiationTime":"1259"}','PRD_OFRNG_EFT_001','PRD_OFRNG_ETRF_001','2021-02-22 00:00:00.000')
,(NULL,NULL,NULL,NULL,'{"instructedCurrency":"AUD","debtorAccount":"987654322","customerId":"PayFromAcc2","instructedAmount":"43545","valueDate":"21/04/2020","customerCategory":"Small Business","debtorAccountCurrency":"USD","creditorBankCountry":"AUS","IN_USERID":"Andrew23","initiationTime":"1259"}','PRD_OFRNG_EFT_001','PRD_OFRNG_WIRE_001','2021-02-22 00:00:00.000')
,(NULL,NULL,NULL,NULL,'{"instructedCurrency":"GBP","debtorAccount":"987654322","customerId":"PayFromAcc2","instructedAmount":"53453","valueDate":"21/04/2020","customerCategory":"Small Business","debtorAccountCurrency":"CAD","creditorBankCountry":"GBR","IN_USERID":"Andrew23","initiationTime":"1259"}','PRD_OFRNG_EFT_001','PRD_OFRNG_WIRE_001','2021-02-22 00:00:00.000')
,(NULL,NULL,NULL,NULL,'{"instructedCurrency":"USD","debtorAccount":"987654322","customerId":"PayFromAcc2","instructedAmount":"3123","valueDate":"21/04/2020","customerCategory": "Large Corporate","debtorAccountCurrency":"USD","creditorBankCountry":"US","IN_USERID":"Andrew23","initiationTime":"1259"}','PRD_OFRNG_EFT_001','PRD_OFRNG_ACH_001','2021-02-22 00:00:00.000')
,(NULL,NULL,NULL,NULL,'{"instructedCurrency":"CAD","debtorAccount":"987654322","customerId":"PayFromAcc2","instructedAmount":"23213","valueDate":"21/04/2020","customerCategory":"Small Business","debtorAccountCurrency":"CAD","creditorBankCountry":"CA","IN_USERID":"Andrew23","initiationTime":"1259"}','PRD_OFRNG_EFT_001','PRD_OFRNG_ETRF_001','2021-02-22 00:00:00.000')
,(NULL,NULL,NULL,NULL,'{"instructedCurrency":"USD","debtorAccount":"987654322","customerId":"PayFromAcc2","instructedAmount":"4224","valueDate":"21/04/2020","customerCategory": "Small Business","debtorAccountCurrency":"USD","creditorBankCountry":"US","IN_USERID":"Andrew23","initiationTime":"1259"}','PRD_OFRNG_EFT_001','PRD_OFRNG_ACH_001','2021-02-22 00:00:00.000')
,(NULL,NULL,NULL,NULL,'{"instructedCurrency":"USD","debtorAccount":"987654322","customerId":"PayFromAcc2","instructedAmount":"2342","valueDate":"21/04/2020","customerCategory": "Small Business","debtorAccountCurrency":"USD","creditorBankCountry":"US","IN_USERID":"Andrew23","initiationTime":"1259"}','PRD_OFRNG_EFT_001','PRD_OFRNG_WIRE_001','2021-02-22 00:00:00.000')
,(NULL,NULL,NULL,NULL,'{"instructedCurrency":"AUD","debtorAccount":"987654322","customerId":"PayFromAcc2","instructedAmount":"42343","valueDate":"21/04/2020","customerCategory":"Small Business","debtorAccountCurrency":"USD","creditorBankCountry":"AUS","IN_USERID":"Andrew23","initiationTime":"1259"}','PRD_OFRNG_EFT_001','PRD_OFRNG_WIRE_001','2021-02-22 00:00:00.000')
,(NULL,NULL,NULL,NULL,'{"instructedCurrency":"CAD","debtorAccount":"987654322","customerId":"PayFromAcc2","instructedAmount":"2324","valueDate":"21/04/2020","customerCategory": "Small Business","debtorAccountCurrency":"CAD","creditorBankCountry":"CA","IN_USERID":"Andrew23","initiationTime":"1259"}','PRD_OFRNG_EFT_001','PRD_OFRNG_ETRF_001','2021-02-22 00:00:00.000')
;
INSERT INTO "CP".icp_recommendation_audit (api_gr_cp_reference_id,api_gr_channel_request_id,api_sr_channel_request_id,api_date_time,api_body,api_cp_recommendation,api_user_selection,alu_inserted_time) VALUES 
(NULL,NULL,NULL,NULL,'{"instructedCurrency":"CAD","debtorAccount":"987654322","customerId":"PayFromAcc2","instructedAmount":"53453","valueDate":"21/04/2020","customerCategory":"Large Corporate","debtorAccountCurrency":"CAD","creditorBankCountry":"CA","IN_USERID":"Andrew23","initiationTime":"1259"}','PRD_OFRNG_EFT_001','PRD_OFRNG_EFT_001','2021-02-22 00:00:00.000')
,(NULL,NULL,NULL,NULL,'{"instructedCurrency":"CAD","debtorAccount":"987654322","customerId":"PayFromAcc2","instructedAmount":"3453","valueDate":"21/04/2020","customerCategory": "Small Business","debtorAccountCurrency":"CAD","creditorBankCountry":"CA","IN_USERID":"Andrew23","initiationTime":"1259"}','PRD_OFRNG_EFT_001','PRD_OFRNG_ETRF_001','2021-02-22 00:00:00.000')
,(NULL,NULL,NULL,NULL,'{"instructedCurrency":"GBP","debtorAccount":"987654322","customerId":"PayFromAcc2","instructedAmount":"54345","valueDate":"21/04/2020","customerCategory":"Small Business","debtorAccountCurrency":"CAD","creditorBankCountry":"GBR","IN_USERID":"Andrew23","initiationTime":"1259"}','PRD_OFRNG_EFT_001','PRD_OFRNG_WIRE_001','2021-02-22 00:00:00.000')
,(NULL,NULL,NULL,NULL,'{"instructedCurrency":"AUD","debtorAccount":"987654322","customerId":"PayFromAcc2","instructedAmount":"4534","valueDate":"21/04/2020","customerCategory": "Small Business","debtorAccountCurrency":"CAD","creditorBankCountry":"AUS","IN_USERID":"Andrew23","initiationTime":"1259"}','PRD_OFRNG_EFT_001','PRD_OFRNG_WIRE_001','2021-02-22 00:00:00.000')
,(NULL,NULL,NULL,NULL,'{"instructedCurrency":"AUD","debtorAccount":"987654322","customerId":"PayFromAcc2","instructedAmount":"54345","valueDate":"21/04/2020","customerCategory":"Small Business","debtorAccountCurrency":"CAD","creditorBankCountry":"AUS","IN_USERID":"Andrew23","initiationTime":"1259"}','PRD_OFRNG_EFT_001','PRD_OFRNG_WIRE_001','2021-02-22 00:00:00.000')
,(NULL,NULL,NULL,NULL,'{"instructedCurrency":"AUD","debtorAccount":"987654322","customerId":"PayFromAcc2","instructedAmount":"53453","valueDate":"21/04/2020","customerCategory":"Small Business","debtorAccountCurrency":"CAD","creditorBankCountry":"AUS","IN_USERID":"Andrew23","initiationTime":"1259"}','PRD_OFRNG_EFT_001','PRD_OFRNG_WIRE_001','2021-02-22 00:00:00.000')
,(NULL,NULL,NULL,NULL,'{"instructedCurrency":"CAD","debtorAccount":"987654322","customerId":"PayFromAcc2","instructedAmount":"23432","valueDate":"21/04/2020","customerCategory":"Large Corporate","debtorAccountCurrency":"CAD","creditorBankCountry":"CA","IN_USERID":"Andrew23","initiationTime":"1259"}','PRD_OFRNG_EFT_001','PRD_OFRNG_ETRF_001','2021-02-22 00:00:00.000')
,(NULL,NULL,NULL,NULL,'{"instructedCurrency":"GBP","debtorAccount":"987654322","customerId":"PayFromAcc2","instructedAmount":"2424","valueDate":"21/04/2020","customerCategory": "Small Business","debtorAccountCurrency":"CAD","creditorBankCountry":"GBR","IN_USERID":"Andrew23","initiationTime":"1259"}','PRD_OFRNG_EFT_001','PRD_OFRNG_WIRE_001','2021-02-22 00:00:00.000')
,(NULL,NULL,NULL,NULL,'{"instructedCurrency":"USD","debtorAccount":"987654322","customerId":"PayFromAcc2","instructedAmount":"34222","valueDate":"21/04/2020","customerCategory":"Small Business","debtorAccountCurrency":"USD","creditorBankCountry":"US","IN_USERID":"Andrew23","initiationTime":"1259"}','PRD_OFRNG_EFT_001','PRD_OFRNG_ACH_001','2021-02-22 00:00:00.000')
,(NULL,NULL,NULL,NULL,'{"instructedCurrency":"CAD","debtorAccount":"987654322","customerId":"PayFromAcc2","instructedAmount":"24234","valueDate":"21/04/2020","customerCategory":"Large Corporate","debtorAccountCurrency":"CAD","creditorBankCountry":"CA","IN_USERID":"Andrew23","initiationTime":"1259"}','PRD_OFRNG_EFT_001','PRD_OFRNG_ETRF_001','2021-02-22 00:00:00.000')
;
INSERT INTO "CP".icp_recommendation_audit (api_gr_cp_reference_id,api_gr_channel_request_id,api_sr_channel_request_id,api_date_time,api_body,api_cp_recommendation,api_user_selection,alu_inserted_time) VALUES 
(NULL,NULL,NULL,NULL,'{"instructedCurrency":"USD","debtorAccount":"987654322","customerId":"PayFromAcc2","instructedAmount":"4535","valueDate":"21/04/2020","customerCategory": "Large Corporate","debtorAccountCurrency":"USD","creditorBankCountry":"US","IN_USERID":"Andrew23","initiationTime":"1259"}','PRD_OFRNG_EFT_001','PRD_OFRNG_ACH_001','2021-02-22 00:00:00.000')
,(NULL,NULL,NULL,NULL,'{"instructedCurrency":"CAD","debtorAccount":"987654322","customerId":"PayFromAcc2","instructedAmount":"4535","valueDate":"21/04/2020","customerCategory": "Small Business","debtorAccountCurrency":"CAD","creditorBankCountry":"CA","IN_USERID":"Andrew23","initiationTime":"1259"}','PRD_OFRNG_EFT_001','PRD_OFRNG_ETRF_001','2021-02-22 00:00:00.000')
,(NULL,NULL,NULL,NULL,'{"instructedCurrency":"USD","debtorAccount":"987654322","customerId":"PayFromAcc2","instructedAmount":"34234","valueDate":"21/04/2020","customerCategory":"Large Corporate","debtorAccountCurrency":"USD","creditorBankCountry":"CA","IN_USERID":"Andrew23","initiationTime":"1259"}','PRD_OFRNG_EFT_001','PRD_OFRNG_ACH_001','2021-02-22 00:00:00.000')
,(NULL,NULL,NULL,NULL,'{"instructedCurrency":"CAD","debtorAccount":"987654322","customerId":"PayFromAcc2","instructedAmount":"5543","valueDate":"21/04/2020","customerCategory": "Large Corporate","debtorAccountCurrency":"CAD","creditorBankCountry":"CA","IN_USERID":"Andrew23","initiationTime":"1259"}','PRD_OFRNG_EFT_001','PRD_OFRNG_ETRF_001','2021-02-22 00:00:00.000')
,(NULL,NULL,NULL,NULL,'{"instructedCurrency":"USD","debtorAccount":"987654322","customerId":"PayFromAcc2","instructedAmount":"24324","valueDate":"21/04/2020","customerCategory":"Large Corporate","debtorAccountCurrency":"USD","creditorBankCountry":"US","IN_USERID":"Andrew23","initiationTime":"1259"}','PRD_OFRNG_EFT_001','PRD_OFRNG_ACH_001','2021-02-22 00:00:00.000')
,(NULL,NULL,NULL,NULL,'{"instructedCurrency":"USD","debtorAccount":"987654322","customerId":"PayFromAcc2","instructedAmount":"43535","valueDate":"21/04/2020","customerCategory":"Small Business","debtorAccountCurrency":"USD","creditorBankCountry":"CA","IN_USERID":"Andrew23","initiationTime":"1259"}','PRD_OFRNG_EFT_001','PRD_OFRNG_ACH_001','2021-02-22 00:00:00.000')
,(NULL,NULL,NULL,NULL,'{"instructedCurrency":"GBP","debtorAccount":"987654322","customerId":"PayFromAcc2","instructedAmount":"13444","valueDate":"21/04/2020","customerCategory":"Small Business","debtorAccountCurrency":"CAD","creditorBankCountry":"GBR","IN_USERID":"Andrew23","initiationTime":"1259"}','PRD_OFRNG_EFT_001','PRD_OFRNG_WIRE_001','2021-02-22 00:00:00.000')
,(NULL,NULL,NULL,NULL,'{"instructedCurrency":"USD","debtorAccount":"987654322","customerId":"PayFromAcc2","instructedAmount":"455 ","valueDate":"21/04/2020","customerCategory": "Small Business","debtorAccountCurrency":"USD","creditorBankCountry":"US","IN_USERID":"Andrew23","initiationTime":"1259"}','PRD_OFRNG_EFT_001','PRD_OFRNG_WIRE_001','2021-02-22 00:00:00.000')
,(NULL,NULL,NULL,NULL,'{"instructedCurrency":"USD","debtorAccount":"987654322","customerId":"PayFromAcc2","instructedAmount":"4234","valueDate":"21/04/2020","customerCategory": "Small Business","debtorAccountCurrency":"USD","creditorBankCountry":"US","IN_USERID":"Andrew23","initiationTime":"1259"}','PRD_OFRNG_EFT_001','PRD_OFRNG_ACH_001','2021-02-22 00:00:00.000')
,(NULL,NULL,NULL,NULL,'{"instructedCurrency":"CAD","debtorAccount":"987654322","customerId":"PayFromAcc2","instructedAmount":"13123","valueDate":"21/04/2020","customerCategory":"Large Corporate","debtorAccountCurrency":"CAD","creditorBankCountry":"CA","IN_USERID":"Andrew23","initiationTime":"1259"}','PRD_OFRNG_EFT_001','PRD_OFRNG_ETRF_001','2021-02-22 00:00:00.000')
;
INSERT INTO "CP".icp_recommendation_audit (api_gr_cp_reference_id,api_gr_channel_request_id,api_sr_channel_request_id,api_date_time,api_body,api_cp_recommendation,api_user_selection,alu_inserted_time) VALUES 
(NULL,NULL,NULL,NULL,'{"instructedCurrency":"USD","debtorAccount":"987654322","customerId":"PayFromAcc2","instructedAmount":"453 ","valueDate":"21/04/2020","customerCategory": "Small Business","debtorAccountCurrency":"USD","creditorBankCountry":"CA","IN_USERID":"Andrew23","initiationTime":"1259"}','PRD_OFRNG_EFT_001','PRD_OFRNG_ACH_001','2021-02-22 00:00:00.000')
,(NULL,NULL,NULL,NULL,'{"instructedCurrency":"USD","debtorAccount":"987654322","customerId":"PayFromAcc2","instructedAmount":"4353","valueDate":"21/04/2020","customerCategory": "Small Business","debtorAccountCurrency":"USD","creditorBankCountry":"CA","IN_USERID":"Andrew23","initiationTime":"1259"}','PRD_OFRNG_EFT_001','PRD_OFRNG_ACH_001','2021-02-22 00:00:00.000')
,(NULL,NULL,NULL,NULL,'{"instructedCurrency":"USD","debtorAccount":"987654322","customerId":"PayFromAcc2","instructedAmount":"32435","valueDate":"21/04/2020","customerCategory":"Large Corporate","debtorAccountCurrency":"USD","creditorBankCountry":"US","IN_USERID":"Andrew23","initiationTime":"1259"}','PRD_OFRNG_EFT_001','PRD_OFRNG_ACH_001','2021-02-22 00:00:00.000')
,(NULL,NULL,NULL,NULL,'{"instructedCurrency":"GBP","debtorAccount":"987654322","customerId":"PayFromAcc2","instructedAmount":"23524","valueDate":"21/04/2020","customerCategory":"Small Business","debtorAccountCurrency":"CAD","creditorBankCountry":"GBR","IN_USERID":"Andrew23","initiationTime":"1259"}','PRD_OFRNG_EFT_001','PRD_OFRNG_WIRE_001','2021-02-22 00:00:00.000')
,(NULL,NULL,NULL,NULL,'{"instructedCurrency":"GBP","debtorAccount":"987654322","customerId":"PayFromAcc2","instructedAmount":"23423","valueDate":"21/04/2020","customerCategory":"Large Corporate","debtorAccountCurrency":"CAD","creditorBankCountry":"GBR","IN_USERID":"Andrew23","initiationTime":"1259"}','PRD_OFRNG_EFT_001','PRD_OFRNG_WIRE_001','2021-02-22 00:00:00.000')
,(NULL,NULL,NULL,NULL,'{"instructedCurrency":"CAD","debtorAccount":"987654322","customerId":"PayFromAcc2","instructedAmount":"3243","valueDate":"21/04/2020","customerCategory": "Small Business","debtorAccountCurrency":"CAD","creditorBankCountry":"CA","IN_USERID":"Andrew23","initiationTime":"1259"}','PRD_OFRNG_EFT_001','PRD_OFRNG_WIRE_001','2021-02-22 00:00:00.000')
,(NULL,NULL,NULL,NULL,'{"instructedCurrency":"GBP","debtorAccount":"987654322","customerId":"PayFromAcc2","instructedAmount":"45435","valueDate":"21/04/2020","customerCategory":"Small Business","debtorAccountCurrency":"CAD","creditorBankCountry":"GBR","IN_USERID":"Andrew23","initiationTime":"1259"}','PRD_OFRNG_EFT_001','PRD_OFRNG_WIRE_001','2021-02-22 00:00:00.000')
,(NULL,NULL,NULL,NULL,'{"instructedCurrency":"CAD","debtorAccount":"987654322","customerId":"PayFromAcc2","instructedAmount":"2342","valueDate":"21/04/2020","customerCategory": "Small Business","debtorAccountCurrency":"CAD","creditorBankCountry":"CA","IN_USERID":"Andrew23","initiationTime":"1259"}','PRD_OFRNG_EFT_001','PRD_OFRNG_WIRE_001','2021-02-22 00:00:00.000')
,(NULL,NULL,NULL,NULL,'{"instructedCurrency":"AUD","debtorAccount":"987654322","customerId":"PayFromAcc2","instructedAmount":"53533","valueDate":"21/04/2020","customerCategory":"Large Corporate","debtorAccountCurrency":"USD","creditorBankCountry":"AUS","IN_USERID":"Andrew23","initiationTime":"1259"}','PRD_OFRNG_EFT_001','PRD_OFRNG_WIRE_001','2021-02-22 00:00:00.000')
,(NULL,NULL,NULL,NULL,'{"instructedCurrency":"AUD","debtorAccount":"987654322","customerId":"PayFromAcc2","instructedAmount":"34534","valueDate":"21/04/2020","customerCategory":"Small Business","debtorAccountCurrency":"CAD","creditorBankCountry":"AUS","IN_USERID":"Andrew23","initiationTime":"1259"}','PRD_OFRNG_EFT_001','PRD_OFRNG_WIRE_001','2021-02-22 00:00:00.000')
;
INSERT INTO "CP".icp_recommendation_audit (api_gr_cp_reference_id,api_gr_channel_request_id,api_sr_channel_request_id,api_date_time,api_body,api_cp_recommendation,api_user_selection,alu_inserted_time) VALUES 
(NULL,NULL,NULL,NULL,'{"instructedCurrency":"GBP","debtorAccount":"987654322","customerId":"PayFromAcc2","instructedAmount":"4535","valueDate":"21/04/2020","customerCategory": "Small Business","debtorAccountCurrency":"CAD","creditorBankCountry":"GBR","IN_USERID":"Andrew23","initiationTime":"1259"}','PRD_OFRNG_EFT_001','PRD_OFRNG_WIRE_001','2021-02-22 00:00:00.000')
,(NULL,NULL,NULL,NULL,'{"instructedCurrency":"GBP","debtorAccount":"987654322","customerId":"PayFromAcc2","instructedAmount":"35353","valueDate":"21/04/2020","customerCategory":"Small Business","debtorAccountCurrency":"CAD","creditorBankCountry":"GBR","IN_USERID":"Andrew23","initiationTime":"1259"}','PRD_OFRNG_EFT_001','PRD_OFRNG_WIRE_001','2021-02-22 00:00:00.000')
,(NULL,NULL,NULL,NULL,'{"instructedCurrency":"GBP","debtorAccount":"987654322","customerId":"PayFromAcc2","instructedAmount":"24255","valueDate":"21/04/2020","customerCategory":"Small Business","debtorAccountCurrency":"CAD","creditorBankCountry":"GBR","IN_USERID":"Andrew23","initiationTime":"1259"}','PRD_OFRNG_EFT_001','PRD_OFRNG_WIRE_001','2021-02-22 00:00:00.000')
,(NULL,NULL,NULL,NULL,'{"instructedCurrency":"GBP","debtorAccount":"987654322","customerId":"PayFromAcc2","instructedAmount":"88881","valueDate":"21/04/2020","customerCategory":"Large Corporate","debtorAccountCurrency":"CAD","creditorBankCountry":"GBR","IN_USERID":"Andrew23","initiationTime":"1259"}','PRD_OFRNG_EFT_001','PRD_OFRNG_WIRE_001','2021-02-22 00:00:00.000')
,(NULL,NULL,NULL,NULL,'{"instructedCurrency":"CAD","debtorAccount":"987654322","customerId":"PayFromAcc2","instructedAmount":"23424","valueDate":"21/04/2020","customerCategory":"Small Business","debtorAccountCurrency":"CAD","creditorBankCountry":"CA","IN_USERID":"Andrew23","initiationTime":"1259"}','PRD_OFRNG_EFT_001','PRD_OFRNG_ETRF_001','2021-02-22 00:00:00.000')
,(NULL,NULL,NULL,NULL,'{"instructedCurrency":"USD","debtorAccount":"987654322","customerId":"PayFromAcc2","instructedAmount":"45353","valueDate":"21/04/2020","customerCategory":"Small Business","debtorAccountCurrency":"USD","creditorBankCountry":"US","IN_USERID":"Andrew23","initiationTime":"1259"}','PRD_OFRNG_EFT_001','PRD_OFRNG_ACH_001','2021-02-22 00:00:00.000')
,(NULL,NULL,NULL,NULL,'{"instructedCurrency":"AUD","debtorAccount":"987654322","customerId":"PayFromAcc2","instructedAmount":"34345","valueDate":"21/04/2020","customerCategory":"Small Business","debtorAccountCurrency":"USD","creditorBankCountry":"AUS","IN_USERID":"Andrew23","initiationTime":"1259"}','PRD_OFRNG_EFT_001','PRD_OFRNG_WIRE_001','2021-02-22 00:00:00.000')
,(NULL,NULL,NULL,NULL,'{"instructedCurrency":"GBP","debtorAccount":"987654322","customerId":"PayFromAcc2","instructedAmount":"5345","valueDate":"21/04/2020","customerCategory": "Small Business","debtorAccountCurrency":"CAD","creditorBankCountry":"GBR","IN_USERID":"Andrew23","initiationTime":"1259"}','PRD_OFRNG_EFT_001','PRD_OFRNG_WIRE_001','2021-02-22 00:00:00.000')
,(NULL,NULL,NULL,NULL,'{"instructedCurrency":"CAD","debtorAccount":"987654322","customerId":"PayFromAcc2","instructedAmount":"42424","valueDate":"21/04/2020","customerCategory":"Small Business","debtorAccountCurrency":"CAD","creditorBankCountry":"CA","IN_USERID":"Andrew23","initiationTime":"1259"}','PRD_OFRNG_EFT_001','PRD_OFRNG_EFT_001','2021-02-22 00:00:00.000')
,(NULL,NULL,NULL,NULL,'{"instructedCurrency":"USD","debtorAccount":"987654322","customerId":"PayFromAcc2","instructedAmount":"67475","valueDate":"21/04/2020","customerCategory":"Large Corporate","debtorAccountCurrency":"USD","creditorBankCountry":"CA","IN_USERID":"Andrew23","initiationTime":"1259"}','PRD_OFRNG_EFT_001','PRD_OFRNG_ACH_001','2021-02-22 00:00:00.000')
;
INSERT INTO "CP".icp_recommendation_audit (api_gr_cp_reference_id,api_gr_channel_request_id,api_sr_channel_request_id,api_date_time,api_body,api_cp_recommendation,api_user_selection,alu_inserted_time) VALUES 
(NULL,NULL,NULL,NULL,'{"instructedCurrency":"CAD","debtorAccount":"987654322","customerId":"PayFromAcc2","instructedAmount":"98979","valueDate":"21/04/2020","customerCategory":"Large Corporate","debtorAccountCurrency":"CAD","creditorBankCountry":"CA","IN_USERID":"Andrew23","initiationTime":"1259"}','PRD_OFRNG_EFT_001','PRD_OFRNG_EFT_001','2021-02-22 00:00:00.000')
,(NULL,NULL,NULL,NULL,'{"instructedCurrency":"CAD","debtorAccount":"987654322","customerId":"PayFromAcc2","instructedAmount":"67890","valueDate":"21/04/2020","customerCategory":"Large Corporate","debtorAccountCurrency":"CAD","creditorBankCountry":"CA","IN_USERID":"Andrew23","initiationTime":"1259"}','PRD_OFRNG_EFT_001','PRD_OFRNG_WIRE_001','2021-02-22 00:00:00.000')
,(NULL,NULL,NULL,NULL,'{"instructedCurrency":"GBP","debtorAccount":"987654322","customerId":"PayFromAcc2","instructedAmount":"5724","valueDate":"21/04/2020","customerCategory": "Large Corporate","debtorAccountCurrency":"CAD","creditorBankCountry":"GBR","IN_USERID":"Andrew23","initiationTime":"1259"}','PRD_OFRNG_EFT_001','PRD_OFRNG_WIRE_001','2021-02-22 00:00:00.000')
,(NULL,NULL,NULL,NULL,'{"instructedCurrency":"CAD","debtorAccount":"987654322","customerId":"PayFromAcc2","instructedAmount":"23098","valueDate":"21/04/2020","customerCategory":"Small Business","debtorAccountCurrency":"CAD","creditorBankCountry":"CA","IN_USERID":"Andrew23","initiationTime":"1259"}','PRD_OFRNG_EFT_001','PRD_OFRNG_WIRE_001','2021-02-22 00:00:00.000')
,(NULL,NULL,NULL,NULL,'{"instructedCurrency":"USD","debtorAccount":"987654322","customerId":"PayFromAcc2","instructedAmount":"34570","valueDate":"21/04/2020","customerCategory":"Small Business","debtorAccountCurrency":"USD","creditorBankCountry":"US","IN_USERID":"Andrew23","initiationTime":"1259"}','PRD_OFRNG_EFT_001','PRD_OFRNG_ACH_001','2021-02-22 00:00:00.000')
,(NULL,NULL,NULL,NULL,'{"instructedCurrency":"AUD","debtorAccount":"987654322","customerId":"PayFromAcc2","instructedAmount":"48340","valueDate":"21/04/2020","customerCategory":"Large Corporate","debtorAccountCurrency":"CAD","creditorBankCountry":"AUS","IN_USERID":"Andrew23","initiationTime":"1259"}','PRD_OFRNG_EFT_001','PRD_OFRNG_WIRE_001','2021-02-22 00:00:00.000')
,(NULL,NULL,NULL,NULL,'{"instructedCurrency":"USD","debtorAccount":"987654322","customerId":"PayFromAcc2","instructedAmount":"44800","valueDate":"21/04/2020","customerCategory":"Small Business","debtorAccountCurrency":"USD","creditorBankCountry":"US","IN_USERID":"Andrew23","initiationTime":"1259"}','PRD_OFRNG_EFT_001','PRD_OFRNG_ACH_001','2021-02-22 00:00:00.000')
,(NULL,NULL,NULL,NULL,'{"instructedCurrency":"USD","debtorAccount":"987654322","customerId":"PayFromAcc2","instructedAmount":"77600","valueDate":"21/04/2020","customerCategory":"Small Business","debtorAccountCurrency":"USD","creditorBankCountry":"US","IN_USERID":"Andrew23","initiationTime":"1259"}','PRD_OFRNG_EFT_001','PRD_OFRNG_WIRE_001','2021-02-22 00:00:00.000')
,(NULL,NULL,NULL,NULL,'{"instructedCurrency":"AUD","debtorAccount":"987654322","customerId":"PayFromAcc2","instructedAmount":"41760","valueDate":"21/04/2020","customerCategory":"Small Business","debtorAccountCurrency":"USD","creditorBankCountry":"AUS","IN_USERID":"Andrew23","initiationTime":"1259"}','PRD_OFRNG_EFT_001','PRD_OFRNG_WIRE_001','2021-02-22 00:00:00.000')
,(NULL,NULL,NULL,NULL,'{"instructedCurrency":"USD","debtorAccount":"987654322","customerId":"PayFromAcc2","instructedAmount":"54000","valueDate":"21/04/2020","customerCategory":"Small Business","debtorAccountCurrency":"USD","creditorBankCountry":"US","IN_USERID":"Andrew23","initiationTime":"1259"}','PRD_OFRNG_EFT_001','PRD_OFRNG_ACH_001','2021-02-22 00:00:00.000')
;
INSERT INTO "CP".icp_recommendation_audit (api_gr_cp_reference_id,api_gr_channel_request_id,api_sr_channel_request_id,api_date_time,api_body,api_cp_recommendation,api_user_selection,alu_inserted_time) VALUES 
(NULL,NULL,NULL,NULL,'{"instructedCurrency":"CAD","debtorAccount":"987654322","customerId":"PayFromAcc2","instructedAmount":"34000","valueDate":"21/04/2020","customerCategory":"Small Business","debtorAccountCurrency":"USD","creditorBankCountry":"CA","IN_USERID":"Andrew23","initiationTime":"1259"}','PRD_OFRNG_EFT_001','PRD_OFRNG_WIRE_001','2021-02-22 00:00:00.000')
,(NULL,NULL,NULL,NULL,'{"instructedCurrency":"GBP","debtorAccount":"987654322","customerId":"PayFromAcc2","instructedAmount":"45000","valueDate":"21/04/2020","customerCategory":"Small Business","debtorAccountCurrency":"CAD","creditorBankCountry":"GBR","IN_USERID":"Andrew23","initiationTime":"1259"}','PRD_OFRNG_EFT_001','PRD_OFRNG_WIRE_001','2021-02-22 00:00:00.000')
,(NULL,NULL,NULL,NULL,'{"instructedCurrency":"GBP","debtorAccount":"987654322","customerId":"PayFromAcc2","instructedAmount":"78000","valueDate":"21/04/2020","customerCategory":"Large Corporate","debtorAccountCurrency":"CAD","creditorBankCountry":"GBR","IN_USERID":"Andrew23","initiationTime":"1259"}','PRD_OFRNG_EFT_001','PRD_OFRNG_WIRE_001','2021-02-22 00:00:00.000')
,(NULL,NULL,NULL,NULL,'{"instructedCurrency":"USD","debtorAccount":"987654322","customerId":"PayFromAcc2","instructedAmount":"19008","valueDate":"21/04/2020","customerCategory":"Small Business","debtorAccountCurrency":"USD","creditorBankCountry":"US","IN_USERID":"Andrew23","initiationTime":"1259"}','PRD_OFRNG_EFT_001','PRD_OFRNG_ACH_001','2021-02-22 00:00:00.000')
,(NULL,NULL,NULL,NULL,'{"instructedCurrency":"CAD","debtorAccount":"987654322","customerId":"PayFromAcc2","instructedAmount":"61320","valueDate":"21/04/2020","customerCategory":"Small Business","debtorAccountCurrency":"CAD","creditorBankCountry":"CA","IN_USERID":"Andrew23","initiationTime":"1259"}','PRD_OFRNG_EFT_001','PRD_OFRNG_WIRE_001','2021-02-22 00:00:00.000')
,(NULL,NULL,NULL,NULL,'{"instructedCurrency":"AUD","debtorAccount":"987654322","customerId":"PayFromAcc2","instructedAmount":"74730","valueDate":"21/04/2020","customerCategory":"Small Business","debtorAccountCurrency":"CAD","creditorBankCountry":"AUS","IN_USERID":"Andrew23","initiationTime":"1259"}','PRD_OFRNG_EFT_001','PRD_OFRNG_WIRE_001','2021-02-22 00:00:00.000')
,(NULL,NULL,NULL,NULL,'{"instructedCurrency":"GBP","debtorAccount":"987654322","customerId":"PayFromAcc2","instructedAmount":"71820","valueDate":"21/04/2020","customerCategory":"Large Corporate","debtorAccountCurrency":"CAD","creditorBankCountry":"GBR","IN_USERID":"Andrew23","initiationTime":"1259"}','PRD_OFRNG_EFT_001','PRD_OFRNG_WIRE_001','2021-02-22 00:00:00.000')
,(NULL,NULL,NULL,NULL,'{"instructedCurrency":"CAD","debtorAccount":"987654322","customerId":"PayFromAcc2","instructedAmount":"54600","valueDate":"21/04/2020","customerCategory":"Small Business","debtorAccountCurrency":"CAD","creditorBankCountry":"CA","IN_USERID":"Andrew23","initiationTime":"1259"}','PRD_OFRNG_EFT_001','PRD_OFRNG_WIRE_001','2021-02-22 00:00:00.000')
,(NULL,NULL,NULL,NULL,'{"instructedCurrency":"USD","debtorAccount":"987654322","customerId":"PayFromAcc2","instructedAmount":"45075","valueDate":"21/04/2020","customerCategory":"Small Business","debtorAccountCurrency":"USD","creditorBankCountry":"US","IN_USERID":"Andrew23","initiationTime":"1259"}','PRD_OFRNG_EFT_001','PRD_OFRNG_ACH_001','2021-02-22 00:00:00.000')
,(NULL,NULL,NULL,NULL,'{"instructedCurrency":"AUD","debtorAccount":"987654322","customerId":"PayFromAcc2","instructedAmount":"67000","valueDate":"21/04/2020","customerCategory":"Small Business","debtorAccountCurrency":"USD","creditorBankCountry":"AUS","IN_USERID":"Andrew23","initiationTime":"1259"}','PRD_OFRNG_EFT_001','PRD_OFRNG_WIRE_001','2021-02-22 00:00:00.000')
;
INSERT INTO "CP".icp_recommendation_audit (api_gr_cp_reference_id,api_gr_channel_request_id,api_sr_channel_request_id,api_date_time,api_body,api_cp_recommendation,api_user_selection,alu_inserted_time) VALUES 
(NULL,NULL,NULL,NULL,'{"instructedCurrency":"USD","debtorAccount":"987654322","customerId":"PayFromAcc2","instructedAmount":"73800","valueDate":"21/04/2020","customerCategory":"Small Business","debtorAccountCurrency":"USD","creditorBankCountry":"US","IN_USERID":"Andrew23","initiationTime":"1259"}','PRD_OFRNG_EFT_001','PRD_OFRNG_ACH_001','2021-02-22 00:00:00.000')
,(NULL,NULL,NULL,NULL,'{"instructedCurrency":"USD","debtorAccount":"987654322","customerId":"PayFromAcc2","instructedAmount":"36575","valueDate":"21/04/2020","customerCategory":"Small Business","debtorAccountCurrency":"USD","creditorBankCountry":"CA","IN_USERID":"Andrew23","initiationTime":"1259"}','PRD_OFRNG_EFT_001','PRD_OFRNG_WIRE_001','2021-02-22 00:00:00.000')
,(NULL,NULL,NULL,NULL,'{"instructedCurrency":"AUD","debtorAccount":"987654322","customerId":"PayFromAcc2","instructedAmount":"60000","valueDate":"21/04/2020","customerCategory":"Small Business","debtorAccountCurrency":"USD","creditorBankCountry":"AUS","IN_USERID":"Andrew23","initiationTime":"1259"}','PRD_OFRNG_EFT_001','PRD_OFRNG_WIRE_001','2021-02-22 00:00:00.000')
,(NULL,NULL,NULL,NULL,'{"instructedCurrency":"CAD","debtorAccount":"987654322","customerId":"PayFromAcc2","instructedAmount":"22000","valueDate":"21/04/2020","customerCategory":"Large Corporate","debtorAccountCurrency":"CAD","creditorBankCountry":"CA","IN_USERID":"Andrew23","initiationTime":"1259"}','PRD_OFRNG_EFT_001','PRD_OFRNG_ETRF_001','2021-02-22 00:00:00.000')
,(NULL,NULL,NULL,NULL,'{"instructedCurrency":"CAD","debtorAccount":"987654322","customerId":"PayFromAcc2","instructedAmount":"33200","valueDate":"21/04/2020","customerCategory":"Small Business","debtorAccountCurrency":"CAD","creditorBankCountry":"CA","IN_USERID":"Andrew23","initiationTime":"1259"}','PRD_OFRNG_EFT_001','PRD_OFRNG_EFT_001','2021-02-22 00:00:00.000')
,(NULL,NULL,NULL,NULL,'{"instructedCurrency":"CAD","debtorAccount":"987654322","customerId":"PayFromAcc2","instructedAmount":"19590","valueDate":"21/04/2020","customerCategory":"Small Business","debtorAccountCurrency":"USD","creditorBankCountry":"CA","IN_USERID":"Andrew23","initiationTime":"1259"}','PRD_OFRNG_EFT_001','PRD_OFRNG_WIRE_001','2021-02-22 00:00:00.000')
,(NULL,NULL,NULL,NULL,'{"instructedCurrency":"CAD","debtorAccount":"987654322","customerId":"PayFromAcc2","instructedAmount":"12450","valueDate":"21/04/2020","customerCategory":"Small Business","debtorAccountCurrency":"CAD","creditorBankCountry":"CA","IN_USERID":"Andrew23","initiationTime":"1259"}','PRD_OFRNG_EFT_001','PRD_OFRNG_EFT_001','2021-02-22 00:00:00.000')
,(NULL,NULL,NULL,NULL,'{"instructedCurrency":"USD","debtorAccount":"987654322","customerId":"PayFromAcc2","instructedAmount":"34880","valueDate":"21/04/2020","customerCategory":"Small Business","debtorAccountCurrency":"USD","creditorBankCountry":"US","IN_USERID":"Andrew23","initiationTime":"1259"}','PRD_OFRNG_EFT_001','PRD_OFRNG_ACH_001','2021-02-22 00:00:00.000')
,(NULL,NULL,NULL,NULL,'{"instructedCurrency":"CAD","debtorAccount":"987654322","customerId":"PayFromAcc2","instructedAmount":"14500","valueDate":"21/04/2020","customerCategory":"Large Corporate","debtorAccountCurrency":"CAD","creditorBankCountry":"CA","IN_USERID":"Andrew23","initiationTime":"1259"}','PRD_OFRNG_EFT_001','PRD_OFRNG_ETRF_001','2021-02-22 00:00:00.000')
,(NULL,NULL,NULL,NULL,'{"instructedCurrency":"USD","debtorAccount":"987654322","customerId":"PayFromAcc2","instructedAmount":"76000","valueDate":"21/04/2020","customerCategory":"Small Business","debtorAccountCurrency":"USD","creditorBankCountry":"US","IN_USERID":"Andrew23","initiationTime":"1259"}','PRD_OFRNG_EFT_001','PRD_OFRNG_WIRE_001','2021-02-22 00:00:00.000')
;
INSERT INTO "CP".icp_recommendation_audit (api_gr_cp_reference_id,api_gr_channel_request_id,api_sr_channel_request_id,api_date_time,api_body,api_cp_recommendation,api_user_selection,alu_inserted_time) VALUES 
(NULL,NULL,NULL,NULL,'{"instructedCurrency":"GBP","debtorAccount":"987654322","customerId":"PayFromAcc2","instructedAmount":"63000","valueDate":"21/04/2020","customerCategory":"Small Business","debtorAccountCurrency":"CAD","creditorBankCountry":"GBR","IN_USERID":"Andrew23","initiationTime":"1259"}','PRD_OFRNG_EFT_001','PRD_OFRNG_WIRE_001','2021-02-22 00:00:00.000')
,(NULL,NULL,NULL,NULL,'{"instructedCurrency":"CAD","debtorAccount":"987654322","customerId":"PayFromAcc2","instructedAmount":"34000","valueDate":"21/04/2020","customerCategory":"Small Business","debtorAccountCurrency":"CAD","creditorBankCountry":"CA","IN_USERID":"Andrew23","initiationTime":"1259"}','PRD_OFRNG_EFT_001','PRD_OFRNG_EFT_001','2021-02-22 00:00:00.000')
,(NULL,NULL,NULL,NULL,'{"instructedCurrency":"USD","debtorAccount":"987654322","customerId":"PayFromAcc2","instructedAmount":"61000","valueDate":"21/04/2020","customerCategory":"Small Business","debtorAccountCurrency":"USD","creditorBankCountry":"US","IN_USERID":"Andrew23","initiationTime":"1259"}','PRD_OFRNG_EFT_001','PRD_OFRNG_ACH_001','2021-02-22 00:00:00.000')
,(NULL,NULL,NULL,NULL,'{"instructedCurrency":"GBP","debtorAccount":"987654322","customerId":"PayFromAcc2","instructedAmount":"87900","valueDate":"21/04/2020","customerCategory":"Small Business","debtorAccountCurrency":"CAD","creditorBankCountry":"GBR","IN_USERID":"Andrew23","initiationTime":"1259"}','PRD_OFRNG_EFT_001','PRD_OFRNG_WIRE_001','2021-02-22 00:00:00.000')
,(NULL,NULL,NULL,NULL,'{"instructedCurrency":"AUD","debtorAccount":"987654322","customerId":"PayFromAcc2","instructedAmount":"31200","valueDate":"21/04/2020","customerCategory":"Small Business","debtorAccountCurrency":"CAD","creditorBankCountry":"AUS","IN_USERID":"Andrew23","initiationTime":"1259"}','PRD_OFRNG_EFT_001','PRD_OFRNG_WIRE_001','2021-02-22 00:00:00.000')
,(NULL,NULL,NULL,NULL,'{"instructedCurrency":"CAD","debtorAccount":"987654322","customerId":"PayFromAcc2","instructedAmount":"34000","valueDate":"21/04/2020","customerCategory":"Large Corporate","debtorAccountCurrency":"CAD","creditorBankCountry":"CA","IN_USERID":"Andrew23","initiationTime":"1259"}','PRD_OFRNG_EFT_001','PRD_OFRNG_EFT_001','2021-02-22 00:00:00.000')
,(NULL,NULL,NULL,NULL,'{"instructedCurrency":"GBP","debtorAccount":"987654322","customerId":"PayFromAcc2","instructedAmount":"43500","valueDate":"21/04/2020","customerCategory":"Small Business","debtorAccountCurrency":"CAD","creditorBankCountry":"GBR","IN_USERID":"Andrew23","initiationTime":"1259"}','PRD_OFRNG_EFT_001','PRD_OFRNG_WIRE_001','2021-02-22 00:00:00.000')
,(NULL,NULL,NULL,NULL,'{"instructedCurrency":"GBP","debtorAccount":"987654322","customerId":"PayFromAcc2","instructedAmount":"13860","valueDate":"21/04/2020","customerCategory":"Small Business","debtorAccountCurrency":"CAD","creditorBankCountry":"GBR","IN_USERID":"Andrew23","initiationTime":"1259"}','PRD_OFRNG_EFT_001','PRD_OFRNG_WIRE_001','2021-02-22 00:00:00.000')
,(NULL,NULL,NULL,NULL,'{"instructedCurrency":"CAD","debtorAccount":"987654322","customerId":"PayFromAcc2","instructedAmount":"10240","valueDate":"21/04/2020","customerCategory":"Large Corporate","debtorAccountCurrency":"CAD","creditorBankCountry":"CA","IN_USERID":"Andrew23","initiationTime":"1259"}','PRD_OFRNG_EFT_001','PRD_OFRNG_ETRF_001','2021-02-22 00:00:00.000')
,(NULL,NULL,NULL,NULL,'{"instructedCurrency":"CAD","debtorAccount":"987654322","customerId":"PayFromAcc2","instructedAmount":"1450","valueDate":"21/04/2020","customerCategory": "Small Business","debtorAccountCurrency":"CAD","creditorBankCountry":"CA","IN_USERID":"Andrew23","initiationTime":"1259"}','PRD_OFRNG_EFT_001','PRD_OFRNG_ETRF_001','2021-02-22 00:00:00.000')
;
INSERT INTO "CP".icp_recommendation_audit (api_gr_cp_reference_id,api_gr_channel_request_id,api_sr_channel_request_id,api_date_time,api_body,api_cp_recommendation,api_user_selection,alu_inserted_time) VALUES 
(NULL,NULL,NULL,NULL,'{"instructedCurrency":"AUD","debtorAccount":"987654322","customerId":"PayFromAcc2","instructedAmount":"40900","valueDate":"21/04/2020","customerCategory":"Small Business","debtorAccountCurrency":"CAD","creditorBankCountry":"AUS","IN_USERID":"Andrew23","initiationTime":"1259"}','PRD_OFRNG_EFT_001','PRD_OFRNG_WIRE_001','2021-02-22 00:00:00.000')
,(NULL,NULL,NULL,NULL,'{"instructedCurrency":"CAD","debtorAccount":"987654322","customerId":"PayFromAcc2","instructedAmount":"8643","valueDate":"21/04/2020","customerCategory": "Large Corporate","debtorAccountCurrency":"CAD","creditorBankCountry":"CA","IN_USERID":"Andrew23","initiationTime":"1259"}','PRD_OFRNG_EFT_001','PRD_OFRNG_ETRF_001','2021-02-22 00:00:00.000')
,(NULL,NULL,NULL,NULL,'{"instructedCurrency":"CAD","debtorAccount":"987654322","customerId":"PayFromAcc2","instructedAmount":"88618","valueDate":"21/04/2020","customerCategory":"Small Business","debtorAccountCurrency":"CAD","creditorBankCountry":"CA","IN_USERID":"Andrew23","initiationTime":"1259"}','PRD_OFRNG_EFT_001','PRD_OFRNG_EFT_001','2021-02-22 00:00:00.000')
,(NULL,NULL,NULL,NULL,'{"instructedCurrency":"CAD","debtorAccount":"987654322","customerId":"PayFromAcc2","instructedAmount":"35670","valueDate":"21/04/2020","customerCategory":"Small Business","debtorAccountCurrency":"CAD","creditorBankCountry":"CA","IN_USERID":"Andrew23","initiationTime":"1259"}','PRD_OFRNG_EFT_001','PRD_OFRNG_EFT_001','2021-02-22 00:00:00.000')
,(NULL,NULL,NULL,NULL,'{"instructedCurrency":"USD","debtorAccount":"987654322","customerId":"PayFromAcc2","instructedAmount":"12480","valueDate":"21/04/2020","customerCategory":"Small Business","debtorAccountCurrency":"USD","creditorBankCountry":"US","IN_USERID":"Andrew23","initiationTime":"1259"}','PRD_OFRNG_EFT_001','PRD_OFRNG_ACH_001','2021-02-22 00:00:00.000')
,(NULL,NULL,NULL,NULL,'{"instructedCurrency":"GBP","debtorAccount":"987654322","customerId":"PayFromAcc2","instructedAmount":"26700","valueDate":"21/04/2020","customerCategory":"Small Business","debtorAccountCurrency":"CAD","creditorBankCountry":"GBR","IN_USERID":"Andrew23","initiationTime":"1259"}','PRD_OFRNG_EFT_001','PRD_OFRNG_WIRE_001','2021-02-22 00:00:00.000')
,(NULL,NULL,NULL,NULL,'{"instructedCurrency":"CAD","debtorAccount":"987654322","customerId":"PayFromAcc2","instructedAmount":"15628","valueDate":"21/04/2020","customerCategory":"Small Business","debtorAccountCurrency":"USD","creditorBankCountry":"CA","IN_USERID":"Andrew23","initiationTime":"1259"}','PRD_OFRNG_EFT_001','PRD_OFRNG_WIRE_001','2021-02-22 00:00:00.000')
,(NULL,NULL,NULL,NULL,'{"instructedCurrency":"CAD","debtorAccount":"987654322","customerId":"PayFromAcc2","instructedAmount":"46700","valueDate":"21/04/2020","customerCategory":"Small Business","debtorAccountCurrency":"CAD","creditorBankCountry":"CA","IN_USERID":"Andrew23","initiationTime":"1259"}','PRD_OFRNG_EFT_001','PRD_OFRNG_EFT_001','2021-02-22 00:00:00.000')
,(NULL,NULL,NULL,NULL,'{"instructedCurrency":"GBP","debtorAccount":"987654322","customerId":"PayFromAcc2","instructedAmount":"67800","valueDate":"21/04/2020","customerCategory":"Small Business","debtorAccountCurrency":"CAD","creditorBankCountry":"GBR","IN_USERID":"Andrew23","initiationTime":"1259"}','PRD_OFRNG_EFT_001','PRD_OFRNG_WIRE_001','2021-02-22 00:00:00.000')
,(NULL,NULL,NULL,NULL,'{"instructedCurrency":"USD","debtorAccount":"987654322","customerId":"PayFromAcc2","instructedAmount":"38114","valueDate":"21/04/2020","customerCategory":"Large Corporate","debtorAccountCurrency":"USD","creditorBankCountry":"US","IN_USERID":"Andrew23","initiationTime":"1259"}','PRD_OFRNG_EFT_001','PRD_OFRNG_ACH_001','2021-02-22 00:00:00.000')
;
INSERT INTO "CP".icp_recommendation_audit (api_gr_cp_reference_id,api_gr_channel_request_id,api_sr_channel_request_id,api_date_time,api_body,api_cp_recommendation,api_user_selection,alu_inserted_time) VALUES 
(NULL,NULL,NULL,NULL,'{"instructedCurrency":"USD","debtorAccount":"987654322","customerId":"PayFromAcc2","instructedAmount":"51600","valueDate":"21/04/2020","customerCategory":"Large Corporate","debtorAccountCurrency":"USD","creditorBankCountry":"CA","IN_USERID":"Andrew23","initiationTime":"1259"}','PRD_OFRNG_EFT_001','PRD_OFRNG_ACH_001','2021-02-22 00:00:00.000')
,(NULL,NULL,NULL,NULL,'{"instructedCurrency":"CAD","debtorAccount":"987654322","customerId":"PayFromAcc2","instructedAmount":"19000","valueDate":"21/04/2020","customerCategory":"Large Corporate","debtorAccountCurrency":"CAD","creditorBankCountry":"CA","IN_USERID":"Andrew23","initiationTime":"1259"}','PRD_OFRNG_EFT_001','PRD_OFRNG_ETRF_001','2021-02-22 00:00:00.000')
,(NULL,NULL,NULL,NULL,'{"instructedCurrency":"CAD","debtorAccount":"987654322","customerId":"PayFromAcc2","instructedAmount":"16605","valueDate":"21/04/2020","customerCategory":"Large Corporate","debtorAccountCurrency":"CAD","creditorBankCountry":"CA","IN_USERID":"Andrew23","initiationTime":"1259"}','PRD_OFRNG_EFT_001','PRD_OFRNG_ETRF_001','2021-02-22 00:00:00.000')
,(NULL,NULL,NULL,NULL,'{"instructedCurrency":"AUD","debtorAccount":"987654322","customerId":"PayFromAcc2","instructedAmount":"24590","valueDate":"21/04/2020","customerCategory":"Large Corporate","debtorAccountCurrency":"USD","creditorBankCountry":"AUS","IN_USERID":"Andrew23","initiationTime":"1259"}','PRD_OFRNG_EFT_001','PRD_OFRNG_WIRE_001','2021-02-22 00:00:00.000')
,(NULL,NULL,NULL,NULL,'{"instructedCurrency":"CAD","debtorAccount":"987654322","customerId":"PayFromAcc2","instructedAmount":"77500","valueDate":"21/04/2020","customerCategory":"Small Business","debtorAccountCurrency":"USD","creditorBankCountry":"CA","IN_USERID":"Andrew23","initiationTime":"1259"}','PRD_OFRNG_EFT_001','PRD_OFRNG_WIRE_001','2021-02-22 00:00:00.000')
,(NULL,NULL,NULL,NULL,'{"instructedCurrency":"USD","debtorAccount":"987654322","customerId":"PayFromAcc2","instructedAmount":"27500","valueDate":"21/04/2020","customerCategory":"Small Business","debtorAccountCurrency":"USD","creditorBankCountry":"US","IN_USERID":"Andrew23","initiationTime":"1259"}','PRD_OFRNG_EFT_001','PRD_OFRNG_ACH_001','2021-02-22 00:00:00.000')
,(NULL,NULL,NULL,NULL,'{"instructedCurrency":"GBP","debtorAccount":"987654322","customerId":"PayFromAcc2","instructedAmount":"39507","valueDate":"21/04/2020","customerCategory":"Large Corporate","debtorAccountCurrency":"CAD","creditorBankCountry":"GBR","IN_USERID":"Andrew23","initiationTime":"1259"}','PRD_OFRNG_EFT_001','PRD_OFRNG_WIRE_001','2021-02-22 00:00:00.000')
,(NULL,NULL,NULL,NULL,'{"instructedCurrency":"GBP","debtorAccount":"987654322","customerId":"PayFromAcc2","instructedAmount":"45700","valueDate":"21/04/2020","customerCategory":"Large Corporate","debtorAccountCurrency":"CAD","creditorBankCountry":"GBR","IN_USERID":"Andrew23","initiationTime":"1259"}','PRD_OFRNG_EFT_001','PRD_OFRNG_WIRE_001','2021-02-22 00:00:00.000')
,(NULL,NULL,NULL,NULL,'{"instructedCurrency":"AUD","debtorAccount":"987654322","customerId":"PayFromAcc2","instructedAmount":"19800","valueDate":"21/04/2020","customerCategory":"Small Business","debtorAccountCurrency":"USD","creditorBankCountry":"AUS","IN_USERID":"Andrew23","initiationTime":"1259"}','PRD_OFRNG_EFT_001','PRD_OFRNG_WIRE_001','2021-02-22 00:00:00.000')
,(NULL,NULL,NULL,NULL,'{"instructedCurrency":"CAD","debtorAccount":"987654322","customerId":"PayFromAcc2","instructedAmount":"34560","valueDate":"21/04/2020","customerCategory":"Small Business","debtorAccountCurrency":"CAD","creditorBankCountry":"CA","IN_USERID":"Andrew23","initiationTime":"1259"}','PRD_OFRNG_EFT_001','PRD_OFRNG_EFT_001','2021-02-22 00:00:00.000')
;
INSERT INTO "CP".icp_recommendation_audit (api_gr_cp_reference_id,api_gr_channel_request_id,api_sr_channel_request_id,api_date_time,api_body,api_cp_recommendation,api_user_selection,alu_inserted_time) VALUES 
(NULL,NULL,NULL,NULL,'{"instructedCurrency":"GBP","debtorAccount":"987654322","customerId":"PayFromAcc2","instructedAmount":"78900","valueDate":"21/04/2020","customerCategory":"Small Business","debtorAccountCurrency":"CAD","creditorBankCountry":"GBR","IN_USERID":"Andrew23","initiationTime":"1259"}','PRD_OFRNG_EFT_001','PRD_OFRNG_WIRE_001','2021-02-22 00:00:00.000')
,(NULL,NULL,NULL,NULL,'{"instructedCurrency":"CAD","debtorAccount":"987654322","customerId":"PayFromAcc2","instructedAmount":"15839","valueDate":"21/04/2020","customerCategory":"Small Business","debtorAccountCurrency":"CAD","creditorBankCountry":"CA","IN_USERID":"Andrew23","initiationTime":"1259"}','PRD_OFRNG_EFT_001','PRD_OFRNG_ETRF_001','2021-02-22 00:00:00.000')
,(NULL,NULL,NULL,NULL,'{"instructedCurrency":"GBP","debtorAccount":"987654322","customerId":"PayFromAcc2","instructedAmount":"41332","valueDate":"21/04/2020","customerCategory":"Large Corporate","debtorAccountCurrency":"CAD","creditorBankCountry":"GBR","IN_USERID":"Andrew23","initiationTime":"1259"}','PRD_OFRNG_EFT_001','PRD_OFRNG_WIRE_001','2021-02-22 00:00:00.000')
,(NULL,NULL,NULL,NULL,'{"instructedCurrency":"CAD","debtorAccount":"987654322","customerId":"PayFromAcc2","instructedAmount":"3210","valueDate":"21/04/2020","customerCategory": "Large Corporate","debtorAccountCurrency":"CAD","creditorBankCountry":"CA","IN_USERID":"Andrew23","initiationTime":"1259"}','PRD_OFRNG_EFT_001','PRD_OFRNG_ETRF_001','2021-02-22 00:00:00.000')
,(NULL,NULL,NULL,NULL,'{"instructedCurrency":"CAD","debtorAccount":"987654322","customerId":"PayFromAcc2","instructedAmount":"23456","valueDate":"21/04/2020","customerCategory":"Small Business","debtorAccountCurrency":"CAD","creditorBankCountry":"CA","IN_USERID":"Andrew23","initiationTime":"1259"}','PRD_OFRNG_EFT_001','PRD_OFRNG_ETRF_001','2021-02-22 00:00:00.000')
,(NULL,NULL,NULL,NULL,'{"instructedCurrency":"USD","debtorAccount":"987654322","customerId":"PayFromAcc2","instructedAmount":"53998","valueDate":"21/04/2020","customerCategory":"Large Corporate","debtorAccountCurrency":"USD","creditorBankCountry":"US","IN_USERID":"Andrew23","initiationTime":"1259"}','PRD_OFRNG_EFT_001','PRD_OFRNG_ACH_001','2021-02-22 00:00:00.000')
,(NULL,NULL,NULL,NULL,'{"instructedCurrency":"USD","debtorAccount":"987654322","customerId":"PayFromAcc2","instructedAmount":"13400","valueDate":"21/04/2020","customerCategory":"Large Corporate","debtorAccountCurrency":"USD","creditorBankCountry":"US","IN_USERID":"Andrew23","initiationTime":"1259"}','PRD_OFRNG_EFT_001','PRD_OFRNG_ACH_001','2021-02-22 00:00:00.000')
,(NULL,NULL,NULL,NULL,'{"instructedCurrency":"CAD","debtorAccount":"987654322","customerId":"PayFromAcc2","instructedAmount":"45699","valueDate":"21/04/2020","customerCategory":"Large Corporate","debtorAccountCurrency":"USD","creditorBankCountry":"CA","IN_USERID":"Andrew23","initiationTime":"1259"}','PRD_OFRNG_EFT_001','PRD_OFRNG_WIRE_001','2021-02-22 00:00:00.000')
,(NULL,NULL,NULL,NULL,'{"instructedCurrency":"CAD","debtorAccount":"987654322","customerId":"PayFromAcc2","instructedAmount":"53400","valueDate":"21/04/2020","customerCategory":"Small Business","debtorAccountCurrency":"CAD","creditorBankCountry":"CA","IN_USERID":"Andrew23","initiationTime":"1259"}','PRD_OFRNG_EFT_001','PRD_OFRNG_EFT_001','2021-02-22 00:00:00.000')
,(NULL,NULL,NULL,NULL,'{"instructedCurrency":"USD","debtorAccount":"987654322","customerId":"PayFromAcc2","instructedAmount":"43560","valueDate":"21/04/2020","customerCategory":"Large Corporate","debtorAccountCurrency":"USD","creditorBankCountry":"US","IN_USERID":"Andrew23","initiationTime":"1259"}','PRD_OFRNG_EFT_001','PRD_OFRNG_ACH_001','2021-02-22 00:00:00.000')
;
INSERT INTO "CP".icp_recommendation_audit (api_gr_cp_reference_id,api_gr_channel_request_id,api_sr_channel_request_id,api_date_time,api_body,api_cp_recommendation,api_user_selection,alu_inserted_time) VALUES 
(NULL,NULL,NULL,NULL,'{"instructedCurrency":"CAD","debtorAccount":"987654322","customerId":"PayFromAcc2","instructedAmount":"69800","valueDate":"21/04/2020","customerCategory":"Large Corporate","debtorAccountCurrency":"CAD","creditorBankCountry":"CA","IN_USERID":"Andrew23","initiationTime":"1259"}','PRD_OFRNG_EFT_001','PRD_OFRNG_EFT_001','2021-02-22 00:00:00.000')
,(NULL,NULL,NULL,NULL,'{"instructedCurrency":"GBP","debtorAccount":"987654322","customerId":"PayFromAcc2","instructedAmount":"32450","valueDate":"21/04/2020","customerCategory":"Large Corporate","debtorAccountCurrency":"CAD","creditorBankCountry":"GBR","IN_USERID":"Andrew23","initiationTime":"1259"}','PRD_OFRNG_EFT_001','PRD_OFRNG_WIRE_001','2021-02-22 00:00:00.000')
,(NULL,NULL,NULL,NULL,'{"instructedCurrency":"CAD","debtorAccount":"987654322","customerId":"PayFromAcc2","instructedAmount":"15809","valueDate":"21/04/2020","customerCategory":"Small Business","debtorAccountCurrency":"CAD","creditorBankCountry":"CA","IN_USERID":"Andrew23","initiationTime":"1259"}','PRD_OFRNG_EFT_001','PRD_OFRNG_ETRF_001','2021-02-22 00:00:00.000')
,(NULL,NULL,NULL,NULL,'{"instructedCurrency":"CAD","debtorAccount":"987654322","customerId":"PayFromAcc2","instructedAmount":"2345","valueDate":"21/04/2020","customerCategory": "Small Business","debtorAccountCurrency":"CAD","creditorBankCountry":"CA","IN_USERID":"Andrew23","initiationTime":"1259"}','PRD_OFRNG_EFT_001','PRD_OFRNG_WIRE_001','2021-02-22 00:00:00.000')
,(NULL,NULL,NULL,NULL,'{"instructedCurrency":"CAD","debtorAccount":"987654322","customerId":"PayFromAcc2","instructedAmount":"39545","valueDate":"21/04/2020","customerCategory":"Small Business","debtorAccountCurrency":"CAD","creditorBankCountry":"CA","IN_USERID":"Andrew23","initiationTime":"1259"}','PRD_OFRNG_EFT_001','PRD_OFRNG_WIRE_001','2021-02-22 00:00:00.000')
,(NULL,NULL,NULL,NULL,'{"instructedCurrency":"CAD","debtorAccount":"987654322","customerId":"PayFromAcc2","instructedAmount":"65780","valueDate":"21/04/2020","customerCategory":"Small Business","debtorAccountCurrency":"CAD","creditorBankCountry":"CA","IN_USERID":"Andrew23","initiationTime":"1259"}','PRD_OFRNG_EFT_001','PRD_OFRNG_WIRE_001','2021-02-22 00:00:00.000')
,(NULL,NULL,NULL,NULL,'{"instructedCurrency":"CAD","debtorAccount":"987654322","customerId":"PayFromAcc2","instructedAmount":"49800","valueDate":"21/04/2020","customerCategory":"Small Business","debtorAccountCurrency":"CAD","creditorBankCountry":"CA","IN_USERID":"Andrew23","initiationTime":"1259"}','PRD_OFRNG_EFT_001','PRD_OFRNG_WIRE_001','2021-02-22 00:00:00.000')
,(NULL,NULL,NULL,NULL,'{"instructedCurrency":"USD","debtorAccount":"987654322","customerId":"PayFromAcc2","instructedAmount":"49500","valueDate":"21/04/2020","customerCategory":"Small Business","debtorAccountCurrency":"USD","creditorBankCountry":"US","IN_USERID":"Andrew23","initiationTime":"1259"}','PRD_OFRNG_EFT_001','PRD_OFRNG_ACH_001','2021-02-22 00:00:00.000')
,(NULL,NULL,NULL,NULL,'{"instructedCurrency":"CAD","debtorAccount":"987654322","customerId":"PayFromAcc2","instructedAmount":"48700","valueDate":"21/04/2020","customerCategory":"Small Business","debtorAccountCurrency":"CAD","creditorBankCountry":"CA","IN_USERID":"Andrew23","initiationTime":"1259"}','PRD_OFRNG_EFT_001','PRD_OFRNG_WIRE_001','2021-02-22 00:00:00.000')
,(NULL,NULL,NULL,NULL,'{"instructedCurrency":"USD","debtorAccount":"987654322","customerId":"PayFromAcc2","instructedAmount":"67800","valueDate":"21/04/2020","customerCategory":"Large Corporate","debtorAccountCurrency":"USD","creditorBankCountry":"US","IN_USERID":"Andrew23","initiationTime":"1259"}','PRD_OFRNG_EFT_001','PRD_OFRNG_ACH_001','2021-02-22 00:00:00.000')
;
INSERT INTO "CP".icp_recommendation_audit (api_gr_cp_reference_id,api_gr_channel_request_id,api_sr_channel_request_id,api_date_time,api_body,api_cp_recommendation,api_user_selection,alu_inserted_time) VALUES 
(NULL,NULL,NULL,NULL,'{"instructedCurrency":"CAD","debtorAccount":"987654322","customerId":"PayFromAcc2","instructedAmount":"5741","valueDate":"21/04/2020","customerCategory": "Large Corporate","debtorAccountCurrency":"CAD","creditorBankCountry":"CA","IN_USERID":"Andrew23","initiationTime":"1259"}','PRD_OFRNG_EFT_001','PRD_OFRNG_ETRF_001','2021-02-22 00:00:00.000')
,(NULL,NULL,NULL,NULL,'{"instructedCurrency":"GBP","debtorAccount":"987654322","customerId":"PayFromAcc2","instructedAmount":"6789","valueDate":"21/04/2020","customerCategory": "Small Business","debtorAccountCurrency":"CAD","creditorBankCountry":"GBR","IN_USERID":"Andrew23","initiationTime":"1259"}','PRD_OFRNG_EFT_001','PRD_OFRNG_WIRE_001','2021-02-22 00:00:00.000')
,(NULL,NULL,NULL,NULL,'{"instructedCurrency":"CAD","debtorAccount":"987654322","customerId":"PayFromAcc2","instructedAmount":"14877","valueDate":"21/04/2020","customerCategory":"Large Corporate","debtorAccountCurrency":"CAD","creditorBankCountry":"CA","IN_USERID":"Andrew23","initiationTime":"1259"}','PRD_OFRNG_EFT_001','PRD_OFRNG_ETRF_001','2021-02-22 00:00:00.000')
,(NULL,NULL,NULL,NULL,'{"instructedCurrency":"CAD","debtorAccount":"987654322","customerId":"PayFromAcc2","instructedAmount":"39678","valueDate":"21/04/2020","customerCategory":"Large Corporate","debtorAccountCurrency":"USD","creditorBankCountry":"CA","IN_USERID":"Andrew23","initiationTime":"1259"}','PRD_OFRNG_EFT_001','PRD_OFRNG_WIRE_001','2021-02-22 00:00:00.000')
,(NULL,NULL,NULL,NULL,'{"instructedCurrency":"AUD","debtorAccount":"987654322","customerId":"PayFromAcc2","instructedAmount":"65789","valueDate":"21/04/2020","customerCategory":"Large Corporate","debtorAccountCurrency":"CAD","creditorBankCountry":"AUS","IN_USERID":"Andrew23","initiationTime":"1259"}','PRD_OFRNG_EFT_001','PRD_OFRNG_WIRE_001','2021-02-22 00:00:00.000')
,(NULL,NULL,NULL,NULL,'{"instructedCurrency":"USD","debtorAccount":"987654322","customerId":"PayFromAcc2","instructedAmount":"34567","valueDate":"21/04/2020","customerCategory":"Small Business","debtorAccountCurrency":"USD","creditorBankCountry":"US","IN_USERID":"Andrew23","initiationTime":"1259"}','PRD_OFRNG_EFT_001','PRD_OFRNG_WIRE_001','2021-02-22 00:00:00.000')
,(NULL,NULL,NULL,NULL,'{"instructedCurrency":"USD","debtorAccount":"987654322","customerId":"PayFromAcc2","instructedAmount":"4567","valueDate":"21/04/2020","customerCategory": "Large Corporate","debtorAccountCurrency":"USD","creditorBankCountry":"US","IN_USERID":"Andrew23","initiationTime":"1259"}','PRD_OFRNG_EFT_001','PRD_OFRNG_ACH_001','2021-02-22 00:00:00.000')
,(NULL,NULL,NULL,NULL,'{"instructedCurrency":"GBP","debtorAccount":"987654322","customerId":"PayFromAcc2","instructedAmount":"45789","valueDate":"21/04/2020","customerCategory":"Small Business","debtorAccountCurrency":"CAD","creditorBankCountry":"GBR","IN_USERID":"Andrew23","initiationTime":"1259"}','PRD_OFRNG_EFT_001','PRD_OFRNG_WIRE_001','2021-02-22 00:00:00.000')
,(NULL,NULL,NULL,NULL,'{"instructedCurrency":"USD","debtorAccount":"987654322","customerId":"PayFromAcc2","instructedAmount":"39900","valueDate":"21/04/2020","customerCategory":"Large Corporate","debtorAccountCurrency":"USD","creditorBankCountry":"CA","IN_USERID":"Andrew23","initiationTime":"1259"}','PRD_OFRNG_EFT_001','PRD_OFRNG_EFT_001','2021-02-22 00:00:00.000')
,(NULL,NULL,NULL,NULL,'{"instructedCurrency":"GBP","debtorAccount":"987654322","customerId":"PayFromAcc2","instructedAmount":"50060","valueDate":"21/04/2020","customerCategory":"Small Business","debtorAccountCurrency":"CAD","creditorBankCountry":"GBR","IN_USERID":"Andrew23","initiationTime":"1259"}','PRD_OFRNG_EFT_001','PRD_OFRNG_WIRE_001','2021-02-22 00:00:00.000')
;
INSERT INTO "CP".icp_recommendation_audit (api_gr_cp_reference_id,api_gr_channel_request_id,api_sr_channel_request_id,api_date_time,api_body,api_cp_recommendation,api_user_selection,alu_inserted_time) VALUES 
(NULL,NULL,NULL,NULL,'{"instructedCurrency":"AUD","debtorAccount":"987654322","customerId":"PayFromAcc2","instructedAmount":"49600","valueDate":"21/04/2020","customerCategory":"Large Corporate","debtorAccountCurrency":"USD","creditorBankCountry":"AUS","IN_USERID":"Andrew23","initiationTime":"1259"}','PRD_OFRNG_EFT_001','PRD_OFRNG_WIRE_001','2021-02-22 00:00:00.000')
,(NULL,NULL,NULL,NULL,'{"instructedCurrency":"USD","debtorAccount":"987654322","customerId":"PayFromAcc2","instructedAmount":"20506","valueDate":"21/04/2020","customerCategory":"Large Corporate","debtorAccountCurrency":"USD","creditorBankCountry":"US","IN_USERID":"Andrew23","initiationTime":"1259"}','PRD_OFRNG_EFT_001','PRD_OFRNG_ACH_001','2021-02-22 00:00:00.000')
,(NULL,NULL,NULL,NULL,'{"instructedCurrency":"USD","debtorAccount":"987654322","customerId":"PayFromAcc2","instructedAmount":"23400","valueDate":"21/04/2020","customerCategory":"Large Corporate","debtorAccountCurrency":"USD","creditorBankCountry":"US","IN_USERID":"Andrew23","initiationTime":"1259"}','PRD_OFRNG_EFT_001','PRD_OFRNG_ACH_001','2021-02-22 00:00:00.000')
,(NULL,NULL,NULL,NULL,'{"instructedCurrency":"USD","debtorAccount":"987654322","customerId":"PayFromAcc2","instructedAmount":"23405","valueDate":"21/04/2020","customerCategory":"Small Business","debtorAccountCurrency":"USD","creditorBankCountry":"CA","IN_USERID":"Andrew23","initiationTime":"1259"}','PRD_OFRNG_EFT_001','PRD_OFRNG_ACH_001','2021-02-22 00:00:00.000')
,(NULL,NULL,NULL,NULL,'{"instructedCurrency":"CAD","debtorAccount":"987654322","customerId":"PayFromAcc2","instructedAmount":"10400","valueDate":"21/04/2020","customerCategory":"Large Corporate","debtorAccountCurrency":"CAD","creditorBankCountry":"CA","IN_USERID":"Andrew23","initiationTime":"1259"}','PRD_OFRNG_EFT_001','PRD_OFRNG_ETRF_001','2021-02-22 00:00:00.000')
,(NULL,NULL,NULL,NULL,'{"instructedCurrency":"CAD","debtorAccount":"987654322","customerId":"PayFromAcc2","instructedAmount":"1300","valueDate":"21/04/2020","customerCategory": "Small Business","debtorAccountCurrency":"CAD","creditorBankCountry":"CA","IN_USERID":"Andrew23","initiationTime":"1259"}','PRD_OFRNG_EFT_001','PRD_OFRNG_ETRF_001','2021-02-22 00:00:00.000')
,(NULL,NULL,NULL,NULL,'{"instructedCurrency":"CAD","debtorAccount":"987654322","customerId":"PayFromAcc2","instructedAmount":"3245","valueDate":"21/04/2020","customerCategory": "Large Corporate","debtorAccountCurrency":"CAD","creditorBankCountry":"CA","IN_USERID":"Andrew23","initiationTime":"1259"}','PRD_OFRNG_EFT_001','PRD_OFRNG_ETRF_001','2021-02-22 00:00:00.000')
,(NULL,NULL,NULL,NULL,'{"instructedCurrency":"CAD","debtorAccount":"987654322","customerId":"PayFromAcc2","instructedAmount":"13480","valueDate":"21/04/2020","customerCategory":"Large Corporate","debtorAccountCurrency":"CAD","creditorBankCountry":"CA","IN_USERID":"Andrew23","initiationTime":"1259"}','PRD_OFRNG_EFT_001','PRD_OFRNG_ETRF_001','2021-02-22 00:00:00.000')
;INSERT INTO "CP".icp_vrule_dtls (vrule_code,field_code,"operator",negate,comparator,value_type,value,vrule_and_seq) VALUES 
('VR_WIRE_MIN_TXN_AMT_LMT','IN_INST_AMT','VALUE','N','GT','FIXED','0','SET1')
,('VR_WIRE_MAX_TXN_AMT_LMT','IN_INST_AMT','VALUE','N','LE','FIXED','9999999999.99','SET1')
,('VR_ACH_CTRY_US','IN_CR_AGT_CTRY','VALUE','N','EQ','FIXED','US','SET1')
,('VR_ACH_INST_AMT_CCY','IN_INST_AMT_CCY','VALUE','N','EQ','FIXED','USD','SET1')
,('VR_ACH_MIN_TXN_AMT_LMT','IN_INST_AMT','VALUE','N','GT','FIXED','0','SET1')
,('VR_ACH_MAX_TXN_AMT_LMT','IN_INST_AMT','VALUE','N','LE','FIXED','9999999999.99','SET1')
,('VR_EFT_MIN_TXN_AMT_LMT','IN_INST_AMT','VALUE','N','GT','FIXED','0','SET1')
,('VR_EFT_MAX_TXN_AMT_LMT','IN_INST_AMT','VALUE','N','LE','FIXED','9999999999.99','SET1')
,('VR_BILLPAY_CTRY_CAD','IN_CR_AGT_CTRY','VALUE','N','EQ','FIXED','CA','SET1')
,('VR_BILLPAY_INST_AMT_CCY','IN_INST_AMT_CCY','VALUE','N','EQ','FIXED','CAD','SET1')
;
INSERT INTO "CP".icp_vrule_dtls (vrule_code,field_code,"operator",negate,comparator,value_type,value,vrule_and_seq) VALUES 
('VR_BILLPAY_MIN_TXN_AMT_LMT','IN_INST_AMT','VALUE','N','GT','FIXED','0','SET1')
,('VR_BILLPAY_MAX_TXN_AMT_LMT','IN_INST_AMT','VALUE','N','LE','FIXED','9999999999.99','SET1')
,('VR_BILLPAY_ENTITLEMENT_USER','FLD_DER_ELIGIBLE_USER','VALUE','N','EQ','FIXED','Y','SET1')
,('VR_GMT_MAX_TXN_AMT_LMT','IN_INST_AMT','VALUE','N','LE','FIXED','30000','SET1')
,('ALWAYS_TRUE',NULL,'VALUE','N','ISNULL',NULL,NULL,'SET1')
,('ALWAYS_TRUE',NULL,'VALUE','Y','ISNULL',NULL,NULL,'SET1')
,('IS_SMARTBNK_EFTR','DV_OFFERING_CODE','VALUE','N','EQ','FIXED','PRD_OFRNG_ETRF_001','SET1')
,('IS_SMARTBNK_WIRE','DV_OFFERING_CODE','VALUE','N','EQ','FIXED','PRD_OFRNG_WIRE_001','SET1')
,('IS_SMARTBNK_ACH','DV_OFFERING_CODE','VALUE','N','EQ','FIXED','PRD_OFRNG_ACH_001','SET1')
,('IS_SMARTBNK_EFT','DV_OFFERING_CODE','VALUE','N','EQ','FIXED','PRD_OFRNG_EFT_001','SET1')
;
INSERT INTO "CP".icp_vrule_dtls (vrule_code,field_code,"operator",negate,comparator,value_type,value,vrule_and_seq) VALUES 
('IS_SMARTBNK_BILLPAY','DV_OFFERING_CODE','VALUE','N','EQ','FIXED','PRD_OFRNG_BILLPAY_001','SET1')
,('IS_CASHMGM_EFTR','DV_OFFERING_CODE','VALUE','N','EQ','FIXED','PRD_OFRNG_ETRF_001','SET1')
,('IS_CASHMGM_WIRE','DV_OFFERING_CODE','VALUE','N','EQ','FIXED','PRD_OFRNG_WIRE_001','SET1')
,('IS_CASHMGM_ACH','DV_OFFERING_CODE','VALUE','N','EQ','FIXED','PRD_OFRNG_ACH_001','SET1')
,('IS_CASHMGM_EFT','DV_OFFERING_CODE','VALUE','N','EQ','FIXED','PRD_OFRNG_EFT_001','SET1')
,('IS_CASHMGM_GMT','DV_OFFERING_CODE','VALUE','N','EQ','FIXED','PRD_OFRNG_GMT_001','SET1')
,('IS_CASHMGM_BILLPAY','DV_OFFERING_CODE','VALUE','N','EQ','FIXED','PRD_OFRNG_BILLPAY_001','SET1')
,('VR_ETRF_MIN_TXN_AMT_LMT','IN_INST_AMT','VALUE','N','GE','FIXED','1','SET1')
,('VR_ETRF_MAX_TXN_AMT_LMT','IN_INST_AMT','VALUE','N','LE','FIXED','25000','SET1')
,('VR_BILLPAY_DEBT_CCY','IN_DR_AC_CCY','VALUE','N','EQ','FIXED','CAD','SET1')
;
INSERT INTO "CP".icp_vrule_dtls (vrule_code,field_code,"operator",negate,comparator,value_type,value,vrule_and_seq) VALUES 
('VR_ACH_DEBT_CCY','IN_DR_AC_CCY','VALUE','N','EQ','FIXED','USD','SET1')
,('VR_GMT_MIN_TXN_AMT_LMT','IN_INST_AMT','VALUE','N','GT','FIXED','0','SET1')
,('VR_WIRE_ALWD_CTRYS','IN_CR_AGT_CTRY','VALUE','N','CONTAIN','LIST','LIST_ALWD_CNTRY','SET1')
,('VR_WIRE_ALWD_CCY_PAIR','IN_DR_AC_CCY','VALUE','N','EQ','FIXED','USD','SET1')
,('VR_WIRE_ALWD_CCY_PAIR','IN_INST_AMT_CCY','VALUE','N','CONTAIN','LIST','LIST_ALWD_CCY_USD','SET2')
,('VR_WIRE_ALWD_CCY_PAIR','IN_DR_AC_CCY','VALUE','N','EQ','FIXED','CAD','SET1')
,('VR_WIRE_ALWD_CCY_PAIR','IN_INST_AMT_CCY','VALUE','N','CONTAIN','LIST','LIST_ALWD_CCY_CAD','SET2')
,('VR_ETRF_CTRY_CA','IN_CR_AGT_CTRY','VALUE','N','EQ','FIXED','CA','SET1')
,('IS_SMARTBNK_GMT','DV_OFFERING_CODE','VALUE','N','EQ','FIXED','PRD_OFRNG_GMT_001','SET1')
,('VR_DV_VAL_DT','DV_VAL_DT','VALUE','N','LE','FIELD','IN_INIT_DATE','SET1')
;
INSERT INTO "CP".icp_vrule_dtls (vrule_code,field_code,"operator",negate,comparator,value_type,value,vrule_and_seq) VALUES 
('VR_EFT_ALWD_CCY_PAIR','IN_DR_AC_CCY','VALUE','N','EQ','FIXED','CAD','SET1')
,('VR_EFT_ALWD_CCY_PAIR','IN_DR_AC_CCY','VALUE','N','EQ','FIXED','USD','SET1')
,('VR_EFT_ALWD_CCY_PAIR','IN_INST_AMT_CCY','VALUE','N','EQ','FIXED','USD','SET2')
,('VR_EFT_ALWD_CCY_PAIR','IN_INST_AMT_CCY','VALUE','N','EQ','FIXED','CAD','SET2')
,('VR_EFT_ALWD_CTRY','IN_CR_AGT_CTRY','VALUE','N','EQ','FIXED','CA','SET1')
,('VR_EFT_ALWD_CTRY','IN_CR_AGT_CTRY','VALUE','N','EQ','FIXED','US','SET2')
,('VR_EFT_CTRY_US','IN_CR_AGT_CTRY','VALUE','N','EQ','FIXED','US','SET1')
,('VR_EFT_CTRY_CA','IN_CR_AGT_CTRY','VALUE','N','EQ','FIXED','CA','SET1')
,('IS_CASHMGM_EFTR','DV_CUST_CAT','VALUE','N','EQ','FIXED','Large Corporates','SET2')
,('IS_CASHMGM_WIRE','DV_CUST_CAT','VALUE','N','EQ','FIXED','Large Corporates','SET2')
;
INSERT INTO "CP".icp_vrule_dtls (vrule_code,field_code,"operator",negate,comparator,value_type,value,vrule_and_seq) VALUES 
('IS_CASHMGM_ACH','DV_CUST_CAT','VALUE','N','EQ','FIXED','Large Corporates','SET2')
,('IS_CASHMGM_EFT','DV_CUST_CAT','VALUE','N','EQ','FIXED','Large Corporates','SET2')
,('IS_CASHMGM_GMT','DV_CUST_CAT','VALUE','N','EQ','FIXED','Large Corporates','SET2')
,('IS_CASHMGM_BILLPAY','DV_CUST_CAT','VALUE','N','EQ','FIXED','Large Corporates','SET2')
,('IS_SMARTBNK_WIRE','DV_CUST_CAT','VALUE','N','EQ','FIXED','Small Businesses','SET2')
,('IS_SMARTBNK_EFTR','DV_CUST_CAT','VALUE','N','EQ','FIXED','Small Businesses','SET2')
,('IS_SMARTBNK_EFT','DV_CUST_CAT','VALUE','N','EQ','FIXED','Small Businesses','SET2')
,('IS_SMARTBNK_BILLPAY','DV_CUST_CAT','VALUE','N','EQ','FIXED','Small Businesses','SET2')
,('IS_SMARTBNK_GMT','DV_CUST_CAT','VALUE','N','EQ','FIXED','Small Businesses','SET2')
,('IS_SMARTBNK_ACH','DV_CUST_CAT','VALUE','N','EQ','FIXED','Small Businesses','SET2')
;
INSERT INTO "CP".icp_vrule_dtls (vrule_code,field_code,"operator",negate,comparator,value_type,value,vrule_and_seq) VALUES 
('VR_VD_CHECK','IN_VAL_DT','VALUE','N','GE','FIELD','DV_VD','SET1')
,('VR_ETRF_ENTITLEMENT_USER','FLD_DER_ELIGIBLE_USER','VALUE','N','EQ','FIXED','Y','SET1')
,('VR_WIRE_ENTITLEMENT_USER','FLD_DER_ELIGIBLE_USER','VALUE','N','EQ','FIXED','Y','SET1')
,('VR_ACH_ENTITLEMENT_USER','FLD_DER_ELIGIBLE_USER','VALUE','N','EQ','FIXED','Y','SET1')
,('VR_EFT_ENTITLEMENT_USER','FLD_DER_ELIGIBLE_USER','VALUE','N','EQ','FIXED','Y','SET1')
,('VR_GMT_ENTITLEMENT_USER','FLD_DER_ELIGIBLE_USER','VALUE','N','EQ','FIXED','Y','SET1')
,('VR_EFT_ALWD_CCY_PAIR','IN_DR_AC_CCY','VALUE','N','EQ','FIELD','IN_INST_AMT_CCY','SET3')
,('VR_ETRF_DEBT_CCY','IN_DR_AC_CCY','VALUE','N','EQ','FIXED','CAD','SET1')
;INSERT INTO "CP".icp_vrule_master (vrule_code,vrule_name,vrule_description,vrule_bucket,vrule_type,is_system_defined,maker_id,maker_date,checker_id,checker_date,flag_closed) VALUES 
('VR_ETRF_MIN_TXN_AMT_LMT','ETRF -Minimum Transaction Amount Check','Txn amtis less than the Max Txn Limit per Payment','Elimination','V','N','SYSTEM','2019-08-27 17:00:53.785','SYSTEM','2019-08-27 17:00:53.785','N')
,('VR_ETRF_MAX_TXN_AMT_LMT','ETRF-Maximum Transaction Amount Check','Txn amt is greater than the Min limit per Payment','Elimination','V','N','SYSTEM','2019-08-27 17:00:53.785','SYSTEM','2019-08-27 17:00:53.785','N')
,('VR_ETRF_ENTITLEMENT_USER','ETRF-User Entitlement Check','User is entitled to send  Interac e-Transfers','Elimination','V','N','SYSTEM','2019-08-27 17:00:53.785','SYSTEM','2019-08-27 17:00:53.785','N')
,('VR_WIRE_ALWD_CTRYS','WIRE-Allowed Countries Check','Destination country one if the Allowed Countries','Elimination','V','N','SYSTEM','2019-08-27 17:00:53.785','SYSTEM','2019-08-27 17:00:53.785','N')
,('VR_WIRE_MAX_TXN_AMT_LMT','WIRE-Minimum Transaction Amount Limit For Wires','Txn amtis less than the Max Txn Limit per Payment for wires','Elimination','V','N','SYSTEM','2019-08-27 17:00:53.785','SYSTEM','2019-08-27 17:00:53.785','N')
,('VR_WIRE_MIN_TXN_AMT_LMT','WIRE-Maximum Transaction Amount Limit For Wires','Txn amt is greater than the Min limit per Payment for wires','Elimination','V','N','SYSTEM','2019-08-27 17:00:53.785','SYSTEM','2019-08-27 17:00:53.785','N')
,('VR_WIRE_ENTITLEMENT_USER','WIRE-User Entitlement Validation','User is entitled to send  wires','Elimination','V','N','SYSTEM','2019-08-27 17:00:53.785','SYSTEM','2019-08-27 17:00:53.785','N')
,('VR_ACH_CTRY_US','ACH-Destination Country Check','Destination country must be ''US''','Elimination','V','N','SYSTEM','2019-08-27 17:00:53.785','SYSTEM','2019-08-27 17:00:53.785','N')
,('VR_ACH_INST_AMT_CCY','ACH-Instructured Currency Rule','Instructured Currency must be ''USD''','Elimination','V','N','SYSTEM','2019-08-27 17:00:53.785','SYSTEM','2019-08-27 17:00:53.785','N')
,('VR_ACH_DEBT_CCY','ACH-Debit Currency Check','Debit Currency must be ''USD''','Elimination','V','N','SYSTEM','2019-08-27 17:00:53.785','SYSTEM','2019-08-27 17:00:53.785','N')
;
INSERT INTO "CP".icp_vrule_master (vrule_code,vrule_name,vrule_description,vrule_bucket,vrule_type,is_system_defined,maker_id,maker_date,checker_id,checker_date,flag_closed) VALUES 
('VR_ACH_MIN_TXN_AMT_LMT','ACH-Minimum Transaction Amount Check','Txn amt is greater than the Min limit per Payment for ACH','Elimination','V','N','SYSTEM','2019-08-27 17:00:53.785','SYSTEM','2019-08-27 17:00:53.785','N')
,('VR_ACH_MAX_TXN_AMT_LMT','ACH-Maximum Transaction Amount Check','Txn amtis less than the Max Txn Limit per Payment for ACH','Elimination','V','N','SYSTEM','2019-08-27 17:00:53.785','SYSTEM','2019-08-27 17:00:53.785','N')
,('VR_ACH_ENTITLEMENT_USER','ACH-User Entitlement Validation','User is entitled to send  ACH','Elimination','V','N','SYSTEM','2019-08-27 17:00:53.785','SYSTEM','2019-08-27 17:00:53.785','N')
,('VR_EFT_MIN_TXN_AMT_LMT','EFT-Minimum Transaction Amount Check','Txn amt is greater than the Min limit per Payment for EFT','Elimination','V','N','SYSTEM','2019-08-27 17:00:53.785','SYSTEM','2019-08-27 17:00:53.785','N')
,('VR_EFT_MAX_TXN_AMT_LMT','EFT-Maximum Transaction Amount Check','Txn amtis less than the Max Txn Limit per Payment for EFT','Elimination','V','N','SYSTEM','2019-08-27 17:00:53.785','SYSTEM','2019-08-27 17:00:53.785','N')
,('VR_EFT_ENTITLEMENT_USER','EFT-User Entitlement Validation','User is entitled to send  EFT','Elimination','V','N','SYSTEM','2019-08-27 17:00:53.785','SYSTEM','2019-08-27 17:00:53.785','N')
,('VR_BILLPAY_CTRY_CAD','BILLPAY-Destination Country Check','Destination country must be ''CA''','Elimination','V','N','SYSTEM','2019-08-27 17:00:53.785','SYSTEM','2019-08-27 17:00:53.785','N')
,('VR_BILLPAY_INST_AMT_CCY','BILLPAY-Instructured Currency Rule','Instructured Currency must be ''CAD''','Elimination','V','N','SYSTEM','2019-08-27 17:00:53.785','SYSTEM','2019-08-27 17:00:53.785','N')
,('VR_BILLPAY_DEBT_CCY','BILLPAY-Debit Currency Rule','Debit Currency must be ''CAD''','Elimination','V','N','SYSTEM','2019-08-27 17:00:53.785','SYSTEM','2019-08-27 17:00:53.785','N')
,('VR_BILLPAY_MIN_TXN_AMT_LMT','BILLPAY-Minimum Transaction Amount Check','Txn amt is greater than the Min limit per Payment for BILLPAY','Elimination','V','N','SYSTEM','2019-08-27 17:00:53.785','SYSTEM','2019-08-27 17:00:53.785','N')
;
INSERT INTO "CP".icp_vrule_master (vrule_code,vrule_name,vrule_description,vrule_bucket,vrule_type,is_system_defined,maker_id,maker_date,checker_id,checker_date,flag_closed) VALUES 
('VR_BILLPAY_MAX_TXN_AMT_LMT','BILLPAY-Maximum Transaction Amount Check','Txn amtis less than the Max Txn Limit per Payment for BILLPAY','Elimination','V','N','SYSTEM','2019-08-27 17:00:53.785','SYSTEM','2019-08-27 17:00:53.785','N')
,('VR_BILLPAY_ENTITLEMENT_USER','BILLPAY-User Entitlement Validation','User is entitled to send  BILLPAY','Elimination','V','N','SYSTEM','2019-08-27 17:00:53.785','SYSTEM','2019-08-27 17:00:53.785','N')
,('VR_BILLPAY_CONTACT_EXISTS','BILLPAY Contact Exists Check','To check payee is exists in contact or not','Elimination','V','N','SYSTEM','2019-08-27 17:00:53.785','SYSTEM','2019-08-27 17:00:53.785','Y')
,('VR_BILLPAY_PAYEE_NAME_PRESENT','BILLPAY Payee Name Check','Payee name should be present','Elimination','V','N','SYSTEM','2019-08-27 17:00:53.785','SYSTEM','2019-08-27 17:00:53.785','Y')
,('VR_GMT_ENTITLEMENT_USER','GMT-User Entitlement Validation','User is entitled to send  GMT','Elimination','V','N','SYSTEM','2019-08-27 17:00:53.785','SYSTEM','2019-08-27 17:00:53.785','N')
,('VR_DV_VAL_DT','Derived Value Date Check','Value Date should be greater than Intiate Date','Elimination','V','N','SYSTEM','2019-08-27 17:00:53.785','SYSTEM','2019-08-27 17:00:53.785','N')
,('VR_GMT_MAX_TXN_AMT_LMT','GMT-Maximum Transaction Amount Check','Txn amtis less than the Max Txn Limit per Payment for GMT','Elimination','V','N','SYSTEM','2019-08-27 17:00:53.785','SYSTEM','2019-08-27 17:00:53.785','N')
,('VR_WIRE_ALWD_CCY_PAIR','WIRE-Allowed Currency Check','The Currency pair  must beAllowed Currencies Pairs for Wires','Elimination','V','N','SYSTEM','2019-08-27 17:00:53.785','SYSTEM','2019-08-27 17:00:53.785','N')
,('ALWAYS_TRUE','Always True','Always True','Validation','I','N','SYSTEM','2019-08-27 17:00:53.785','SYSTEM','2019-08-27 17:00:53.785','N')
,('IS_SMARTBNK_EFTR','SmartBanking Intrac e-Transfer Check','Is Offering is EFTR and Customer Catageory is Smart Banking','Validation','V','N','SYSTEM','2019-08-27 17:00:53.785','SYSTEM','2019-08-27 17:00:53.785','N')
;
INSERT INTO "CP".icp_vrule_master (vrule_code,vrule_name,vrule_description,vrule_bucket,vrule_type,is_system_defined,maker_id,maker_date,checker_id,checker_date,flag_closed) VALUES 
('IS_SMARTBNK_WIRE','SmartBanking Wire Check','Is Offering is Wire and Customer Catageory is Smart Banking','Validation','V','N','SYSTEM','2019-08-27 17:00:53.785','SYSTEM','2019-08-27 17:00:53.785','N')
,('IS_SMARTBNK_ACH','SmartBanking ACH Check','Is Offering is ACH and Customer Catageory is Smart Banking','Validation','V','N','SYSTEM','2019-08-27 17:00:53.785','SYSTEM','2019-08-27 17:00:53.785','N')
,('IS_CASHMGM_EFTR','CashManagement Intrac e-Transfer Check','Is Offering is EFTR and Customer Catageory is Cash Management','Validation','V','N','SYSTEM','2019-08-27 17:00:53.785','SYSTEM','2019-08-27 17:00:53.785','N')
,('IS_SMARTBNK_EFT','SmartBanking EFT Check','Is Offering is EFT and Customer Catageory is Smart Banking','Validation','V','N','SYSTEM','2019-08-27 17:00:53.785','SYSTEM','2019-08-27 17:00:53.785','N')
,('IS_SMARTBNK_BILLPAY','SmartBanking BILLPAY Check','Is Offering is BillPAY and Customer Catageory is Smart Banking','Validation','V','N','SYSTEM','2019-08-27 17:00:53.785','SYSTEM','2019-08-27 17:00:53.785','N')
,('IS_CASHMGM_WIRE','CashManagement Wire Check','Is Offering is Wire and Customer Catageory is Cash Management','Validation','V','N','SYSTEM','2019-08-27 17:00:53.785','SYSTEM','2019-08-27 17:00:53.785','N')
,('IS_CASHMGM_ACH','CashManagement ACH Check','Is Offering is ACH and Customer Catageory is Cash Management','Validation','V','N','SYSTEM','2019-08-27 17:00:53.785','SYSTEM','2019-08-27 17:00:53.785','N')
,('IS_CASHMGM_EFT','CashManagement EFT Check','Is Offering is EFT and Customer Catageory is Cash Management','Validation','V','N','SYSTEM','2019-08-27 17:00:53.785','SYSTEM','2019-08-27 17:00:53.785','N')
,('VR_GMT_MIN_TXN_AMT_LMT','GMT-Minimum Transaction Amount Check','Txn amtis less than the Min Txn Limit per Payment for GMT','Elimination','V','N','SYSTEM','2019-08-27 17:00:53.000','SYSTEM','2019-08-27 17:00:53.000','N')
,('VR_ETRF_CTRY_CA','Allowed country E-Transfer','Allowed country E-Transfer','Elimination','V','N','SYSTEM','2019-08-27 17:00:53.000','SYSTEM','2019-08-27 17:00:53.000','N')
;
INSERT INTO "CP".icp_vrule_master (vrule_code,vrule_name,vrule_description,vrule_bucket,vrule_type,is_system_defined,maker_id,maker_date,checker_id,checker_date,flag_closed) VALUES 
('VR_VD_CHECK','Derived value date check','Derived value date check','Validation','V','N','SYSTEM','2019-08-27 17:00:53.000','SYSTEM','2019-08-27 17:00:53.000','N')
,('IS_CASHMGM_BILLPAY','CashManagement BILLPAY Check','Is Offering is BILLPAY and Customer Catageory is Cash Management','Validation','V','N','SYSTEM','2019-08-27 17:00:53.785','SYSTEM','2019-08-27 17:00:53.785','N')
,('IS_CASHMGM_GMT','CashManagement GMT Check','Is Offering is GMT and Customer Catageory is Cash Management','Validation','V','N','SYSTEM','2019-08-27 17:00:53.785','SYSTEM','2019-08-27 17:00:53.785','N')
,('IS_SMARTBNK_GMT','smart banking GMT','smart banking GMT','Validation','V','N','SYSTEM','2019-08-27 17:00:53.000','SYSTEM','2019-08-27 17:00:53.000','N')
,('VR_EFT_ALWD_CCY_PAIR','EFT-Allowed Currency Check','The Currency pair given as an Input must be either be ''CAD-CAD'' or ''USD-USD''','Elimination','V','N','SYSTEM','2019-08-27 17:00:53.785','SYSTEM','2019-08-27 17:00:53.785','N')
,('VR_EFT_CTRY_US','EFT- US Destination Country Check','Destination country must be ''US''','Elimination','V','N','SYSTEM','2019-08-27 17:00:53.785','SYSTEM','2019-08-27 17:00:53.785','N')
,('VR_EFT_ALWD_CTRY','EFT-Destination Country Check','Destination country must be ''CA'' or ''US''','Elimination','V','N','SYSTEM','2019-08-27 17:00:53.785','SYSTEM','2019-08-27 17:00:53.785','N')
,('VR_EFT_CTRY_CA','EFT- Destination Country Check','Destination country must be ''CA''','Elimination','V','N','SYSTEM','2019-08-27 17:00:53.785','SYSTEM','2019-08-27 17:00:53.785','N')
,('VR_ETRF_DEBT_CCY','ETRF-Debit Currency Rule','Debit Currency must be ''CAD''','Elimination','V','N','ADMIN','2021-04-06 06:21:35.505','ADMIN','2021-04-06 06:21:35.505','N')
;