INSERT INTO "CP_Client".dual (col) VALUES 
('1')
;INSERT INTO "CP_Client".icp_decision_master (decision_code,decision_label,superlative_label,inferior_label,scoring_erule_code,scoring_display_erule,commonality_factor,directly_proportional,rule_bucket,is_system_defined,maker_id,maker_date,checker_id,checker_date,flag_closed) VALUES 
('COST','Transaction Fee','Cheapest','','EN_DEC_COST_CAD','EN_DEC_COST_DISPLAY',100000000.0000000000,'Y','Decision','Y','SYSTEM','2019-08-27 17:10:12.254','SYSTEM','2019-08-27 17:10:12.254','N')
,('TIME_VD','Value Date','Fastest','','EN_VALUE_DATE','EN_VALUE_DATE_DISPLAY',0.0000001000,'N','Decision','Y','SYSTEM','2019-08-27 17:10:12.254','SYSTEM','2019-08-27 17:10:12.254','N')
;INSERT INTO "CP_Client".icp_dynamic_api (api_code,system_code,api_name,ssl_enabled,secret_key_field,http_uri,http_method,is_body_templatized,body_template,single_row,is_system_defined,maker_id,maker_date,checker_id,checker_date,flag_closed) VALUES 
('API_U_GET_RECO','CBX','Get Recommendation','N',NULL,'/igtb/cp/api/getreco','POST','N',NULL,'Y','Y','SYSTEM','2019-08-27 16:58:25.106','SYSTEM','2019-08-27 16:58:25.106','N')
,('API_U_VALIDATE_RECO','CBX','Validate Recommendation','N',NULL,'/igtb/cp/api/validatereco','POST','N',NULL,'Y','Y','SYSTEM','2019-08-27 16:58:25.106','SYSTEM','2019-08-27 16:58:25.106','N')
,('API_U_SAVE_RECO','CBX','Save Recommendation','N',NULL,'/igtb/cp/api/savereco','POST','N',NULL,'Y','Y','SYSTEM','2019-08-27 16:58:25.106','SYSTEM','2019-08-27 16:58:25.106','N')
;INSERT INTO "CP_Client".icp_dynamic_api_dtls (api_code,req_resp,param_type,seq,param_name,param_field_code,param_static_value,resp_body_json_path,resp_body_json_field) VALUES 
('API_U_GET_RECO','REQ','HEADER',1,'source','FLD_SOURCE_01',NULL,NULL,NULL)
,('API_U_GET_RECO','REQ','BODY',13,NULL,NULL,NULL,'payload.nationalRate','FL_NTNL_RATE')
,('API_U_GET_RECO','REQ','HEADER',2,'x-ct-infoabout','FLD_CTINFO_02',NULL,NULL,NULL)
,('API_U_GET_RECO','REQ','BODY',1,NULL,NULL,'234','payload.debtorAccount','IN_DR_AC')
,('API_U_GET_RECO','REQ','BODY',2,NULL,NULL,'456','payload.debtorAccountCurrency','IN_DR_AC_CCY')
,('API_U_GET_RECO','REQ','BODY',3,NULL,NULL,NULL,'payload.creditorBankCountry','IN_CR_AGT_CTRY')
,('API_U_GET_RECO','REQ','BODY',4,NULL,NULL,NULL,'payload.customerCategory','DV_CUST_CAT')
,('API_U_GET_RECO','REQ','BODY',5,NULL,NULL,NULL,'payload.instructedAmount','IN_INST_AMT')
,('API_U_GET_RECO','REQ','BODY',6,NULL,NULL,NULL,'payload.instructedCurrency','IN_INST_AMT_CCY')
,('API_U_GET_RECO','REQ','BODY',7,NULL,NULL,NULL,'payload.initiationTime','IN_INIT_TIME')
;
INSERT INTO "CP_Client".icp_dynamic_api_dtls (api_code,req_resp,param_type,seq,param_name,param_field_code,param_static_value,resp_body_json_path,resp_body_json_field) VALUES 
('API_U_GET_RECO','REQ','BODY',8,NULL,NULL,NULL,'payload.customerId','IN_CUST_ID')
,('API_U_GET_RECO','REQ','BODY',9,NULL,NULL,NULL,'payload.offeringCode','DV_OFFERING_CODE')
,('API_U_GET_RECO','REQ','BODY',10,NULL,NULL,NULL,'payload.valueDate','IN_VAL_DT')
,('API_U_GET_RECO','REQ','BODY',11,NULL,NULL,NULL,'payload.debitAmount','IN_DEBT_AMT')
,('API_U_GET_RECO','REQ','BODY',12,NULL,NULL,NULL,'payload.debitAmounyCurrency','IN_DEBT_AMT_CCY')
,('API_U_VALIDATE_RECO','REQ','HEADER',1,'source','FLD_SOURCE_01',NULL,NULL,NULL)
,('API_U_VALIDATE_RECO','REQ','HEADER',2,'x-ct-infoabout','FLD_CTINFO_02',NULL,NULL,NULL)
,('API_U_VALIDATE_RECO','REQ','BODY',1,NULL,NULL,'234','payload.debtorAccount','IN_DR_AC')
,('API_U_VALIDATE_RECO','REQ','BODY',2,NULL,NULL,'456','payload.debtorAccountCurrency','IN_DR_AC_CCY')
,('API_U_VALIDATE_RECO','REQ','BODY',3,NULL,NULL,NULL,'payload.creditorBankCountry','IN_CR_AGT_CTRY')
;
INSERT INTO "CP_Client".icp_dynamic_api_dtls (api_code,req_resp,param_type,seq,param_name,param_field_code,param_static_value,resp_body_json_path,resp_body_json_field) VALUES 
('API_U_VALIDATE_RECO','REQ','BODY',4,NULL,NULL,NULL,'payload.customerCategory','DV_CUST_CAT')
,('API_U_VALIDATE_RECO','REQ','BODY',5,NULL,NULL,NULL,'payload.instructedAmount','IN_INST_AMT')
,('API_U_VALIDATE_RECO','REQ','BODY',6,NULL,NULL,NULL,'payload.instructedCurrency','IN_INST_AMT_CCY')
,('API_U_VALIDATE_RECO','REQ','BODY',7,NULL,NULL,NULL,'payload.initiationTime','IN_INIT_TIME')
,('API_U_VALIDATE_RECO','REQ','BODY',8,NULL,NULL,NULL,'payload.customerId','IN_CUST_ID')
,('API_U_VALIDATE_RECO','REQ','BODY',9,NULL,NULL,NULL,'payload.offeringCode','DV_OFFERING_CODE')
,('API_U_VALIDATE_RECO','REQ','BODY',10,NULL,NULL,NULL,'payload.valueDate','IN_VAL_DT')
,('API_U_VALIDATE_RECO','REQ','BODY',11,NULL,NULL,NULL,'payload.debitAmount','IN_DEBT_AMT')
,('API_U_VALIDATE_RECO','REQ','BODY',12,NULL,NULL,NULL,'payload.debitAmounyCurrency','IN_DEBT_AMT_CCY')
,('API_U_VALIDATE_RECO','REQ','BODY',13,NULL,NULL,NULL,'payload.nationalRate','FL_NTNL_RATE')
;
INSERT INTO "CP_Client".icp_dynamic_api_dtls (api_code,req_resp,param_type,seq,param_name,param_field_code,param_static_value,resp_body_json_path,resp_body_json_field) VALUES 
('API_U_VALIDATE_RECO','REQ','BODY',14,NULL,NULL,NULL,'payload.offeringCode','DV_OFFERING_CODE')
,('API_U_SAVE_RECO','REQ','HEADER',1,'source','FLD_SOURCE_01',NULL,NULL,NULL)
,('API_U_SAVE_RECO','REQ','HEADER',2,'x-ct-infoabout','FLD_CTINFO_02',NULL,NULL,NULL)
,('API_U_SAVE_RECO','REQ','BODY',1,NULL,NULL,'234','payload.debtorAccount','IN_DR_AC')
,('API_U_SAVE_RECO','REQ','BODY',2,NULL,NULL,'456','payload.debtorAccountCurrency','IN_DR_AC_CCY')
,('API_U_SAVE_RECO','REQ','BODY',3,NULL,NULL,NULL,'payload.creditorBankCountry','IN_CR_AGT_CTRY')
,('API_U_SAVE_RECO','REQ','BODY',4,NULL,NULL,NULL,'payload.customerCategory','DV_CUST_CAT')
,('API_U_SAVE_RECO','REQ','BODY',5,NULL,NULL,NULL,'payload.instructedAmount','IN_INST_AMT')
,('API_U_SAVE_RECO','REQ','BODY',6,NULL,NULL,NULL,'payload.instructedCurrency','IN_INST_AMT_CCY')
,('API_U_SAVE_RECO','REQ','BODY',7,NULL,NULL,NULL,'payload.initiationTime','IN_INIT_TIME')
;
INSERT INTO "CP_Client".icp_dynamic_api_dtls (api_code,req_resp,param_type,seq,param_name,param_field_code,param_static_value,resp_body_json_path,resp_body_json_field) VALUES 
('API_U_SAVE_RECO','REQ','BODY',8,NULL,NULL,NULL,'payload.customerId','IN_CUST_ID')
,('API_U_SAVE_RECO','REQ','BODY',9,NULL,NULL,NULL,'payload.offeringCode','DV_OFFERING_CODE')
,('API_U_SAVE_RECO','REQ','BODY',10,NULL,NULL,NULL,'payload.valueDate','IN_VAL_DT')
,('API_U_SAVE_RECO','REQ','BODY',11,NULL,NULL,NULL,'payload.debitAmount','IN_DEBT_AMT')
,('API_U_SAVE_RECO','REQ','BODY',12,NULL,NULL,NULL,'payload.debitAmounyCurrency','IN_DEBT_AMT_CCY')
,('API_U_SAVE_RECO','REQ','BODY',13,NULL,NULL,NULL,'payload.nationalRate','FL_NTNL_RATE')
,('API_U_SAVE_RECO','REQ','BODY',14,NULL,NULL,NULL,'payload.offeringCode','DV_OFFERING_CODE')
,('API_U_GET_RECO','RES','BODY',1,'customerSector','DV_CUST_SCTR',NULL,'customerSector','DV_CUST_SCTR')
,('API_U_GET_RECO','RES','BODY',2,'debtorAccount','IN_DR_AC',NULL,'debtorAccount','IN_DR_AC')
,('API_U_GET_RECO','RES','BODY',3,'customerCategory','DV_CUST_CAT',NULL,'customerCategory','DV_CUST_CAT')
;
INSERT INTO "CP_Client".icp_dynamic_api_dtls (api_code,req_resp,param_type,seq,param_name,param_field_code,param_static_value,resp_body_json_path,resp_body_json_field) VALUES 
('API_U_GET_RECO','RES','BODY',4,'customerSegment','DV_CUST_SEG',NULL,'customerSegment','DV_CUST_SEG')
,('API_U_GET_RECO','RES','BODY',5,'creditorBankCountry','IN_CR_AGT_CTRY',NULL,'creditorBankCountry','IN_CR_AGT_CTRY')
,('API_U_GET_RECO','RES','BODY',6,'initiationDate','IN_INIT_DATE',NULL,'initiationDate','IN_INIT_DATE')
,('API_U_GET_RECO','RES','BODY',7,'customerId','IN_CUST_ID',NULL,'customerId','IN_CUST_ID')
,('API_U_GET_RECO','RES','BODY',8,'debtorAccountBranch','IN_DR_AC_BR',NULL,'debtorAccountBranch','IN_DR_AC_BR')
,('API_U_GET_RECO','RES','BODY',9,'instructedAmount','IN_INST_AMT',NULL,'instructedAmount','IN_INST_AMT')
,('API_U_GET_RECO','RES','BODY',10,'debtorAccountCurrency','IN_DR_AC_CCY',NULL,'debtorAccountCurrency','IN_DR_AC_CCY')
,('API_U_GET_RECO','RES','BODY',11,'userId','IN_USER_ID',NULL,'userId','IN_USER_ID')
,('API_U_GET_RECO','RES','BODY',12,'initiationTime','IN_INIT_TIME',NULL,'initiationTime','IN_INIT_TIME')
,('API_U_GET_RECO','RES','BODY',13,'instructedCurrency','IN_INST_AMT_CCY',NULL,'instructedCurrency','IN_INST_AMT_CCY')
;
INSERT INTO "CP_Client".icp_dynamic_api_dtls (api_code,req_resp,param_type,seq,param_name,param_field_code,param_static_value,resp_body_json_path,resp_body_json_field) VALUES 
('API_U_GET_RECO','RES','BODY',14,'offeringCode','DV_OFFERING_CODE',NULL,'offeringCode','DV_OFFERING_CODE')
,('API_U_GET_RECO','RES','BODY',15,'eligibleUser','FLD_DER_ELIGIBLE_USER',NULL,'eligibleUser','FLD_DER_ELIGIBLE_USER')
,('API_U_SAVE_RECO','RES','BODY',1,'customerSector','DV_CUST_SCTR',NULL,'customerSector','DV_CUST_SCTR')
,('API_U_SAVE_RECO','RES','BODY',2,'debtorAccount','IN_DR_AC',NULL,'debtorAccount','IN_DR_AC')
,('API_U_SAVE_RECO','RES','BODY',3,'customerCategory','DV_CUST_CAT',NULL,'customerCategory','DV_CUST_CAT')
,('API_U_SAVE_RECO','RES','BODY',4,'customerSegment','DV_CUST_SEG',NULL,'customerSegment','DV_CUST_SEG')
,('API_U_SAVE_RECO','RES','BODY',5,'creditorBankCountry','IN_CR_AGT_CTRY',NULL,'creditorBankCountry','IN_CR_AGT_CTRY')
,('API_U_SAVE_RECO','RES','BODY',6,'initiationDate','IN_INIT_DATE',NULL,'initiationDate','IN_INIT_DATE')
,('API_U_SAVE_RECO','RES','BODY',7,'customerId','IN_CUST_ID',NULL,'customerId','IN_CUST_ID')
,('API_U_SAVE_RECO','RES','BODY',8,'debtorAccountBranch','IN_DR_AC_BR',NULL,'debtorAccountBranch','IN_DR_AC_BR')
;
INSERT INTO "CP_Client".icp_dynamic_api_dtls (api_code,req_resp,param_type,seq,param_name,param_field_code,param_static_value,resp_body_json_path,resp_body_json_field) VALUES 
('API_U_SAVE_RECO','RES','BODY',9,'instructedAmount','IN_INST_AMT',NULL,'instructedAmount','IN_INST_AMT')
,('API_U_SAVE_RECO','RES','BODY',10,'debtorAccountCurrency','IN_DR_AC_CCY',NULL,'debtorAccountCurrency','IN_DR_AC_CCY')
,('API_U_SAVE_RECO','RES','BODY',11,'userId','IN_USER_ID',NULL,'userId','IN_USER_ID')
,('API_U_SAVE_RECO','RES','BODY',12,'initiationTime','IN_INIT_TIME',NULL,'initiationTime','IN_INIT_TIME')
,('API_U_SAVE_RECO','RES','BODY',13,'instructedCurrency','IN_INST_AMT_CCY',NULL,'instructedCurrency','IN_INST_AMT_CCY')
,('API_U_SAVE_RECO','RES','BODY',14,'offeringCode','DV_OFFERING_CODE',NULL,'offeringCode','DV_OFFERING_CODE')
,('API_U_SAVE_RECO','RES','BODY',15,'eligibleUser','FLD_DER_ELIGIBLE_USER',NULL,'eligibleUser','FLD_DER_ELIGIBLE_USER')
,('API_U_VALIDATE_RECO','RES','BODY',1,'customerSector','DV_CUST_SCTR',NULL,'customerSector','DV_CUST_SCTR')
,('API_U_VALIDATE_RECO','RES','BODY',2,'debtorAccount','IN_DR_AC',NULL,'debtorAccount','IN_DR_AC')
,('API_U_VALIDATE_RECO','RES','BODY',3,'customerCategory','DV_CUST_CAT',NULL,'customerCategory','DV_CUST_CAT')
;
INSERT INTO "CP_Client".icp_dynamic_api_dtls (api_code,req_resp,param_type,seq,param_name,param_field_code,param_static_value,resp_body_json_path,resp_body_json_field) VALUES 
('API_U_VALIDATE_RECO','RES','BODY',4,'customerSegment','DV_CUST_SEG',NULL,'customerSegment','DV_CUST_SEG')
,('API_U_VALIDATE_RECO','RES','BODY',5,'creditorBankCountry','IN_CR_AGT_CTRY',NULL,'creditorBankCountry','IN_CR_AGT_CTRY')
,('API_U_VALIDATE_RECO','RES','BODY',6,'initiationDate','IN_INIT_DATE',NULL,'initiationDate','IN_INIT_DATE')
,('API_U_VALIDATE_RECO','RES','BODY',7,'customerId','IN_CUST_ID',NULL,'customerId','IN_CUST_ID')
,('API_U_VALIDATE_RECO','RES','BODY',8,'debtorAccountBranch','IN_DR_AC_BR',NULL,'debtorAccountBranch','IN_DR_AC_BR')
,('API_U_VALIDATE_RECO','RES','BODY',9,'instructedAmount','IN_INST_AMT',NULL,'instructedAmount','IN_INST_AMT')
,('API_U_VALIDATE_RECO','RES','BODY',10,'debtorAccountCurrency','IN_DR_AC_CCY',NULL,'debtorAccountCurrency','IN_DR_AC_CCY')
,('API_U_VALIDATE_RECO','RES','BODY',11,'userId','IN_USER_ID',NULL,'userId','IN_USER_ID')
,('API_U_VALIDATE_RECO','RES','BODY',12,'initiationTime','IN_INIT_TIME',NULL,'initiationTime','IN_INIT_TIME')
,('API_U_VALIDATE_RECO','RES','BODY',13,'instructedCurrency','IN_INST_AMT_CCY',NULL,'instructedCurrency','IN_INST_AMT_CCY')
;
INSERT INTO "CP_Client".icp_dynamic_api_dtls (api_code,req_resp,param_type,seq,param_name,param_field_code,param_static_value,resp_body_json_path,resp_body_json_field) VALUES 
('API_U_VALIDATE_RECO','RES','BODY',14,'offeringCode','DV_OFFERING_CODE',NULL,'offeringCode','DV_OFFERING_CODE')
,('API_U_VALIDATE_RECO','RES','BODY',15,'eligibleUser','FLD_DER_ELIGIBLE_USER',NULL,'eligibleUser','FLD_DER_ELIGIBLE_USER')
,('API_U_VALIDATE_RECO','RES','BODY',16,'valueDate','IN_VAL_DT',NULL,'valueDate','IN_VAL_DT')
,('API_U_VALIDATE_RECO','RES','BODY',17,'debitorAmount','IN_DEBT_AMT',NULL,'debitorAmount','IN_DEBT_AMT')
,('API_U_VALIDATE_RECO','RES','BODY',18,'disclaimer','DV_FLD_DISCLMR',NULL,'disclaimer','DV_FLD_DISCLMR')
,('API_U_SAVE_RECO','RES','BODY',16,'valueDate','IN_VAL_DT',NULL,'valueDate','IN_VAL_DT')
,('API_U_SAVE_RECO','RES','BODY',17,'debitorAmount','IN_DEBT_AMT',NULL,'debitorAmount','IN_DEBT_AMT')
,('API_U_SAVE_RECO','RES','BODY',18,'disclaimer','DV_FLD_DISCLMR',NULL,'disclaimer','DV_FLD_DISCLMR')
,('API_U_GET_RECO','RES','BODY',16,'valueDate','IN_VAL_DT',NULL,'valueDate','IN_VAL_DT')
,('API_U_GET_RECO','RES','BODY',17,'debitorAmount','IN_DEBT_AMT',NULL,'debitorAmount','IN_DEBT_AMT')
;
INSERT INTO "CP_Client".icp_dynamic_api_dtls (api_code,req_resp,param_type,seq,param_name,param_field_code,param_static_value,resp_body_json_path,resp_body_json_field) VALUES 
('API_U_GET_RECO','RES','BODY',18,'disclaimer','DV_FLD_DISCLMR',NULL,'disclaimer','DV_FLD_DISCLMR')
,('API_U_GET_RECO','RES','BODY',19,'freqUsedTag','DV_FREQ_USED',NULL,'freqUsedTag','DV_FREQ_USED')
,('API_U_GET_RECO','REQ','BODY',14,NULL,NULL,NULL,'payload.userId','IN_USERID')
,('API_U_GET_RECO','REQ','BODY',14,NULL,NULL,NULL,'payload.contact','IN_CONTACT')
,('API_U_VALIDATE_RECO','REQ','BODY',19,NULL,NULL,NULL,'payload.userId','IN_USERID')
;INSERT INTO "CP_Client".icp_error_codes (error_code,error_category,error_description_def,cust_error_code,cust_error_description_def,is_system_defined,maker_id,maker_date,checker_id,checker_date,flag_closed) VALUES 
('ERR_ACH_AMTCCY_001','Functional','Invalid instruction amount currency for ACH','Validation rule fail','Invalid instruction amount currency for ACH','N','SYSTEM','2019-10-17 16:39:01.979','SYSTEM','2019-10-17 16:39:01.979','N')
,('ERR_ACH_CTRY_001','Functional','Invalid country for ACH','Validation rule fail','Invalid country for ACH','N','SYSTEM','2019-10-17 16:39:01.979','SYSTEM','2019-10-17 16:39:01.979','N')
,('ERR_ACH_DEBTCCY_001','Functional','Invalid debitor amount currency for ACH','Validation rule fail','Invalid debitor amount currency for ACH','N','SYSTEM','2019-10-17 16:39:01.979','SYSTEM','2019-10-17 16:39:01.979','N')
,('ERR_ACH_MAXLMT_001','Functional','Invalid maximum transaction amount limit for ACH','Validation rule fail','Invalid maximum transaction amount limit for ACH','N','SYSTEM','2019-10-17 16:39:01.979','SYSTEM','2019-10-17 16:39:01.979','N')
,('ERR_ACH_MINLMT_001','Functional','Invalid minimum transaction amount limit for ACH','Validation rule fail','Invalid minimum transaction amount limit for ACH','N','SYSTEM','2019-10-17 16:39:01.979','SYSTEM','2019-10-17 16:39:01.979','N')
,('ERR_BILLPAY_AMTCCY_001','Functional','Invalid instruction amount currency for BILLPAY','Validation rule fail','Invalid instruction amount currency for BILLPAY','N','SYSTEM','2019-10-17 16:39:01.979','SYSTEM','2019-10-17 16:39:01.979','N')
,('ERR_BILLPAY_CTRY_001','Functional','Invalid country for BILLPAY','Validation rule fail','Invalid country for BILLPAY','N','SYSTEM','2019-10-17 16:39:01.979','SYSTEM','2019-10-17 16:39:01.979','N')
,('ERR_BILLPAY_DBTCCY_001','Functional','Invalid debitor amount currency for BILLPAY','Validation rule fail','Invalid debitor amount currency for BILLPAY','N','SYSTEM','2019-10-17 16:39:01.979','SYSTEM','2019-10-17 16:39:01.979','N')
,('ERR_BILLPAY_MAXLMT_001','Functional','Invalid maximum transaction amount limit for BILLPAY','Validation rule fail','Invalid maximum transaction amount limit for BILLPAY','N','SYSTEM','2019-10-17 16:39:01.979','SYSTEM','2019-10-17 16:39:01.979','N')
,('ERR_BILLPAY_MINLMT_001','Functional','Invalid minimum transaction amount limit for BILLPAY','Validation rule fail','Invalid minimum transaction amount limit for BILLPAY','N','SYSTEM','2019-10-17 16:39:01.979','SYSTEM','2019-10-17 16:39:01.979','N')
;
INSERT INTO "CP_Client".icp_error_codes (error_code,error_category,error_description_def,cust_error_code,cust_error_description_def,is_system_defined,maker_id,maker_date,checker_id,checker_date,flag_closed) VALUES 
('ERR_EFT_AMTCCY_001','Functional','Invalid instruction amount currency for EFT','Validation rule fail','Invalid instruction amount currency for EFT','N','SYSTEM','2019-10-17 16:39:01.979','SYSTEM','2019-10-17 16:39:01.979','N')
,('ERR_EFT_CTRY_001','Functional','Invalid country for EFT','Validation rule fail','Invalid country for EFT','N','SYSTEM','2019-10-17 16:39:01.979','SYSTEM','2019-10-17 16:39:01.979','N')
,('ERR_EFT_MAXLMT_001','Functional','Invalid maximum transaction amount limit for EFT','Validation rule fail','Invalid maximum transaction amount limit for EFT','N','SYSTEM','2019-10-17 16:39:01.979','SYSTEM','2019-10-17 16:39:01.979','N')
,('ERR_EFT_MINLMT_001','Functional','Invalid minimum transaction amount limit for EFT','Validation rule fail','Invalid minimum transaction amount limit for EFT','N','SYSTEM','2019-10-17 16:39:01.979','SYSTEM','2019-10-17 16:39:01.979','N')
,('ERR_ETRF_AMTCCY_001','Functional','Invalid instruction amount currency for E transfer','Validation rule fail','Invalid instruction amount currency for E transfer','N','SYSTEM','2019-10-17 16:39:01.979','SYSTEM','2019-10-17 16:39:01.979','N')
,('ERR_ETRF_CTRY_001','Functional','Invalid country for E transfer','Validation rule fail','Invalid country for E transfer','N','SYSTEM','2019-10-17 16:39:01.979','SYSTEM','2019-10-17 16:39:01.979','N')
,('ERR_ETRF_DEBTCCY_001','Functional','Invalid debitor amount currency for E transfer','Validation rule fail','Invalid debitor amount currency for E transfer','N','SYSTEM','2019-10-17 16:39:01.979','SYSTEM','2019-10-17 16:39:01.979','N')
,('ERR_ETRF_MAXLMT_001','Functional','Invalid maximum transaction amount limit','Validation rule fail','Invalid maximum transaction amount limit','N','SYSTEM','2019-10-17 16:39:01.979','SYSTEM','2019-10-17 16:39:01.979','N')
,('ERR_ETRF_MINLMT_001','Functional','Invalid minimum transaction amount limit','Validation rule fail','Invalid minimum transaction amount limit','N','SYSTEM','2019-10-17 16:39:01.979','SYSTEM','2019-10-17 16:39:01.979','N')
,('ERR_WIRE_AMTCCY_001','Functional','Invalid instruction amount currency for wires','Validation rule fail','Invalid instruction amount currency for wires','N','SYSTEM','2019-10-17 16:39:01.979','SYSTEM','2019-10-17 16:39:01.979','N')
;
INSERT INTO "CP_Client".icp_error_codes (error_code,error_category,error_description_def,cust_error_code,cust_error_description_def,is_system_defined,maker_id,maker_date,checker_id,checker_date,flag_closed) VALUES 
('ERR_WIRE_CTRY_001','Functional','Invalid country for wires','Validation rule fail','Invalid country for wires','N','SYSTEM','2019-10-17 16:39:01.979','SYSTEM','2019-10-17 16:39:01.979','N')
,('ERR_WIRE_MAXLMT_001','Functional','Invalid maximum transaction amount limit  for wires','Validation rule fail','Invalid maximum transaction amount limit  for wires','N','SYSTEM','2019-10-17 16:39:01.979','SYSTEM','2019-10-17 16:39:01.979','N')
,('ERR_WIRE_MINLMT_001','Functional','Invalid minimum transaction amount limit  for wires','Validation rule fail','Invalid minimum transaction amount limit  for wires','N','SYSTEM','2019-10-17 16:39:01.979','SYSTEM','2019-10-17 16:39:01.979','N')
,('ERR_GMT_MINLMT_001','Functional','Invalid minimum transaction amount limit','Validation rule fail','Invalid minimum transaction amount limit','N','SYSTEM','2019-10-17 16:39:01.979','SYSTEM','2019-10-17 16:39:01.979','N')
,('ERR_GMT_MAXLMT_001','Functional','Invalid maximum transaction amount limit','Validation rule fail','Invalid maximum transaction amount limit','N','SYSTEM','2019-10-17 16:39:01.979','SYSTEM','2019-10-17 16:39:01.979','N')
,('ERR_CE_001','Technical','Request can not be processed','Invalid Request','Request can not be processed. Please contact support.','N','SYSTEM','2019-10-17 16:39:01.979','SYSTEM','2019-10-17 16:39:01.979','N')
,('ERR_GET_001','Technical','Get recommendation orchestator is unable to process request','Invalid Request','Get recommendation orchestator is unable to process request','N','SYSTEM','2019-10-17 16:39:01.979','SYSTEM','2019-10-17 16:39:01.979','N')
,('ERR_ORCH_001','Technical','Interfacing or api table missing at orchestrator level','Invalid Request','Interfacing or api table missing at orchestrator level','N','SYSTEM','2019-10-17 16:39:01.979','SYSTEM','2019-10-17 16:39:01.979','N')
,('ERR_ORCH_003','Technical','Invalid url or method call','Invalid Request','Invalid url or method call','N','SYSTEM','2019-10-17 16:39:01.979','SYSTEM','2019-10-17 16:39:01.979','N')
,('ERR_ORCH_004','Technical','Orchestrator not mapped to url','Invalid Request','Orchestrator not mapped to url','N','SYSTEM','2019-10-17 16:39:01.979','SYSTEM','2019-10-17 16:39:01.979','N')
;
INSERT INTO "CP_Client".icp_error_codes (error_code,error_category,error_description_def,cust_error_code,cust_error_description_def,is_system_defined,maker_id,maker_date,checker_id,checker_date,flag_closed) VALUES 
('ERR_ORCH_005','Technical','Orchestrator unable to process request','Invalid Request','Orchestrator unable to process request','N','SYSTEM','2019-10-17 16:39:01.979','SYSTEM','2019-10-17 16:39:01.979','N')
,('ERR_ORCH_ASSM_001','Technical','Assimiliation table misisng at assimilation layer','Fullfilment fail','Assimiliation table misisng at assimilation layer','N','SYSTEM','2019-10-17 16:39:01.979','SYSTEM','2019-10-17 16:39:01.979','N')
,('ERR_ORCH_ASSM_002','Technical','Assimiliation layer unable to process request','Fullfilment fail','Assimiliation layer unable to process request','N','SYSTEM','2019-10-17 16:39:01.979','SYSTEM','2019-10-17 16:39:01.979','N')
,('ERR_ORCH_ASSM_003','Technical','Unable to convert object to json at orchestrator level','Invalid Request','Unable to convert object to json at orchestrator level','N','SYSTEM','2019-10-17 16:39:01.979','SYSTEM','2019-10-17 16:39:01.979','N')
,('ERR_ORCH_DECS_001','Technical','Decision table missing at decision layer','Decision Fail','Decision table missing at decision layer','N','SYSTEM','2019-10-17 16:39:01.979','SYSTEM','2019-10-17 16:39:01.979','N')
,('ERR_ORCH_DECS_002','Technical','Decision layer unable to process request','Decision Fail','Decision layer unable to process request','N','SYSTEM','2019-10-17 16:39:01.979','SYSTEM','2019-10-17 16:39:01.979','N')
,('ERR_ORCH_DRVD_001','Technical','Mandatory field missing at derived layer','Invalid Request','Mandatory field missing at derived layer','N','SYSTEM','2019-10-17 16:39:01.979','SYSTEM','2019-10-17 16:39:01.979','N')
,('ERR_ORCH_DRVD_002','Technical','Irule failed for the given input','Validation rule fail','Irule failed for the given input','N','SYSTEM','2019-10-17 16:39:01.979','SYSTEM','2019-10-17 16:39:01.979','N')
,('ERR_ORCH_DRVD_003','Technical','Derived field code list missing','Enrichment Fail','Derived field code list missing','N','SYSTEM','2019-10-17 16:39:01.979','SYSTEM','2019-10-17 16:39:01.979','N')
,('ERR_ORCH_DRVD_004','Technical','Derived enrichment table missing','Enrichment Fail','Derived enrichment table missing','N','SYSTEM','2019-10-17 16:39:01.979','SYSTEM','2019-10-17 16:39:01.979','N')
;
INSERT INTO "CP_Client".icp_error_codes (error_code,error_category,error_description_def,cust_error_code,cust_error_description_def,is_system_defined,maker_id,maker_date,checker_id,checker_date,flag_closed) VALUES 
('ERR_ORCH_DRVD_005','Technical','Derived layer unable to process request','Enrichment Fail','Derived layer unable to process request','N','SYSTEM','2019-10-17 16:39:01.979','SYSTEM','2019-10-17 16:39:01.979','N')
,('ERR_ORCH_ELIM_001','Technical','Elimination table misisng at elimination layer','Elimination Fail','Elimination table misisng at elimination layer','N','SYSTEM','2019-10-17 16:39:01.979','SYSTEM','2019-10-17 16:39:01.979','N')
,('ERR_ORCH_ELIM_002','Technical','Elimination layer unable to process request','Elimination Fail','Elimination layer unable to process request','N','SYSTEM','2019-10-17 16:39:01.979','SYSTEM','2019-10-17 16:39:01.979','N')
,('ERR_ORCH_RECR_001','Technical','Api table missing at reciver level','Invalid Request','Api table missing at reciver level','N','SYSTEM','2019-10-17 16:39:01.979','SYSTEM','2019-10-17 16:39:01.979','N')
,('ERR_ORCH_RECR_002','Technical','Reciver layer unable to process request','Invalid Request','Reciver layer unable to process request','N','SYSTEM','2019-10-17 16:39:01.979','SYSTEM','2019-10-17 16:39:01.979','N')
,('ERR_ORCH_SCOR_001','Technical','Scoring layer is unable to process request','Scoring Fail','Scoring layer is unable to process request','N','SYSTEM','2019-10-17 16:39:01.979','SYSTEM','2019-10-17 16:39:01.979','N')
,('ERR_ORCH_WEGT_001','Technical','Decision weight layer unable to process request','Decision Fail','Decision weight layer unable to process request','N','SYSTEM','2019-10-17 16:39:01.979','SYSTEM','2019-10-17 16:39:01.979','N')
,('ERR_SAVE_001','Technical','Selected save orcestrator is unable to process requuest','Invalid Request','Selected save orcestrator is unable to process requuest','N','SYSTEM','2019-10-17 16:39:01.979','SYSTEM','2019-10-17 16:39:01.979','N')
,('ERR_SAVE_002','Technical','Original request id missing in the given context','Invalid Request','Original request id missing in the given context','N','SYSTEM','2019-10-17 16:39:01.979','SYSTEM','2019-10-17 16:39:01.979','N')
,('ERR_SAVE_003','Technical','Selected save table missing at selected save orchestrator layer','Invalid Request','Selected save table missing at selected save orchestrator layer','N','SYSTEM','2019-10-17 16:39:01.979','SYSTEM','2019-10-17 16:39:01.979','N')
;
INSERT INTO "CP_Client".icp_error_codes (error_code,error_category,error_description_def,cust_error_code,cust_error_description_def,is_system_defined,maker_id,maker_date,checker_id,checker_date,flag_closed) VALUES 
('ERR_SAVE_004','Technical','Fulfillment derived table misisng at selected save layer','Fullfilment fail','Fulfillment derived table misisng at selected save layer','N','SYSTEM','2019-10-17 16:39:01.979','SYSTEM','2019-10-17 16:39:01.979','N')
,('ERR_SAVE_005','Technical','Offering code missing at selected save layer','Invalid Request','Offering code missing at selected save layer','N','SYSTEM','2019-10-17 16:39:01.979','SYSTEM','2019-10-17 16:39:01.979','N')
,('ERR_VALD_001','Technical','Validation orcestartor is unable to process request','Invalid Request','Validation orcestartor is unable to process request','N','SYSTEM','2019-10-17 16:39:01.979','SYSTEM','2019-10-17 16:39:01.979','N')
,('ERR_VALD_002','Technical','Offering code missing at validation orcestartor layer','Invalid Request','Offering code missing at validation orcestartor layer','N','SYSTEM','2019-10-17 16:39:01.979','SYSTEM','2019-10-17 16:39:01.979','N')
,('ERR_ORCH_002','Technical','Invalid request','400','Invalid request','N','SYSTEM','2019-10-17 16:39:01.979','SYSTEM','2019-10-17 16:39:01.979','N')
,('ERR_ETRF_VD_001','Functional','Invalid value date for ETRF','Validation rule fail','Invalid value date for ETRF','N','SYSTEM','2019-10-24 18:09:13.976','SYSTEM','2019-10-24 18:09:13.976','N')
,('ERR_WIRE_VD_001','Functional','Invalid value date for WIRE','Validation rule fail','Invalid value date for WIRE','N','SYSTEM','2019-10-24 18:09:13.976','SYSTEM','2019-10-24 18:09:13.976','N')
,('ERR_ACH_VD_001','Functional','Invalid value date for ACH','Validation rule fail','Invalid value date for ACH','N','SYSTEM','2019-10-24 18:09:13.976','SYSTEM','2019-10-24 18:09:13.976','N')
,('ERR_EFT_VD_001','Functional','Invalid value date for EFT','Validation rule fail','Invalid value date for EFT','N','SYSTEM','2019-10-24 18:09:13.976','SYSTEM','2019-10-24 18:09:13.976','N')
,('ERR_GMT_VD_001','Functional','Invalid value date for GMT','Validation rule fail','Invalid value date for GMT','N','SYSTEM','2019-10-24 18:09:13.976','SYSTEM','2019-10-24 18:09:13.976','N')
;
INSERT INTO "CP_Client".icp_error_codes (error_code,error_category,error_description_def,cust_error_code,cust_error_description_def,is_system_defined,maker_id,maker_date,checker_id,checker_date,flag_closed) VALUES 
('ERR_BILLPAY_VD_001','Functional','Invalid value date for BILLPAY','Validation rule fail','Invalid value date for BILLPAY','N','SYSTEM','2019-10-24 18:09:13.976','SYSTEM','2019-10-24 18:09:13.976','N')
,('ERR_BILLPAY_ENTUSR_001','Functional','User not entitled','Validation rule fail','User not entitled','N','SYSTEM','2019-10-17 16:39:01.979','SYSTEM','2019-10-17 16:39:01.979','N')
,('ERR_WIRE_ENTUSR_001','Functional','User not entitled','Validation rule fail','User not entitled','N','SYSTEM','2019-10-17 16:39:01.979','SYSTEM','2019-10-17 16:39:01.979','N')
,('ERR_ACH_ENTUSR_001','Functional','User not entitled','Validation rule fail','User not entitled','N','SYSTEM','2019-10-17 16:39:01.979','SYSTEM','2019-10-17 16:39:01.979','N')
,('ERR_EFT_ENTUSR_001','Functional','User not entitled','Validation rule fail','User not entitled','N','SYSTEM','2019-10-17 16:39:01.979','SYSTEM','2019-10-17 16:39:01.979','N')
,('ERR_ETRF_ENTUSR_001','Functional','User not entitled','Validation rule fail','User not entitled','N','SYSTEM','2019-10-17 16:39:01.979','SYSTEM','2019-10-17 16:39:01.979','N')
,('ERR_GMT_ENTUSR_001','Functional','User not entitled','Validation rule fail','User not entitled','N','SYSTEM','2019-10-17 16:39:01.979','SYSTEM','2019-10-17 16:39:01.979','N')
;INSERT INTO "CP_Client".icp_erule_dtls (erule_code,seq,vrule_bucket,vrule_code,if_enrichment_type,if_enrichment_value) VALUES 
('EN_DISCLMR_ETRF',1,'Validation','ALWAYS_TRUE','FIXED','Disclaimer - The e-transfer instructions issued shall be irrevocable and the customer understands that the customer shall not be entitled to withdraw the same under any circumstances.')
,('EN_DISCLMR_WIRE',1,'Validation','ALWAYS_TRUE','FIXED','Disclaimer - The wires instructions issued shall be irrevocable and the customer understands that the customer shall not be entitled to withdraw the same under any circumstances.')
,('EN_DISCLMR_ACH',1,'Validation','ALWAYS_TRUE','FIXED','Disclaimer - The ACH instructions issued shall be irrevocable and the customer understands that the customer shall not be entitled to withdraw the same under any circumstances.')
,('EN_DISCLMR_GMT',1,'Validation','ALWAYS_TRUE','FIXED','Disclaimer - The GMT instructions issued shall be irrevocable and the customer understands that the customer shall not be entitled to withdraw the same under any circumstances.')
,('EN_DISCLMR_BILLPAY',1,'Validation','ALWAYS_TRUE','FIXED','Disclaimer - The Billpay instructions issued shall be irrevocable and the customer understands that the customer shall not be entitled to withdraw the same under any circumstances.')
,('EN_DER_ETRF_OFFRCODE',1,'Validation','ALWAYS_TRUE','FIXED','PRD_OFRNG_ETRF_001')
,('EN_DER_WIRE_OFFRCODE',1,'Validation','ALWAYS_TRUE','FIXED','PRD_OFRNG_WIRE_001')
,('EN_DER_ACH_OFFRCODE',1,'Validation','ALWAYS_TRUE','FIXED','PRD_OFRNG_ACH_001')
,('EN_DER_EFT_OFFRCODE',1,'Validation','ALWAYS_TRUE','FIXED','PRD_OFRNG_EFT_001')
,('EN_DER_GMT_OFFRCODE',1,'Validation','ALWAYS_TRUE','FIXED','PRD_OFRNG_GMT_001')
;
INSERT INTO "CP_Client".icp_erule_dtls (erule_code,seq,vrule_bucket,vrule_code,if_enrichment_type,if_enrichment_value) VALUES 
('EN_DER_BILLPAY_OFFRCODE',1,'Validation','ALWAYS_TRUE','FIXED','PRD_OFRNG_BILLPAY_001')
,('EN_DEC_TIME_VD',1,'Validation','ALWAYS_TRUE','FIXED','190101')
,('EN_DEC_TIME_VD_DISPLAY',1,'Validation','ALWAYS_TRUE','FIXED','01-Jan-2019')
,('EN_VALUE_DATE',1,'Validation','ALWAYS_TRUE','QUERY','QRY_NEW_VD_SCORE')
,('EN_FREQ_USED',1,'Validation','ALWAYS_TRUE','QUERY','QRY_FREQ')
,('EN_VALUE_DATE_DISPLAY',1,'Validation','ALWAYS_TRUE','QUERY','QRY_NEW_VD_DISPLAY')
,('EN_DEC_COST_DISPLAY',5,'Validation','IS_SMARTBNK_GMT','FIXED','45.00 CAD')
,('EN_DEC_COST_DISPLAY',2,'Validation','IS_SMARTBNK_WIRE','FIXED','20.00 CAD')
,('EN_DEC_COST_DISPLAY',3,'Validation','IS_SMARTBNK_ACH','FIXED','10.00 CAD')
,('EN_DEC_COST_DISPLAY',4,'Validation','IS_SMARTBNK_EFT','FIXED','2.00 CAD')
;
INSERT INTO "CP_Client".icp_erule_dtls (erule_code,seq,vrule_bucket,vrule_code,if_enrichment_type,if_enrichment_value) VALUES 
('EN_DEC_COST_DISPLAY',7,'Validation','IS_CASHMGM_EFTR','FIXED','1.50 CAD')
,('EN_DEC_COST_DISPLAY',8,'Validation','IS_CASHMGM_WIRE','FIXED','15.00 CAD')
,('EN_DEC_COST_DISPLAY',9,'Validation','IS_CASHMGM_ACH','FIXED','10.00 CAD')
,('EN_DEC_COST_DISPLAY',6,'Validation','IS_SMARTBNK_BILLPAY','FIXED','38.00 CAD')
,('EN_DEC_COST_DISPLAY',1,'Validation','IS_CASHMGM_EFT','FIXED','2.00 CAD')
,('EN_DEC_COST_DISPLAY',1,'Validation','IS_CASHMGM_GMT','FIXED','30.00 CAD')
,('EN_DEC_COST_DISPLAY',2,'Validation','IS_CASHMGM_BILLPAY','FIXED','40.00 CAD')
,('EN_DEC_COST_CAD',2,'Validation','IS_SMARTBNK_WIRE','FIXED','20')
,('EN_DEC_COST_CAD',3,'Validation','IS_SMARTBNK_ACH','FIXED','10')
,('EN_DEC_COST_CAD',4,'Validation','IS_SMARTBNK_EFT','FIXED','2')
;
INSERT INTO "CP_Client".icp_erule_dtls (erule_code,seq,vrule_bucket,vrule_code,if_enrichment_type,if_enrichment_value) VALUES 
('EN_DEC_COST_CAD',7,'Validation','IS_CASHMGM_EFTR','FIXED','1.5')
,('EN_DEC_COST_CAD',8,'Validation','IS_CASHMGM_WIRE','FIXED','15')
,('EN_DEC_COST_CAD',9,'Validation','IS_CASHMGM_ACH','FIXED','10')
,('EN_DEC_COST_CAD',6,'Validation','IS_SMARTBNK_BILLPAY','FIXED','38')
,('EN_DEC_COST_CAD',1,'Validation','IS_CASHMGM_EFT','FIXED','2')
,('EN_DEC_COST_CAD',1,'Validation','IS_CASHMGM_GMT','FIXED','30')
,('EN_DEC_COST_CAD',2,'Validation','IS_CASHMGM_BILLPAY','FIXED','40')
,('EN_DEC_COST_CAD',5,'Validation','IS_SMARTBNK_GMT','FIXED','45')
,('EN_DEC_COST_CAD',1,'Validation','IS_SMARTBNK_EFTR','FIXED','5')
,('EN_DEC_COST_DISPLAY',1,'Validation','IS_SMARTBNK_EFTR','FIXED','5.00 CAD')
;
INSERT INTO "CP_Client".icp_erule_dtls (erule_code,seq,vrule_bucket,vrule_code,if_enrichment_type,if_enrichment_value) VALUES 
('EN_DER_ELIGIBLE',1,'Validation','ALWAYS_TRUE','QUERY','QRY_USER_ELIGIBLE')
,('EN_DISCLMR_EFT',1,'Validation','ALWAYS_TRUE','FIXED','Disclaimer - The EFT instructions issued shall be irrevocable and the customer understands that the customer shall not be entitled to withdraw the same under any circumstances.')
;INSERT INTO "CP_Client".icp_erule_master (erule_code,erule_name,erule_description,rule_bucket,else_enrichment_type,else_enrichment_value,is_system_defined,maker_id,maker_date,checker_id,checker_date,flag_closed) VALUES 
('EN_DER_ELIGIBLE','Derive Eligibility of User','Derive Eligibility of User','Derived Fields','FIXED','N','N','SYSTEM','2019-08-27 17:04:18.917','SYSTEM','2019-08-27 17:04:18.917','N')
,('EN_DISCLMR_ETRF','Disclaimer-Business eTransfer','Disclaimer for Business eTransfer','Disclaimer','FIXED','0','N','SYSTEM','2019-08-27 17:04:18.917','SYSTEM','2019-08-27 17:04:18.917','N')
,('EN_DISCLMR_WIRE','Disclaimer-Wires','Disclaimer for wires','Disclaimer','FIXED','0','N','SYSTEM','2019-08-27 17:04:18.917','SYSTEM','2019-08-27 17:04:18.917','N')
,('EN_DISCLMR_ACH','Disclaimer-ACH Payment','Disclaimer for ACH Payment','Disclaimer','FIXED','0','N','SYSTEM','2019-08-27 17:04:18.917','SYSTEM','2019-08-27 17:04:18.917','N')
,('EN_DISCLMR_EFT','Disclaimer-EFT Payment','Disclaimer for EFT Payment','Disclaimer','FIXED','0','N','SYSTEM','2019-08-27 17:04:18.917','SYSTEM','2019-08-27 17:04:18.917','N')
,('EN_DISCLMR_GMT','Disclaimer-Global Money Transfer','Disclaimer for Global Money Transfer','Disclaimer','FIXED','0','N','SYSTEM','2019-08-27 17:04:18.917','SYSTEM','2019-08-27 17:04:18.917','N')
,('EN_DISCLMR_BILLPAY','Disclaimer-Bill Payment','Disclaimer for Bill Payment','Disclaimer','FIXED','0','N','SYSTEM','2019-08-27 17:04:18.917','SYSTEM','2019-08-27 17:04:18.917','N')
,('EN_DEC_TIME_VD','Scoring - Value Date','Scoring - Value Date','Decision','FIXED','0','N','SYSTEM','2019-08-27 17:04:18.917','SYSTEM','2019-08-27 17:04:18.917','N')
,('EN_DEC_TIME_VD_DISPLAY','Display Scoring - Value Date','Display Scoring - Value Date','Decision','FIXED','0','N','SYSTEM','2019-08-27 17:04:18.917','SYSTEM','2019-08-27 17:04:18.917','N')
,('EN_DEC_TIME_RD_DISPLAY','Display Scoring - Release Date','Display Scoring - Release Date','Decision','FIXED','0','N','SYSTEM','2019-08-27 17:04:18.917','SYSTEM','2019-08-27 17:04:18.917','N')
;
INSERT INTO "CP_Client".icp_erule_master (erule_code,erule_name,erule_description,rule_bucket,else_enrichment_type,else_enrichment_value,is_system_defined,maker_id,maker_date,checker_id,checker_date,flag_closed) VALUES 
('EN_DER_ETRF_OFFRCODE','Deriving Offering Code For ETRF','Deriving Offering Code','Derived Fields','FIXED','0','N','SYSTEM','2019-08-27 17:04:18.917','SYSTEM','2019-08-27 17:04:18.917','N')
,('EN_DER_WIRE_OFFRCODE','Deriving Offering Code For Wire','Deriving Offering Code','Derived Fields','FIXED','0','N','SYSTEM','2019-08-27 17:04:18.917','SYSTEM','2019-08-27 17:04:18.917','N')
,('EN_DER_ACH_OFFRCODE','Deriving Offering Code For ACH','Deriving Offering Code','Derived Fields','FIXED','0','N','SYSTEM','2019-08-27 17:04:18.917','SYSTEM','2019-08-27 17:04:18.917','N')
,('EN_DER_EFT_OFFRCODE','Deriving Offering Code For EFT','Deriving Offering Code','Derived Fields','FIXED','0','N','SYSTEM','2019-08-27 17:04:18.917','SYSTEM','2019-08-27 17:04:18.917','N')
,('EN_DER_GMT_OFFRCODE','Deriving Offering Code For GMT','Deriving Offering Code','Derived Fields','FIXED','0','N','SYSTEM','2019-08-27 17:04:18.917','SYSTEM','2019-08-27 17:04:18.917','N')
,('EN_DER_BILLPAY_OFFRCODE','Deriving Offering Code For BillPay','Deriving Offering Code','Derived Fields','FIXED','0','N','SYSTEM','2019-08-27 17:04:18.917','SYSTEM','2019-08-27 17:04:18.917','N')
,('EN_VALUE_DATE','Scoring - Value Date','Scoring - Value Date','Decision','FIXED','0','N','SYSTEM','2019-08-27 17:04:18.000','SYSTEM','2019-08-27 17:04:18.000','N')
,('EN_VALUE_DATE_DISPLAY','Scoring - Value Date Display','Scoring - Value Date Display','Decision','FIXED','0','N','SYSTEM','2019-08-27 17:04:18.000','SYSTEM','2019-08-27 17:04:18.000','N')
,('EN_DEC_COST_DISPLAY','Display Scoring - Cost','Display Scoring - Cost','Decision','FIXED','0.00 CAD','N','SYSTEM','2019-08-27 17:04:18.917','SYSTEM','2019-08-27 17:04:18.917','N')
,('EN_DEC_COST_CAD','Scoring - Cost','Scoring - Cost','Decision','FIXED','0','N','SYSTEM','2019-08-27 17:04:18.917','SYSTEM','2019-08-27 17:04:18.917','N')
;
INSERT INTO "CP_Client".icp_erule_master (erule_code,erule_name,erule_description,rule_bucket,else_enrichment_type,else_enrichment_value,is_system_defined,maker_id,maker_date,checker_id,checker_date,flag_closed) VALUES 
('EN_FREQ_USED','Frequently Used Enrichment','Frequently Used Enrichment','Derived Fields','FIXED',' ','N','SYSTEM','2019-08-27 17:04:18.917','SYSTEM','2019-08-27 17:04:18.917','N')
;INSERT INTO "CP_Client".icp_exception_log (api_cp_reference_id,api_channel_request_id,api_date_time,api_layer,api_stage,api_fine_grain,api_payload,api_error_msg,api_error_trace) VALUES 
(NULL,NULL,'2021-02-03 07:15:17.268',NULL,NULL,NULL,'','ORIGINAL REQUEST ID MISSING','[com.intellect.contextual.service.orchestrator.SelectedSaveRecommendationOrchestrator.execute(SelectedSaveRecommendationOrchestrator.java:140), com.intellect.contextual.service.orchestrator.SelectedSaveRecommendationOrchestrator$$FastClassBySpringCGLIB$$63163ce4.invoke(<generated>), org.springframework.cglib.proxy.MethodProxy.invoke(MethodProxy.java:218), org.springframework.aop.framework.CglibAopProxy$CglibMethodInvocation.invokeJoinpoint(CglibAopProxy.java:749), org.springframework.aop.framework.ReflectiveMethodInvocation.proceed(ReflectiveMethodInvocation.java:163), org.springframework.aop.framework.adapter.AfterReturningAdviceInterceptor.invoke(AfterReturningAdviceInterceptor.java:55), org.springframework.aop.framework.ReflectiveMethodInvocation.proceed(ReflectiveMethodInvocation.java:186), org.springframework.aop.aspectj.AspectJAfterThrowingAdvice.invoke(AspectJAfterThrowingAdvice.java:62), org.springframework.aop.framework.ReflectiveMethodInvocation.proceed(ReflectiveMethodInvocation.java:186), org.springframework.aop.interceptor.ExposeInvocationInterceptor.invoke(ExposeInvocationInterceptor.java:93), org.springframework.aop.framework.ReflectiveMethodInvocation.proceed(ReflectiveMethodInvocation.java:186), org.springframework.aop.framework.CglibAopProxy$DynamicAdvisedInterceptor.intercept(CglibAopProxy.java:688), com.intellect.contextual.service.orchestrator.SelectedSaveRecommendationOrchestrator$$EnhancerBySpringCGLIB$$326c38bd.execute(<generated>), com.intellect.contextual.controller.ContextualUpstreamController.upStreamRequestHandler(ContextualUpstreamController.java:169), com.intellect.contextual.controller.ContextualUpstreamController$$FastClassBySpringCGLIB$$29c21518.invoke(<generated>), org.springframework.cglib.proxy.MethodProxy.invoke(MethodProxy.java:218), org.springframework.aop.framework.CglibAopProxy$CglibMethodInvocation.invokeJoinpoint(CglibAopProxy.java:749), org.springframework.aop.framework.ReflectiveMethodInvocation.proceed(ReflectiveMethodInvocation.java:163), org.springframework.aop.framework.adapter.AfterReturningAdviceInterceptor.invoke(AfterReturningAdviceInterceptor.java:55), org.springframework.aop.framework.ReflectiveMethodInvocation.proceed(ReflectiveMethodInvocation.java:186), org.springframework.aop.interceptor.ExposeInvocationInterceptor.invoke(ExposeInvocationInterceptor.java:93), org.springframework.aop.framework.ReflectiveMethodInvocation.proceed(ReflectiveMethodInvocation.java:186), org.springframework.aop.framework.CglibAopProxy$DynamicAdvisedInterceptor.intercept(CglibAopProxy.java:688), com.intellect.contextual.controller.ContextualUpstreamController$$EnhancerBySpringCGLIB$$7c57ce49.upStreamRequestHandler(<generated>), sun.reflect.NativeMethodAccessorImpl.invoke0(Native Method), sun.reflect.NativeMethodAccessorImpl.invoke(NativeMethodAccessorImpl.java:62), sun.reflect.DelegatingMethodAccessorImpl.invoke(DelegatingMethodAccessorImpl.java:43), java.lang.reflect.Method.invoke(Method.java:498), org.springframework.web.method.support.InvocableHandlerMethod.doInvoke(InvocableHandlerMethod.java:190), org.springframework.web.method.support.InvocableHandlerMethod.invokeForRequest(InvocableHandlerMethod.java:138), org.springframework.web.servlet.mvc.method.annotation.ServletInvocableHandlerMethod.invokeAndHandle(ServletInvocableHandlerMethod.java:104), org.springframework.web.servlet.mvc.method.annotation.RequestMappingHandlerAdapter.invokeHandlerMethod(RequestMappingHandlerAdapter.java:892), org.springframework.web.servlet.mvc.method.annotation.RequestMappingHandlerAdapter.handleInternal(RequestMappingHandlerAdapter.java:797), org.springframework.web.servlet.mvc.method.AbstractHandlerMethodAdapter.handle(AbstractHandlerMethodAdapter.java:87), org.springframework.web.servlet.DispatcherServlet.doDispatch(DispatcherServlet.java:1039), org.springframework.web.servlet.DispatcherServlet.doService(DispatcherServlet.java:942), org.springframework.web.servlet.FrameworkServlet.processRequest(Framework')
,(NULL,NULL,'2021-02-04 03:21:13.394',NULL,NULL,NULL,'','ORIGINAL REQUEST ID MISSING','[com.intellect.contextual.service.orchestrator.SelectedSaveRecommendationOrchestrator.execute(SelectedSaveRecommendationOrchestrator.java:140), com.intellect.contextual.service.orchestrator.SelectedSaveRecommendationOrchestrator$$FastClassBySpringCGLIB$$63163ce4.invoke(<generated>), org.springframework.cglib.proxy.MethodProxy.invoke(MethodProxy.java:218), org.springframework.aop.framework.CglibAopProxy$CglibMethodInvocation.invokeJoinpoint(CglibAopProxy.java:749), org.springframework.aop.framework.ReflectiveMethodInvocation.proceed(ReflectiveMethodInvocation.java:163), org.springframework.aop.framework.adapter.AfterReturningAdviceInterceptor.invoke(AfterReturningAdviceInterceptor.java:55), org.springframework.aop.framework.ReflectiveMethodInvocation.proceed(ReflectiveMethodInvocation.java:186), org.springframework.aop.aspectj.AspectJAfterThrowingAdvice.invoke(AspectJAfterThrowingAdvice.java:62), org.springframework.aop.framework.ReflectiveMethodInvocation.proceed(ReflectiveMethodInvocation.java:186), org.springframework.aop.interceptor.ExposeInvocationInterceptor.invoke(ExposeInvocationInterceptor.java:93), org.springframework.aop.framework.ReflectiveMethodInvocation.proceed(ReflectiveMethodInvocation.java:186), org.springframework.aop.framework.CglibAopProxy$DynamicAdvisedInterceptor.intercept(CglibAopProxy.java:688), com.intellect.contextual.service.orchestrator.SelectedSaveRecommendationOrchestrator$$EnhancerBySpringCGLIB$$1801576.execute(<generated>), com.intellect.contextual.controller.ContextualUpstreamController.upStreamRequestHandler(ContextualUpstreamController.java:169), com.intellect.contextual.controller.ContextualUpstreamController$$FastClassBySpringCGLIB$$29c21518.invoke(<generated>), org.springframework.cglib.proxy.MethodProxy.invoke(MethodProxy.java:218), org.springframework.aop.framework.CglibAopProxy$CglibMethodInvocation.invokeJoinpoint(CglibAopProxy.java:749), org.springframework.aop.framework.ReflectiveMethodInvocation.proceed(ReflectiveMethodInvocation.java:163), org.springframework.aop.framework.adapter.AfterReturningAdviceInterceptor.invoke(AfterReturningAdviceInterceptor.java:55), org.springframework.aop.framework.ReflectiveMethodInvocation.proceed(ReflectiveMethodInvocation.java:186), org.springframework.aop.interceptor.ExposeInvocationInterceptor.invoke(ExposeInvocationInterceptor.java:93), org.springframework.aop.framework.ReflectiveMethodInvocation.proceed(ReflectiveMethodInvocation.java:186), org.springframework.aop.framework.CglibAopProxy$DynamicAdvisedInterceptor.intercept(CglibAopProxy.java:688), com.intellect.contextual.controller.ContextualUpstreamController$$EnhancerBySpringCGLIB$$803ea0c1.upStreamRequestHandler(<generated>), sun.reflect.NativeMethodAccessorImpl.invoke0(Native Method), sun.reflect.NativeMethodAccessorImpl.invoke(NativeMethodAccessorImpl.java:62), sun.reflect.DelegatingMethodAccessorImpl.invoke(DelegatingMethodAccessorImpl.java:43), java.lang.reflect.Method.invoke(Method.java:498), org.springframework.web.method.support.InvocableHandlerMethod.doInvoke(InvocableHandlerMethod.java:190), org.springframework.web.method.support.InvocableHandlerMethod.invokeForRequest(InvocableHandlerMethod.java:138), org.springframework.web.servlet.mvc.method.annotation.ServletInvocableHandlerMethod.invokeAndHandle(ServletInvocableHandlerMethod.java:104), org.springframework.web.servlet.mvc.method.annotation.RequestMappingHandlerAdapter.invokeHandlerMethod(RequestMappingHandlerAdapter.java:892), org.springframework.web.servlet.mvc.method.annotation.RequestMappingHandlerAdapter.handleInternal(RequestMappingHandlerAdapter.java:797), org.springframework.web.servlet.mvc.method.AbstractHandlerMethodAdapter.handle(AbstractHandlerMethodAdapter.java:87), org.springframework.web.servlet.DispatcherServlet.doDispatch(DispatcherServlet.java:1039), org.springframework.web.servlet.DispatcherServlet.doService(DispatcherServlet.java:942), org.springframework.web.servlet.FrameworkServlet.processRequest(FrameworkS')
,(NULL,NULL,'2021-02-04 03:54:31.809',NULL,NULL,NULL,'','ORIGINAL REQUEST ID MISSING','[com.intellect.contextual.service.orchestrator.SelectedSaveRecommendationOrchestrator.execute(SelectedSaveRecommendationOrchestrator.java:140), com.intellect.contextual.service.orchestrator.SelectedSaveRecommendationOrchestrator$$FastClassBySpringCGLIB$$63163ce4.invoke(<generated>), org.springframework.cglib.proxy.MethodProxy.invoke(MethodProxy.java:218), org.springframework.aop.framework.CglibAopProxy$CglibMethodInvocation.invokeJoinpoint(CglibAopProxy.java:749), org.springframework.aop.framework.ReflectiveMethodInvocation.proceed(ReflectiveMethodInvocation.java:163), org.springframework.aop.framework.adapter.AfterReturningAdviceInterceptor.invoke(AfterReturningAdviceInterceptor.java:55), org.springframework.aop.framework.ReflectiveMethodInvocation.proceed(ReflectiveMethodInvocation.java:186), org.springframework.aop.aspectj.AspectJAfterThrowingAdvice.invoke(AspectJAfterThrowingAdvice.java:62), org.springframework.aop.framework.ReflectiveMethodInvocation.proceed(ReflectiveMethodInvocation.java:186), org.springframework.aop.interceptor.ExposeInvocationInterceptor.invoke(ExposeInvocationInterceptor.java:93), org.springframework.aop.framework.ReflectiveMethodInvocation.proceed(ReflectiveMethodInvocation.java:186), org.springframework.aop.framework.CglibAopProxy$DynamicAdvisedInterceptor.intercept(CglibAopProxy.java:688), com.intellect.contextual.service.orchestrator.SelectedSaveRecommendationOrchestrator$$EnhancerBySpringCGLIB$$c3d40a4a.execute(<generated>), com.intellect.contextual.controller.ContextualUpstreamController.upStreamRequestHandler(ContextualUpstreamController.java:169), com.intellect.contextual.controller.ContextualUpstreamController$$FastClassBySpringCGLIB$$29c21518.invoke(<generated>), org.springframework.cglib.proxy.MethodProxy.invoke(MethodProxy.java:218), org.springframework.aop.framework.CglibAopProxy$CglibMethodInvocation.invokeJoinpoint(CglibAopProxy.java:749), org.springframework.aop.framework.ReflectiveMethodInvocation.proceed(ReflectiveMethodInvocation.java:163), org.springframework.aop.framework.adapter.AfterReturningAdviceInterceptor.invoke(AfterReturningAdviceInterceptor.java:55), org.springframework.aop.framework.ReflectiveMethodInvocation.proceed(ReflectiveMethodInvocation.java:186), org.springframework.aop.interceptor.ExposeInvocationInterceptor.invoke(ExposeInvocationInterceptor.java:93), org.springframework.aop.framework.ReflectiveMethodInvocation.proceed(ReflectiveMethodInvocation.java:186), org.springframework.aop.framework.CglibAopProxy$DynamicAdvisedInterceptor.intercept(CglibAopProxy.java:688), com.intellect.contextual.controller.ContextualUpstreamController$$EnhancerBySpringCGLIB$$4c368ad6.upStreamRequestHandler(<generated>), sun.reflect.NativeMethodAccessorImpl.invoke0(Native Method), sun.reflect.NativeMethodAccessorImpl.invoke(NativeMethodAccessorImpl.java:62), sun.reflect.DelegatingMethodAccessorImpl.invoke(DelegatingMethodAccessorImpl.java:43), java.lang.reflect.Method.invoke(Method.java:498), org.springframework.web.method.support.InvocableHandlerMethod.doInvoke(InvocableHandlerMethod.java:190), org.springframework.web.method.support.InvocableHandlerMethod.invokeForRequest(InvocableHandlerMethod.java:138), org.springframework.web.servlet.mvc.method.annotation.ServletInvocableHandlerMethod.invokeAndHandle(ServletInvocableHandlerMethod.java:104), org.springframework.web.servlet.mvc.method.annotation.RequestMappingHandlerAdapter.invokeHandlerMethod(RequestMappingHandlerAdapter.java:892), org.springframework.web.servlet.mvc.method.annotation.RequestMappingHandlerAdapter.handleInternal(RequestMappingHandlerAdapter.java:797), org.springframework.web.servlet.mvc.method.AbstractHandlerMethodAdapter.handle(AbstractHandlerMethodAdapter.java:87), org.springframework.web.servlet.DispatcherServlet.doDispatch(DispatcherServlet.java:1039), org.springframework.web.servlet.DispatcherServlet.doService(DispatcherServlet.java:942), org.springframework.web.servlet.FrameworkServlet.processRequest(Framework')
,(NULL,NULL,'2021-02-04 03:57:43.786',NULL,NULL,NULL,'','ORIGINAL REQUEST ID MISSING','[com.intellect.contextual.service.orchestrator.SelectedSaveRecommendationOrchestrator.execute(SelectedSaveRecommendationOrchestrator.java:140), com.intellect.contextual.service.orchestrator.SelectedSaveRecommendationOrchestrator$$FastClassBySpringCGLIB$$63163ce4.invoke(<generated>), org.springframework.cglib.proxy.MethodProxy.invoke(MethodProxy.java:218), org.springframework.aop.framework.CglibAopProxy$CglibMethodInvocation.invokeJoinpoint(CglibAopProxy.java:749), org.springframework.aop.framework.ReflectiveMethodInvocation.proceed(ReflectiveMethodInvocation.java:163), org.springframework.aop.framework.adapter.AfterReturningAdviceInterceptor.invoke(AfterReturningAdviceInterceptor.java:55), org.springframework.aop.framework.ReflectiveMethodInvocation.proceed(ReflectiveMethodInvocation.java:186), org.springframework.aop.aspectj.AspectJAfterThrowingAdvice.invoke(AspectJAfterThrowingAdvice.java:62), org.springframework.aop.framework.ReflectiveMethodInvocation.proceed(ReflectiveMethodInvocation.java:186), org.springframework.aop.interceptor.ExposeInvocationInterceptor.invoke(ExposeInvocationInterceptor.java:93), org.springframework.aop.framework.ReflectiveMethodInvocation.proceed(ReflectiveMethodInvocation.java:186), org.springframework.aop.framework.CglibAopProxy$DynamicAdvisedInterceptor.intercept(CglibAopProxy.java:688), com.intellect.contextual.service.orchestrator.SelectedSaveRecommendationOrchestrator$$EnhancerBySpringCGLIB$$c3d40a4a.execute(<generated>), com.intellect.contextual.controller.ContextualUpstreamController.upStreamRequestHandler(ContextualUpstreamController.java:169), com.intellect.contextual.controller.ContextualUpstreamController$$FastClassBySpringCGLIB$$29c21518.invoke(<generated>), org.springframework.cglib.proxy.MethodProxy.invoke(MethodProxy.java:218), org.springframework.aop.framework.CglibAopProxy$CglibMethodInvocation.invokeJoinpoint(CglibAopProxy.java:749), org.springframework.aop.framework.ReflectiveMethodInvocation.proceed(ReflectiveMethodInvocation.java:163), org.springframework.aop.framework.adapter.AfterReturningAdviceInterceptor.invoke(AfterReturningAdviceInterceptor.java:55), org.springframework.aop.framework.ReflectiveMethodInvocation.proceed(ReflectiveMethodInvocation.java:186), org.springframework.aop.interceptor.ExposeInvocationInterceptor.invoke(ExposeInvocationInterceptor.java:93), org.springframework.aop.framework.ReflectiveMethodInvocation.proceed(ReflectiveMethodInvocation.java:186), org.springframework.aop.framework.CglibAopProxy$DynamicAdvisedInterceptor.intercept(CglibAopProxy.java:688), com.intellect.contextual.controller.ContextualUpstreamController$$EnhancerBySpringCGLIB$$4c368ad6.upStreamRequestHandler(<generated>), sun.reflect.NativeMethodAccessorImpl.invoke0(Native Method), sun.reflect.NativeMethodAccessorImpl.invoke(NativeMethodAccessorImpl.java:62), sun.reflect.DelegatingMethodAccessorImpl.invoke(DelegatingMethodAccessorImpl.java:43), java.lang.reflect.Method.invoke(Method.java:498), org.springframework.web.method.support.InvocableHandlerMethod.doInvoke(InvocableHandlerMethod.java:190), org.springframework.web.method.support.InvocableHandlerMethod.invokeForRequest(InvocableHandlerMethod.java:138), org.springframework.web.servlet.mvc.method.annotation.ServletInvocableHandlerMethod.invokeAndHandle(ServletInvocableHandlerMethod.java:104), org.springframework.web.servlet.mvc.method.annotation.RequestMappingHandlerAdapter.invokeHandlerMethod(RequestMappingHandlerAdapter.java:892), org.springframework.web.servlet.mvc.method.annotation.RequestMappingHandlerAdapter.handleInternal(RequestMappingHandlerAdapter.java:797), org.springframework.web.servlet.mvc.method.AbstractHandlerMethodAdapter.handle(AbstractHandlerMethodAdapter.java:87), org.springframework.web.servlet.DispatcherServlet.doDispatch(DispatcherServlet.java:1039), org.springframework.web.servlet.DispatcherServlet.doService(DispatcherServlet.java:942), org.springframework.web.servlet.FrameworkServlet.processRequest(Framework')
,(NULL,NULL,'2021-02-04 04:02:07.661',NULL,NULL,NULL,'','ORIGINAL REQUEST ID MISSING','[com.intellect.contextual.service.orchestrator.SelectedSaveRecommendationOrchestrator.execute(SelectedSaveRecommendationOrchestrator.java:140), com.intellect.contextual.service.orchestrator.SelectedSaveRecommendationOrchestrator$$FastClassBySpringCGLIB$$63163ce4.invoke(<generated>), org.springframework.cglib.proxy.MethodProxy.invoke(MethodProxy.java:218), org.springframework.aop.framework.CglibAopProxy$CglibMethodInvocation.invokeJoinpoint(CglibAopProxy.java:749), org.springframework.aop.framework.ReflectiveMethodInvocation.proceed(ReflectiveMethodInvocation.java:163), org.springframework.aop.framework.adapter.AfterReturningAdviceInterceptor.invoke(AfterReturningAdviceInterceptor.java:55), org.springframework.aop.framework.ReflectiveMethodInvocation.proceed(ReflectiveMethodInvocation.java:186), org.springframework.aop.aspectj.AspectJAfterThrowingAdvice.invoke(AspectJAfterThrowingAdvice.java:62), org.springframework.aop.framework.ReflectiveMethodInvocation.proceed(ReflectiveMethodInvocation.java:186), org.springframework.aop.interceptor.ExposeInvocationInterceptor.invoke(ExposeInvocationInterceptor.java:93), org.springframework.aop.framework.ReflectiveMethodInvocation.proceed(ReflectiveMethodInvocation.java:186), org.springframework.aop.framework.CglibAopProxy$DynamicAdvisedInterceptor.intercept(CglibAopProxy.java:688), com.intellect.contextual.service.orchestrator.SelectedSaveRecommendationOrchestrator$$EnhancerBySpringCGLIB$$c3d40a4a.execute(<generated>), com.intellect.contextual.controller.ContextualUpstreamController.upStreamRequestHandler(ContextualUpstreamController.java:169), com.intellect.contextual.controller.ContextualUpstreamController$$FastClassBySpringCGLIB$$29c21518.invoke(<generated>), org.springframework.cglib.proxy.MethodProxy.invoke(MethodProxy.java:218), org.springframework.aop.framework.CglibAopProxy$CglibMethodInvocation.invokeJoinpoint(CglibAopProxy.java:749), org.springframework.aop.framework.ReflectiveMethodInvocation.proceed(ReflectiveMethodInvocation.java:163), org.springframework.aop.framework.adapter.AfterReturningAdviceInterceptor.invoke(AfterReturningAdviceInterceptor.java:55), org.springframework.aop.framework.ReflectiveMethodInvocation.proceed(ReflectiveMethodInvocation.java:186), org.springframework.aop.interceptor.ExposeInvocationInterceptor.invoke(ExposeInvocationInterceptor.java:93), org.springframework.aop.framework.ReflectiveMethodInvocation.proceed(ReflectiveMethodInvocation.java:186), org.springframework.aop.framework.CglibAopProxy$DynamicAdvisedInterceptor.intercept(CglibAopProxy.java:688), com.intellect.contextual.controller.ContextualUpstreamController$$EnhancerBySpringCGLIB$$4c368ad6.upStreamRequestHandler(<generated>), sun.reflect.NativeMethodAccessorImpl.invoke0(Native Method), sun.reflect.NativeMethodAccessorImpl.invoke(NativeMethodAccessorImpl.java:62), sun.reflect.DelegatingMethodAccessorImpl.invoke(DelegatingMethodAccessorImpl.java:43), java.lang.reflect.Method.invoke(Method.java:498), org.springframework.web.method.support.InvocableHandlerMethod.doInvoke(InvocableHandlerMethod.java:190), org.springframework.web.method.support.InvocableHandlerMethod.invokeForRequest(InvocableHandlerMethod.java:138), org.springframework.web.servlet.mvc.method.annotation.ServletInvocableHandlerMethod.invokeAndHandle(ServletInvocableHandlerMethod.java:104), org.springframework.web.servlet.mvc.method.annotation.RequestMappingHandlerAdapter.invokeHandlerMethod(RequestMappingHandlerAdapter.java:892), org.springframework.web.servlet.mvc.method.annotation.RequestMappingHandlerAdapter.handleInternal(RequestMappingHandlerAdapter.java:797), org.springframework.web.servlet.mvc.method.AbstractHandlerMethodAdapter.handle(AbstractHandlerMethodAdapter.java:87), org.springframework.web.servlet.DispatcherServlet.doDispatch(DispatcherServlet.java:1039), org.springframework.web.servlet.DispatcherServlet.doService(DispatcherServlet.java:942), org.springframework.web.servlet.FrameworkServlet.processRequest(Framework')
,(NULL,NULL,'2021-04-29 04:04:10.036',NULL,NULL,NULL,'','ORIGINAL REQUEST ID MISSING','[com.intellect.contextual.service.orchestrator.SelectedSaveRecommendationOrchestrator.execute(SelectedSaveRecommendationOrchestrator.java:140), com.intellect.contextual.service.orchestrator.SelectedSaveRecommendationOrchestrator$$FastClassBySpringCGLIB$$63163ce4.invoke(<generated>), org.springframework.cglib.proxy.MethodProxy.invoke(MethodProxy.java:218), org.springframework.aop.framework.CglibAopProxy$CglibMethodInvocation.invokeJoinpoint(CglibAopProxy.java:749), org.springframework.aop.framework.ReflectiveMethodInvocation.proceed(ReflectiveMethodInvocation.java:163), org.springframework.aop.framework.adapter.AfterReturningAdviceInterceptor.invoke(AfterReturningAdviceInterceptor.java:55), org.springframework.aop.framework.ReflectiveMethodInvocation.proceed(ReflectiveMethodInvocation.java:186), org.springframework.aop.aspectj.AspectJAfterThrowingAdvice.invoke(AspectJAfterThrowingAdvice.java:62), org.springframework.aop.framework.ReflectiveMethodInvocation.proceed(ReflectiveMethodInvocation.java:186), org.springframework.aop.interceptor.ExposeInvocationInterceptor.invoke(ExposeInvocationInterceptor.java:93), org.springframework.aop.framework.ReflectiveMethodInvocation.proceed(ReflectiveMethodInvocation.java:186), org.springframework.aop.framework.CglibAopProxy$DynamicAdvisedInterceptor.intercept(CglibAopProxy.java:688), com.intellect.contextual.service.orchestrator.SelectedSaveRecommendationOrchestrator$$EnhancerBySpringCGLIB$$1cc6844b.execute(<generated>), com.intellect.contextual.controller.ContextualUpstreamController.upStreamRequestHandler(ContextualUpstreamController.java:169), com.intellect.contextual.controller.ContextualUpstreamController$$FastClassBySpringCGLIB$$29c21518.invoke(<generated>), org.springframework.cglib.proxy.MethodProxy.invoke(MethodProxy.java:218), org.springframework.aop.framework.CglibAopProxy$CglibMethodInvocation.invokeJoinpoint(CglibAopProxy.java:749), org.springframework.aop.framework.ReflectiveMethodInvocation.proceed(ReflectiveMethodInvocation.java:163), org.springframework.aop.framework.adapter.AfterReturningAdviceInterceptor.invoke(AfterReturningAdviceInterceptor.java:55), org.springframework.aop.framework.ReflectiveMethodInvocation.proceed(ReflectiveMethodInvocation.java:186), org.springframework.aop.interceptor.ExposeInvocationInterceptor.invoke(ExposeInvocationInterceptor.java:93), org.springframework.aop.framework.ReflectiveMethodInvocation.proceed(ReflectiveMethodInvocation.java:186), org.springframework.aop.framework.CglibAopProxy$DynamicAdvisedInterceptor.intercept(CglibAopProxy.java:688), com.intellect.contextual.controller.ContextualUpstreamController$$EnhancerBySpringCGLIB$$f95790c0.upStreamRequestHandler(<generated>), sun.reflect.NativeMethodAccessorImpl.invoke0(Native Method), sun.reflect.NativeMethodAccessorImpl.invoke(NativeMethodAccessorImpl.java:62), sun.reflect.DelegatingMethodAccessorImpl.invoke(DelegatingMethodAccessorImpl.java:43), java.lang.reflect.Method.invoke(Method.java:498), org.springframework.web.method.support.InvocableHandlerMethod.doInvoke(InvocableHandlerMethod.java:190), org.springframework.web.method.support.InvocableHandlerMethod.invokeForRequest(InvocableHandlerMethod.java:138), org.springframework.web.servlet.mvc.method.annotation.ServletInvocableHandlerMethod.invokeAndHandle(ServletInvocableHandlerMethod.java:104), org.springframework.web.servlet.mvc.method.annotation.RequestMappingHandlerAdapter.invokeHandlerMethod(RequestMappingHandlerAdapter.java:892), org.springframework.web.servlet.mvc.method.annotation.RequestMappingHandlerAdapter.handleInternal(RequestMappingHandlerAdapter.java:797), org.springframework.web.servlet.mvc.method.AbstractHandlerMethodAdapter.handle(AbstractHandlerMethodAdapter.java:87), org.springframework.web.servlet.DispatcherServlet.doDispatch(DispatcherServlet.java:1039), org.springframework.web.servlet.DispatcherServlet.doService(DispatcherServlet.java:942), org.springframework.web.servlet.FrameworkServlet.processRequest(Framework')
,(NULL,NULL,'2021-04-29 04:04:15.740',NULL,NULL,NULL,'','ORIGINAL REQUEST ID MISSING','[com.intellect.contextual.service.orchestrator.SelectedSaveRecommendationOrchestrator.execute(SelectedSaveRecommendationOrchestrator.java:140), com.intellect.contextual.service.orchestrator.SelectedSaveRecommendationOrchestrator$$FastClassBySpringCGLIB$$63163ce4.invoke(<generated>), org.springframework.cglib.proxy.MethodProxy.invoke(MethodProxy.java:218), org.springframework.aop.framework.CglibAopProxy$CglibMethodInvocation.invokeJoinpoint(CglibAopProxy.java:749), org.springframework.aop.framework.ReflectiveMethodInvocation.proceed(ReflectiveMethodInvocation.java:163), org.springframework.aop.framework.adapter.AfterReturningAdviceInterceptor.invoke(AfterReturningAdviceInterceptor.java:55), org.springframework.aop.framework.ReflectiveMethodInvocation.proceed(ReflectiveMethodInvocation.java:186), org.springframework.aop.aspectj.AspectJAfterThrowingAdvice.invoke(AspectJAfterThrowingAdvice.java:62), org.springframework.aop.framework.ReflectiveMethodInvocation.proceed(ReflectiveMethodInvocation.java:186), org.springframework.aop.interceptor.ExposeInvocationInterceptor.invoke(ExposeInvocationInterceptor.java:93), org.springframework.aop.framework.ReflectiveMethodInvocation.proceed(ReflectiveMethodInvocation.java:186), org.springframework.aop.framework.CglibAopProxy$DynamicAdvisedInterceptor.intercept(CglibAopProxy.java:688), com.intellect.contextual.service.orchestrator.SelectedSaveRecommendationOrchestrator$$EnhancerBySpringCGLIB$$1cc6844b.execute(<generated>), com.intellect.contextual.controller.ContextualUpstreamController.upStreamRequestHandler(ContextualUpstreamController.java:169), com.intellect.contextual.controller.ContextualUpstreamController$$FastClassBySpringCGLIB$$29c21518.invoke(<generated>), org.springframework.cglib.proxy.MethodProxy.invoke(MethodProxy.java:218), org.springframework.aop.framework.CglibAopProxy$CglibMethodInvocation.invokeJoinpoint(CglibAopProxy.java:749), org.springframework.aop.framework.ReflectiveMethodInvocation.proceed(ReflectiveMethodInvocation.java:163), org.springframework.aop.framework.adapter.AfterReturningAdviceInterceptor.invoke(AfterReturningAdviceInterceptor.java:55), org.springframework.aop.framework.ReflectiveMethodInvocation.proceed(ReflectiveMethodInvocation.java:186), org.springframework.aop.interceptor.ExposeInvocationInterceptor.invoke(ExposeInvocationInterceptor.java:93), org.springframework.aop.framework.ReflectiveMethodInvocation.proceed(ReflectiveMethodInvocation.java:186), org.springframework.aop.framework.CglibAopProxy$DynamicAdvisedInterceptor.intercept(CglibAopProxy.java:688), com.intellect.contextual.controller.ContextualUpstreamController$$EnhancerBySpringCGLIB$$f95790c0.upStreamRequestHandler(<generated>), sun.reflect.NativeMethodAccessorImpl.invoke0(Native Method), sun.reflect.NativeMethodAccessorImpl.invoke(NativeMethodAccessorImpl.java:62), sun.reflect.DelegatingMethodAccessorImpl.invoke(DelegatingMethodAccessorImpl.java:43), java.lang.reflect.Method.invoke(Method.java:498), org.springframework.web.method.support.InvocableHandlerMethod.doInvoke(InvocableHandlerMethod.java:190), org.springframework.web.method.support.InvocableHandlerMethod.invokeForRequest(InvocableHandlerMethod.java:138), org.springframework.web.servlet.mvc.method.annotation.ServletInvocableHandlerMethod.invokeAndHandle(ServletInvocableHandlerMethod.java:104), org.springframework.web.servlet.mvc.method.annotation.RequestMappingHandlerAdapter.invokeHandlerMethod(RequestMappingHandlerAdapter.java:892), org.springframework.web.servlet.mvc.method.annotation.RequestMappingHandlerAdapter.handleInternal(RequestMappingHandlerAdapter.java:797), org.springframework.web.servlet.mvc.method.AbstractHandlerMethodAdapter.handle(AbstractHandlerMethodAdapter.java:87), org.springframework.web.servlet.DispatcherServlet.doDispatch(DispatcherServlet.java:1039), org.springframework.web.servlet.DispatcherServlet.doService(DispatcherServlet.java:942), org.springframework.web.servlet.FrameworkServlet.processRequest(Framework')
,(NULL,NULL,'2021-04-29 04:09:21.981',NULL,NULL,NULL,'','ORIGINAL REQUEST ID MISSING','[com.intellect.contextual.service.orchestrator.SelectedSaveRecommendationOrchestrator.execute(SelectedSaveRecommendationOrchestrator.java:140), com.intellect.contextual.service.orchestrator.SelectedSaveRecommendationOrchestrator$$FastClassBySpringCGLIB$$63163ce4.invoke(<generated>), org.springframework.cglib.proxy.MethodProxy.invoke(MethodProxy.java:218), org.springframework.aop.framework.CglibAopProxy$CglibMethodInvocation.invokeJoinpoint(CglibAopProxy.java:749), org.springframework.aop.framework.ReflectiveMethodInvocation.proceed(ReflectiveMethodInvocation.java:163), org.springframework.aop.framework.adapter.AfterReturningAdviceInterceptor.invoke(AfterReturningAdviceInterceptor.java:55), org.springframework.aop.framework.ReflectiveMethodInvocation.proceed(ReflectiveMethodInvocation.java:186), org.springframework.aop.aspectj.AspectJAfterThrowingAdvice.invoke(AspectJAfterThrowingAdvice.java:62), org.springframework.aop.framework.ReflectiveMethodInvocation.proceed(ReflectiveMethodInvocation.java:186), org.springframework.aop.interceptor.ExposeInvocationInterceptor.invoke(ExposeInvocationInterceptor.java:93), org.springframework.aop.framework.ReflectiveMethodInvocation.proceed(ReflectiveMethodInvocation.java:186), org.springframework.aop.framework.CglibAopProxy$DynamicAdvisedInterceptor.intercept(CglibAopProxy.java:688), com.intellect.contextual.service.orchestrator.SelectedSaveRecommendationOrchestrator$$EnhancerBySpringCGLIB$$1cc6844b.execute(<generated>), com.intellect.contextual.controller.ContextualUpstreamController.upStreamRequestHandler(ContextualUpstreamController.java:169), com.intellect.contextual.controller.ContextualUpstreamController$$FastClassBySpringCGLIB$$29c21518.invoke(<generated>), org.springframework.cglib.proxy.MethodProxy.invoke(MethodProxy.java:218), org.springframework.aop.framework.CglibAopProxy$CglibMethodInvocation.invokeJoinpoint(CglibAopProxy.java:749), org.springframework.aop.framework.ReflectiveMethodInvocation.proceed(ReflectiveMethodInvocation.java:163), org.springframework.aop.framework.adapter.AfterReturningAdviceInterceptor.invoke(AfterReturningAdviceInterceptor.java:55), org.springframework.aop.framework.ReflectiveMethodInvocation.proceed(ReflectiveMethodInvocation.java:186), org.springframework.aop.interceptor.ExposeInvocationInterceptor.invoke(ExposeInvocationInterceptor.java:93), org.springframework.aop.framework.ReflectiveMethodInvocation.proceed(ReflectiveMethodInvocation.java:186), org.springframework.aop.framework.CglibAopProxy$DynamicAdvisedInterceptor.intercept(CglibAopProxy.java:688), com.intellect.contextual.controller.ContextualUpstreamController$$EnhancerBySpringCGLIB$$f95790c0.upStreamRequestHandler(<generated>), sun.reflect.NativeMethodAccessorImpl.invoke0(Native Method), sun.reflect.NativeMethodAccessorImpl.invoke(NativeMethodAccessorImpl.java:62), sun.reflect.DelegatingMethodAccessorImpl.invoke(DelegatingMethodAccessorImpl.java:43), java.lang.reflect.Method.invoke(Method.java:498), org.springframework.web.method.support.InvocableHandlerMethod.doInvoke(InvocableHandlerMethod.java:190), org.springframework.web.method.support.InvocableHandlerMethod.invokeForRequest(InvocableHandlerMethod.java:138), org.springframework.web.servlet.mvc.method.annotation.ServletInvocableHandlerMethod.invokeAndHandle(ServletInvocableHandlerMethod.java:104), org.springframework.web.servlet.mvc.method.annotation.RequestMappingHandlerAdapter.invokeHandlerMethod(RequestMappingHandlerAdapter.java:892), org.springframework.web.servlet.mvc.method.annotation.RequestMappingHandlerAdapter.handleInternal(RequestMappingHandlerAdapter.java:797), org.springframework.web.servlet.mvc.method.AbstractHandlerMethodAdapter.handle(AbstractHandlerMethodAdapter.java:87), org.springframework.web.servlet.DispatcherServlet.doDispatch(DispatcherServlet.java:1039), org.springframework.web.servlet.DispatcherServlet.doService(DispatcherServlet.java:942), org.springframework.web.servlet.FrameworkServlet.processRequest(Framework')
,(NULL,NULL,'2021-04-29 06:44:36.167',NULL,NULL,NULL,'','ORIGINAL REQUEST ID MISSING','[com.intellect.contextual.service.orchestrator.SelectedSaveRecommendationOrchestrator.execute(SelectedSaveRecommendationOrchestrator.java:140), com.intellect.contextual.service.orchestrator.SelectedSaveRecommendationOrchestrator$$FastClassBySpringCGLIB$$63163ce4.invoke(<generated>), org.springframework.cglib.proxy.MethodProxy.invoke(MethodProxy.java:218), org.springframework.aop.framework.CglibAopProxy$CglibMethodInvocation.invokeJoinpoint(CglibAopProxy.java:749), org.springframework.aop.framework.ReflectiveMethodInvocation.proceed(ReflectiveMethodInvocation.java:163), org.springframework.aop.framework.adapter.AfterReturningAdviceInterceptor.invoke(AfterReturningAdviceInterceptor.java:55), org.springframework.aop.framework.ReflectiveMethodInvocation.proceed(ReflectiveMethodInvocation.java:186), org.springframework.aop.aspectj.AspectJAfterThrowingAdvice.invoke(AspectJAfterThrowingAdvice.java:62), org.springframework.aop.framework.ReflectiveMethodInvocation.proceed(ReflectiveMethodInvocation.java:186), org.springframework.aop.interceptor.ExposeInvocationInterceptor.invoke(ExposeInvocationInterceptor.java:93), org.springframework.aop.framework.ReflectiveMethodInvocation.proceed(ReflectiveMethodInvocation.java:186), org.springframework.aop.framework.CglibAopProxy$DynamicAdvisedInterceptor.intercept(CglibAopProxy.java:688), com.intellect.contextual.service.orchestrator.SelectedSaveRecommendationOrchestrator$$EnhancerBySpringCGLIB$$36ba3018.execute(<generated>), com.intellect.contextual.controller.ContextualUpstreamController.upStreamRequestHandler(ContextualUpstreamController.java:169), com.intellect.contextual.controller.ContextualUpstreamController$$FastClassBySpringCGLIB$$29c21518.invoke(<generated>), org.springframework.cglib.proxy.MethodProxy.invoke(MethodProxy.java:218), org.springframework.aop.framework.CglibAopProxy$CglibMethodInvocation.invokeJoinpoint(CglibAopProxy.java:749), org.springframework.aop.framework.ReflectiveMethodInvocation.proceed(ReflectiveMethodInvocation.java:163), org.springframework.aop.framework.adapter.AfterReturningAdviceInterceptor.invoke(AfterReturningAdviceInterceptor.java:55), org.springframework.aop.framework.ReflectiveMethodInvocation.proceed(ReflectiveMethodInvocation.java:186), org.springframework.aop.interceptor.ExposeInvocationInterceptor.invoke(ExposeInvocationInterceptor.java:93), org.springframework.aop.framework.ReflectiveMethodInvocation.proceed(ReflectiveMethodInvocation.java:186), org.springframework.aop.framework.CglibAopProxy$DynamicAdvisedInterceptor.intercept(CglibAopProxy.java:688), com.intellect.contextual.controller.ContextualUpstreamController$$EnhancerBySpringCGLIB$$c3788014.upStreamRequestHandler(<generated>), sun.reflect.NativeMethodAccessorImpl.invoke0(Native Method), sun.reflect.NativeMethodAccessorImpl.invoke(NativeMethodAccessorImpl.java:62), sun.reflect.DelegatingMethodAccessorImpl.invoke(DelegatingMethodAccessorImpl.java:43), java.lang.reflect.Method.invoke(Method.java:498), org.springframework.web.method.support.InvocableHandlerMethod.doInvoke(InvocableHandlerMethod.java:190), org.springframework.web.method.support.InvocableHandlerMethod.invokeForRequest(InvocableHandlerMethod.java:138), org.springframework.web.servlet.mvc.method.annotation.ServletInvocableHandlerMethod.invokeAndHandle(ServletInvocableHandlerMethod.java:104), org.springframework.web.servlet.mvc.method.annotation.RequestMappingHandlerAdapter.invokeHandlerMethod(RequestMappingHandlerAdapter.java:892), org.springframework.web.servlet.mvc.method.annotation.RequestMappingHandlerAdapter.handleInternal(RequestMappingHandlerAdapter.java:797), org.springframework.web.servlet.mvc.method.AbstractHandlerMethodAdapter.handle(AbstractHandlerMethodAdapter.java:87), org.springframework.web.servlet.DispatcherServlet.doDispatch(DispatcherServlet.java:1039), org.springframework.web.servlet.DispatcherServlet.doService(DispatcherServlet.java:942), org.springframework.web.servlet.FrameworkServlet.processRequest(Framework')
,(NULL,NULL,'2021-04-29 06:48:31.406',NULL,NULL,NULL,'','ORIGINAL REQUEST ID MISSING','[com.intellect.contextual.service.orchestrator.SelectedSaveRecommendationOrchestrator.execute(SelectedSaveRecommendationOrchestrator.java:140), com.intellect.contextual.service.orchestrator.SelectedSaveRecommendationOrchestrator$$FastClassBySpringCGLIB$$63163ce4.invoke(<generated>), org.springframework.cglib.proxy.MethodProxy.invoke(MethodProxy.java:218), org.springframework.aop.framework.CglibAopProxy$CglibMethodInvocation.invokeJoinpoint(CglibAopProxy.java:749), org.springframework.aop.framework.ReflectiveMethodInvocation.proceed(ReflectiveMethodInvocation.java:163), org.springframework.aop.framework.adapter.AfterReturningAdviceInterceptor.invoke(AfterReturningAdviceInterceptor.java:55), org.springframework.aop.framework.ReflectiveMethodInvocation.proceed(ReflectiveMethodInvocation.java:186), org.springframework.aop.aspectj.AspectJAfterThrowingAdvice.invoke(AspectJAfterThrowingAdvice.java:62), org.springframework.aop.framework.ReflectiveMethodInvocation.proceed(ReflectiveMethodInvocation.java:186), org.springframework.aop.interceptor.ExposeInvocationInterceptor.invoke(ExposeInvocationInterceptor.java:93), org.springframework.aop.framework.ReflectiveMethodInvocation.proceed(ReflectiveMethodInvocation.java:186), org.springframework.aop.framework.CglibAopProxy$DynamicAdvisedInterceptor.intercept(CglibAopProxy.java:688), com.intellect.contextual.service.orchestrator.SelectedSaveRecommendationOrchestrator$$EnhancerBySpringCGLIB$$ccbe8270.execute(<generated>), com.intellect.contextual.controller.ContextualUpstreamController.upStreamRequestHandler(ContextualUpstreamController.java:169), com.intellect.contextual.controller.ContextualUpstreamController$$FastClassBySpringCGLIB$$29c21518.invoke(<generated>), org.springframework.cglib.proxy.MethodProxy.invoke(MethodProxy.java:218), org.springframework.aop.framework.CglibAopProxy$CglibMethodInvocation.invokeJoinpoint(CglibAopProxy.java:749), org.springframework.aop.framework.ReflectiveMethodInvocation.proceed(ReflectiveMethodInvocation.java:163), org.springframework.aop.framework.adapter.AfterReturningAdviceInterceptor.invoke(AfterReturningAdviceInterceptor.java:55), org.springframework.aop.framework.ReflectiveMethodInvocation.proceed(ReflectiveMethodInvocation.java:186), org.springframework.aop.interceptor.ExposeInvocationInterceptor.invoke(ExposeInvocationInterceptor.java:93), org.springframework.aop.framework.ReflectiveMethodInvocation.proceed(ReflectiveMethodInvocation.java:186), org.springframework.aop.framework.CglibAopProxy$DynamicAdvisedInterceptor.intercept(CglibAopProxy.java:688), com.intellect.contextual.controller.ContextualUpstreamController$$EnhancerBySpringCGLIB$$7183e2f.upStreamRequestHandler(<generated>), sun.reflect.NativeMethodAccessorImpl.invoke0(Native Method), sun.reflect.NativeMethodAccessorImpl.invoke(NativeMethodAccessorImpl.java:62), sun.reflect.DelegatingMethodAccessorImpl.invoke(DelegatingMethodAccessorImpl.java:43), java.lang.reflect.Method.invoke(Method.java:498), org.springframework.web.method.support.InvocableHandlerMethod.doInvoke(InvocableHandlerMethod.java:190), org.springframework.web.method.support.InvocableHandlerMethod.invokeForRequest(InvocableHandlerMethod.java:138), org.springframework.web.servlet.mvc.method.annotation.ServletInvocableHandlerMethod.invokeAndHandle(ServletInvocableHandlerMethod.java:104), org.springframework.web.servlet.mvc.method.annotation.RequestMappingHandlerAdapter.invokeHandlerMethod(RequestMappingHandlerAdapter.java:892), org.springframework.web.servlet.mvc.method.annotation.RequestMappingHandlerAdapter.handleInternal(RequestMappingHandlerAdapter.java:797), org.springframework.web.servlet.mvc.method.AbstractHandlerMethodAdapter.handle(AbstractHandlerMethodAdapter.java:87), org.springframework.web.servlet.DispatcherServlet.doDispatch(DispatcherServlet.java:1039), org.springframework.web.servlet.DispatcherServlet.doService(DispatcherServlet.java:942), org.springframework.web.servlet.FrameworkServlet.processRequest(FrameworkS')
;
INSERT INTO "CP_Client".icp_exception_log (api_cp_reference_id,api_channel_request_id,api_date_time,api_layer,api_stage,api_fine_grain,api_payload,api_error_msg,api_error_trace) VALUES 
(NULL,NULL,'2021-04-29 08:18:37.236',NULL,NULL,NULL,'','ORIGINAL REQUEST ID MISSING','[com.intellect.contextual.service.orchestrator.SelectedSaveRecommendationOrchestrator.execute(SelectedSaveRecommendationOrchestrator.java:140), com.intellect.contextual.service.orchestrator.SelectedSaveRecommendationOrchestrator$$FastClassBySpringCGLIB$$63163ce4.invoke(<generated>), org.springframework.cglib.proxy.MethodProxy.invoke(MethodProxy.java:218), org.springframework.aop.framework.CglibAopProxy$CglibMethodInvocation.invokeJoinpoint(CglibAopProxy.java:749), org.springframework.aop.framework.ReflectiveMethodInvocation.proceed(ReflectiveMethodInvocation.java:163), org.springframework.aop.framework.adapter.AfterReturningAdviceInterceptor.invoke(AfterReturningAdviceInterceptor.java:55), org.springframework.aop.framework.ReflectiveMethodInvocation.proceed(ReflectiveMethodInvocation.java:186), org.springframework.aop.aspectj.AspectJAfterThrowingAdvice.invoke(AspectJAfterThrowingAdvice.java:62), org.springframework.aop.framework.ReflectiveMethodInvocation.proceed(ReflectiveMethodInvocation.java:186), org.springframework.aop.interceptor.ExposeInvocationInterceptor.invoke(ExposeInvocationInterceptor.java:93), org.springframework.aop.framework.ReflectiveMethodInvocation.proceed(ReflectiveMethodInvocation.java:186), org.springframework.aop.framework.CglibAopProxy$DynamicAdvisedInterceptor.intercept(CglibAopProxy.java:688), com.intellect.contextual.service.orchestrator.SelectedSaveRecommendationOrchestrator$$EnhancerBySpringCGLIB$$ccbe8270.execute(<generated>), com.intellect.contextual.controller.ContextualUpstreamController.upStreamRequestHandler(ContextualUpstreamController.java:169), com.intellect.contextual.controller.ContextualUpstreamController$$FastClassBySpringCGLIB$$29c21518.invoke(<generated>), org.springframework.cglib.proxy.MethodProxy.invoke(MethodProxy.java:218), org.springframework.aop.framework.CglibAopProxy$CglibMethodInvocation.invokeJoinpoint(CglibAopProxy.java:749), org.springframework.aop.framework.ReflectiveMethodInvocation.proceed(ReflectiveMethodInvocation.java:163), org.springframework.aop.framework.adapter.AfterReturningAdviceInterceptor.invoke(AfterReturningAdviceInterceptor.java:55), org.springframework.aop.framework.ReflectiveMethodInvocation.proceed(ReflectiveMethodInvocation.java:186), org.springframework.aop.interceptor.ExposeInvocationInterceptor.invoke(ExposeInvocationInterceptor.java:93), org.springframework.aop.framework.ReflectiveMethodInvocation.proceed(ReflectiveMethodInvocation.java:186), org.springframework.aop.framework.CglibAopProxy$DynamicAdvisedInterceptor.intercept(CglibAopProxy.java:688), com.intellect.contextual.controller.ContextualUpstreamController$$EnhancerBySpringCGLIB$$7183e2f.upStreamRequestHandler(<generated>), sun.reflect.NativeMethodAccessorImpl.invoke0(Native Method), sun.reflect.NativeMethodAccessorImpl.invoke(NativeMethodAccessorImpl.java:62), sun.reflect.DelegatingMethodAccessorImpl.invoke(DelegatingMethodAccessorImpl.java:43), java.lang.reflect.Method.invoke(Method.java:498), org.springframework.web.method.support.InvocableHandlerMethod.doInvoke(InvocableHandlerMethod.java:190), org.springframework.web.method.support.InvocableHandlerMethod.invokeForRequest(InvocableHandlerMethod.java:138), org.springframework.web.servlet.mvc.method.annotation.ServletInvocableHandlerMethod.invokeAndHandle(ServletInvocableHandlerMethod.java:104), org.springframework.web.servlet.mvc.method.annotation.RequestMappingHandlerAdapter.invokeHandlerMethod(RequestMappingHandlerAdapter.java:892), org.springframework.web.servlet.mvc.method.annotation.RequestMappingHandlerAdapter.handleInternal(RequestMappingHandlerAdapter.java:797), org.springframework.web.servlet.mvc.method.AbstractHandlerMethodAdapter.handle(AbstractHandlerMethodAdapter.java:87), org.springframework.web.servlet.DispatcherServlet.doDispatch(DispatcherServlet.java:1039), org.springframework.web.servlet.DispatcherServlet.doService(DispatcherServlet.java:942), org.springframework.web.servlet.FrameworkServlet.processRequest(FrameworkS')
,(NULL,NULL,'2021-04-29 08:24:31.383',NULL,NULL,NULL,'','ORIGINAL REQUEST ID MISSING','[com.intellect.contextual.service.orchestrator.SelectedSaveRecommendationOrchestrator.execute(SelectedSaveRecommendationOrchestrator.java:140), com.intellect.contextual.service.orchestrator.SelectedSaveRecommendationOrchestrator$$FastClassBySpringCGLIB$$63163ce4.invoke(<generated>), org.springframework.cglib.proxy.MethodProxy.invoke(MethodProxy.java:218), org.springframework.aop.framework.CglibAopProxy$CglibMethodInvocation.invokeJoinpoint(CglibAopProxy.java:749), org.springframework.aop.framework.ReflectiveMethodInvocation.proceed(ReflectiveMethodInvocation.java:163), org.springframework.aop.framework.adapter.AfterReturningAdviceInterceptor.invoke(AfterReturningAdviceInterceptor.java:55), org.springframework.aop.framework.ReflectiveMethodInvocation.proceed(ReflectiveMethodInvocation.java:186), org.springframework.aop.aspectj.AspectJAfterThrowingAdvice.invoke(AspectJAfterThrowingAdvice.java:62), org.springframework.aop.framework.ReflectiveMethodInvocation.proceed(ReflectiveMethodInvocation.java:186), org.springframework.aop.interceptor.ExposeInvocationInterceptor.invoke(ExposeInvocationInterceptor.java:93), org.springframework.aop.framework.ReflectiveMethodInvocation.proceed(ReflectiveMethodInvocation.java:186), org.springframework.aop.framework.CglibAopProxy$DynamicAdvisedInterceptor.intercept(CglibAopProxy.java:688), com.intellect.contextual.service.orchestrator.SelectedSaveRecommendationOrchestrator$$EnhancerBySpringCGLIB$$ccbe8270.execute(<generated>), com.intellect.contextual.controller.ContextualUpstreamController.upStreamRequestHandler(ContextualUpstreamController.java:169), com.intellect.contextual.controller.ContextualUpstreamController$$FastClassBySpringCGLIB$$29c21518.invoke(<generated>), org.springframework.cglib.proxy.MethodProxy.invoke(MethodProxy.java:218), org.springframework.aop.framework.CglibAopProxy$CglibMethodInvocation.invokeJoinpoint(CglibAopProxy.java:749), org.springframework.aop.framework.ReflectiveMethodInvocation.proceed(ReflectiveMethodInvocation.java:163), org.springframework.aop.framework.adapter.AfterReturningAdviceInterceptor.invoke(AfterReturningAdviceInterceptor.java:55), org.springframework.aop.framework.ReflectiveMethodInvocation.proceed(ReflectiveMethodInvocation.java:186), org.springframework.aop.interceptor.ExposeInvocationInterceptor.invoke(ExposeInvocationInterceptor.java:93), org.springframework.aop.framework.ReflectiveMethodInvocation.proceed(ReflectiveMethodInvocation.java:186), org.springframework.aop.framework.CglibAopProxy$DynamicAdvisedInterceptor.intercept(CglibAopProxy.java:688), com.intellect.contextual.controller.ContextualUpstreamController$$EnhancerBySpringCGLIB$$7183e2f.upStreamRequestHandler(<generated>), sun.reflect.NativeMethodAccessorImpl.invoke0(Native Method), sun.reflect.NativeMethodAccessorImpl.invoke(NativeMethodAccessorImpl.java:62), sun.reflect.DelegatingMethodAccessorImpl.invoke(DelegatingMethodAccessorImpl.java:43), java.lang.reflect.Method.invoke(Method.java:498), org.springframework.web.method.support.InvocableHandlerMethod.doInvoke(InvocableHandlerMethod.java:190), org.springframework.web.method.support.InvocableHandlerMethod.invokeForRequest(InvocableHandlerMethod.java:138), org.springframework.web.servlet.mvc.method.annotation.ServletInvocableHandlerMethod.invokeAndHandle(ServletInvocableHandlerMethod.java:104), org.springframework.web.servlet.mvc.method.annotation.RequestMappingHandlerAdapter.invokeHandlerMethod(RequestMappingHandlerAdapter.java:892), org.springframework.web.servlet.mvc.method.annotation.RequestMappingHandlerAdapter.handleInternal(RequestMappingHandlerAdapter.java:797), org.springframework.web.servlet.mvc.method.AbstractHandlerMethodAdapter.handle(AbstractHandlerMethodAdapter.java:87), org.springframework.web.servlet.DispatcherServlet.doDispatch(DispatcherServlet.java:1039), org.springframework.web.servlet.DispatcherServlet.doService(DispatcherServlet.java:942), org.springframework.web.servlet.FrameworkServlet.processRequest(FrameworkS')
,(NULL,NULL,'2021-04-29 08:25:18.915',NULL,NULL,NULL,'','ORIGINAL REQUEST ID MISSING','[com.intellect.contextual.service.orchestrator.SelectedSaveRecommendationOrchestrator.execute(SelectedSaveRecommendationOrchestrator.java:140), com.intellect.contextual.service.orchestrator.SelectedSaveRecommendationOrchestrator$$FastClassBySpringCGLIB$$63163ce4.invoke(<generated>), org.springframework.cglib.proxy.MethodProxy.invoke(MethodProxy.java:218), org.springframework.aop.framework.CglibAopProxy$CglibMethodInvocation.invokeJoinpoint(CglibAopProxy.java:749), org.springframework.aop.framework.ReflectiveMethodInvocation.proceed(ReflectiveMethodInvocation.java:163), org.springframework.aop.framework.adapter.AfterReturningAdviceInterceptor.invoke(AfterReturningAdviceInterceptor.java:55), org.springframework.aop.framework.ReflectiveMethodInvocation.proceed(ReflectiveMethodInvocation.java:186), org.springframework.aop.aspectj.AspectJAfterThrowingAdvice.invoke(AspectJAfterThrowingAdvice.java:62), org.springframework.aop.framework.ReflectiveMethodInvocation.proceed(ReflectiveMethodInvocation.java:186), org.springframework.aop.interceptor.ExposeInvocationInterceptor.invoke(ExposeInvocationInterceptor.java:93), org.springframework.aop.framework.ReflectiveMethodInvocation.proceed(ReflectiveMethodInvocation.java:186), org.springframework.aop.framework.CglibAopProxy$DynamicAdvisedInterceptor.intercept(CglibAopProxy.java:688), com.intellect.contextual.service.orchestrator.SelectedSaveRecommendationOrchestrator$$EnhancerBySpringCGLIB$$ccbe8270.execute(<generated>), com.intellect.contextual.controller.ContextualUpstreamController.upStreamRequestHandler(ContextualUpstreamController.java:169), com.intellect.contextual.controller.ContextualUpstreamController$$FastClassBySpringCGLIB$$29c21518.invoke(<generated>), org.springframework.cglib.proxy.MethodProxy.invoke(MethodProxy.java:218), org.springframework.aop.framework.CglibAopProxy$CglibMethodInvocation.invokeJoinpoint(CglibAopProxy.java:749), org.springframework.aop.framework.ReflectiveMethodInvocation.proceed(ReflectiveMethodInvocation.java:163), org.springframework.aop.framework.adapter.AfterReturningAdviceInterceptor.invoke(AfterReturningAdviceInterceptor.java:55), org.springframework.aop.framework.ReflectiveMethodInvocation.proceed(ReflectiveMethodInvocation.java:186), org.springframework.aop.interceptor.ExposeInvocationInterceptor.invoke(ExposeInvocationInterceptor.java:93), org.springframework.aop.framework.ReflectiveMethodInvocation.proceed(ReflectiveMethodInvocation.java:186), org.springframework.aop.framework.CglibAopProxy$DynamicAdvisedInterceptor.intercept(CglibAopProxy.java:688), com.intellect.contextual.controller.ContextualUpstreamController$$EnhancerBySpringCGLIB$$7183e2f.upStreamRequestHandler(<generated>), sun.reflect.NativeMethodAccessorImpl.invoke0(Native Method), sun.reflect.NativeMethodAccessorImpl.invoke(NativeMethodAccessorImpl.java:62), sun.reflect.DelegatingMethodAccessorImpl.invoke(DelegatingMethodAccessorImpl.java:43), java.lang.reflect.Method.invoke(Method.java:498), org.springframework.web.method.support.InvocableHandlerMethod.doInvoke(InvocableHandlerMethod.java:190), org.springframework.web.method.support.InvocableHandlerMethod.invokeForRequest(InvocableHandlerMethod.java:138), org.springframework.web.servlet.mvc.method.annotation.ServletInvocableHandlerMethod.invokeAndHandle(ServletInvocableHandlerMethod.java:104), org.springframework.web.servlet.mvc.method.annotation.RequestMappingHandlerAdapter.invokeHandlerMethod(RequestMappingHandlerAdapter.java:892), org.springframework.web.servlet.mvc.method.annotation.RequestMappingHandlerAdapter.handleInternal(RequestMappingHandlerAdapter.java:797), org.springframework.web.servlet.mvc.method.AbstractHandlerMethodAdapter.handle(AbstractHandlerMethodAdapter.java:87), org.springframework.web.servlet.DispatcherServlet.doDispatch(DispatcherServlet.java:1039), org.springframework.web.servlet.DispatcherServlet.doService(DispatcherServlet.java:942), org.springframework.web.servlet.FrameworkServlet.processRequest(FrameworkS')
,(NULL,NULL,'2021-05-01 05:10:59.462',NULL,NULL,NULL,'','PreparedStatementCallback; uncategorized SQLException for SQL [INSERT INTO ICP_EXCEPTION_LOG (API_LAYER,API_STAGE,API_ERROR_MSG,API_CHANNEL_REQUEST_ID,API_PAYLOAD,API_ERROR_TRACE,API_CP_REFERENCE_ID,API_FINE_GRAIN,API_DATE_TIME) VALUES (?,?,?,?,?,?,?,?,?)]; SQL state [25P02]; error code [0]; ERROR: current transaction is aborted, commands ignored until end of transaction block; nested exception is org.postgresql.util.PSQLException: ERROR: current transaction is aborted, commands ignored until end of transaction block','[org.springframework.jdbc.support.AbstractFallbackSQLExceptionTranslator.translate(AbstractFallbackSQLExceptionTranslator.java:89), org.springframework.jdbc.support.AbstractFallbackSQLExceptionTranslator.translate(AbstractFallbackSQLExceptionTranslator.java:81), org.springframework.jdbc.support.AbstractFallbackSQLExceptionTranslator.translate(AbstractFallbackSQLExceptionTranslator.java:81), org.springframework.jdbc.core.JdbcTemplate.translateException(JdbcTemplate.java:1442), org.springframework.jdbc.core.JdbcTemplate.execute(JdbcTemplate.java:632), org.springframework.jdbc.core.JdbcTemplate.update(JdbcTemplate.java:861), org.springframework.jdbc.core.JdbcTemplate.update(JdbcTemplate.java:916), org.springframework.jdbc.core.JdbcTemplate.update(JdbcTemplate.java:926), com.intellect.contextual.dao.ContextualAuditDaoImpl.insert(ContextualAuditDaoImpl.java:74), com.intellect.contextual.dao.ContextualAuditDaoImpl$$FastClassBySpringCGLIB$$e75848c6.invoke(<generated>), org.springframework.cglib.proxy.MethodProxy.invoke(MethodProxy.java:218), org.springframework.aop.framework.CglibAopProxy$CglibMethodInvocation.invokeJoinpoint(CglibAopProxy.java:749), org.springframework.aop.framework.ReflectiveMethodInvocation.proceed(ReflectiveMethodInvocation.java:163), org.springframework.dao.support.PersistenceExceptionTranslationInterceptor.invoke(PersistenceExceptionTranslationInterceptor.java:139), org.springframework.aop.framework.ReflectiveMethodInvocation.proceed(ReflectiveMethodInvocation.java:186), org.springframework.transaction.interceptor.TransactionAspectSupport.invokeWithinTransaction(TransactionAspectSupport.java:295), org.springframework.transaction.interceptor.TransactionInterceptor.invoke(TransactionInterceptor.java:98), org.springframework.aop.framework.ReflectiveMethodInvocation.proceed(ReflectiveMethodInvocation.java:186), org.springframework.aop.framework.CglibAopProxy$DynamicAdvisedInterceptor.intercept(CglibAopProxy.java:688), com.intellect.contextual.dao.ContextualAuditDaoImpl$$EnhancerBySpringCGLIB$$60f839a2.insert(<generated>), com.intellect.contextual.aop.ContextualAspect.saveExceptLog(ContextualAspect.java:137), com.intellect.contextual.aop.ContextualAspect.afterThrow(ContextualAspect.java:105), sun.reflect.NativeMethodAccessorImpl.invoke0(Native Method), sun.reflect.NativeMethodAccessorImpl.invoke(NativeMethodAccessorImpl.java:62), sun.reflect.DelegatingMethodAccessorImpl.invoke(DelegatingMethodAccessorImpl.java:43), java.lang.reflect.Method.invoke(Method.java:498), org.springframework.aop.aspectj.AbstractAspectJAdvice.invokeAdviceMethodWithGivenArgs(AbstractAspectJAdvice.java:644), org.springframework.aop.aspectj.AbstractAspectJAdvice.invokeAdviceMethod(AbstractAspectJAdvice.java:626), org.springframework.aop.aspectj.AspectJAfterThrowingAdvice.invoke(AspectJAfterThrowingAdvice.java:66), org.springframework.aop.framework.ReflectiveMethodInvocation.proceed(ReflectiveMethodInvocation.java:186), org.springframework.transaction.interceptor.TransactionAspectSupport.invokeWithinTransaction(TransactionAspectSupport.java:295), org.springframework.transaction.interceptor.TransactionInterceptor.invoke(TransactionInterceptor.java:98), org.springframework.aop.framework.ReflectiveMethodInvocation.proceed(ReflectiveMethodInvocation.java:186), org.springframework.aop.interceptor.ExposeInvocationInterceptor.invoke(ExposeInvocationInterceptor.java:93), org.springframework.aop.framework.ReflectiveMethodInvocation.proceed(ReflectiveMethodInvocation.java:186), org.springframework.aop.framework.CglibAopProxy$DynamicAdvisedInterceptor.intercept(CglibAopProxy.java:688), com.intellect.contextual.uiendpoint.dao.ContextualUIDaoImpl$$EnhancerBySpringCGLIB$$27c91130.getPrimaryKey(<generated>), com.intellect.contextual.uiendpoint.controller.ContextualUIController.getprimaryKey(ContextualUIController.java:160), com.intellect.contextual.uiendpoint.controller.ContextualUIController$$FastClassBySpringCGLIB$$62344130.invoke(<generated>), org.springfr')
,(NULL,NULL,'2021-05-06 07:35:09.477',NULL,NULL,NULL,'','ORIGINAL REQUEST ID MISSING','[com.intellect.contextual.service.orchestrator.SelectedSaveRecommendationOrchestrator.execute(SelectedSaveRecommendationOrchestrator.java:140), com.intellect.contextual.service.orchestrator.SelectedSaveRecommendationOrchestrator$$FastClassBySpringCGLIB$$63163ce4.invoke(<generated>), org.springframework.cglib.proxy.MethodProxy.invoke(MethodProxy.java:218), org.springframework.aop.framework.CglibAopProxy$CglibMethodInvocation.invokeJoinpoint(CglibAopProxy.java:749), org.springframework.aop.framework.ReflectiveMethodInvocation.proceed(ReflectiveMethodInvocation.java:163), org.springframework.aop.framework.adapter.AfterReturningAdviceInterceptor.invoke(AfterReturningAdviceInterceptor.java:55), org.springframework.aop.framework.ReflectiveMethodInvocation.proceed(ReflectiveMethodInvocation.java:186), org.springframework.aop.aspectj.AspectJAfterThrowingAdvice.invoke(AspectJAfterThrowingAdvice.java:62), org.springframework.aop.framework.ReflectiveMethodInvocation.proceed(ReflectiveMethodInvocation.java:186), org.springframework.aop.interceptor.ExposeInvocationInterceptor.invoke(ExposeInvocationInterceptor.java:93), org.springframework.aop.framework.ReflectiveMethodInvocation.proceed(ReflectiveMethodInvocation.java:186), org.springframework.aop.framework.CglibAopProxy$DynamicAdvisedInterceptor.intercept(CglibAopProxy.java:688), com.intellect.contextual.service.orchestrator.SelectedSaveRecommendationOrchestrator$$EnhancerBySpringCGLIB$$3b29cb26.execute(<generated>), com.intellect.contextual.controller.ContextualUpstreamController.upStreamRequestHandler(ContextualUpstreamController.java:169), com.intellect.contextual.controller.ContextualUpstreamController$$FastClassBySpringCGLIB$$29c21518.invoke(<generated>), org.springframework.cglib.proxy.MethodProxy.invoke(MethodProxy.java:218), org.springframework.aop.framework.CglibAopProxy$CglibMethodInvocation.invokeJoinpoint(CglibAopProxy.java:749), org.springframework.aop.framework.ReflectiveMethodInvocation.proceed(ReflectiveMethodInvocation.java:163), org.springframework.aop.framework.adapter.AfterReturningAdviceInterceptor.invoke(AfterReturningAdviceInterceptor.java:55), org.springframework.aop.framework.ReflectiveMethodInvocation.proceed(ReflectiveMethodInvocation.java:186), org.springframework.aop.interceptor.ExposeInvocationInterceptor.invoke(ExposeInvocationInterceptor.java:93), org.springframework.aop.framework.ReflectiveMethodInvocation.proceed(ReflectiveMethodInvocation.java:186), org.springframework.aop.framework.CglibAopProxy$DynamicAdvisedInterceptor.intercept(CglibAopProxy.java:688), com.intellect.contextual.controller.ContextualUpstreamController$$EnhancerBySpringCGLIB$$1fd51c28.upStreamRequestHandler(<generated>), sun.reflect.NativeMethodAccessorImpl.invoke0(Native Method), sun.reflect.NativeMethodAccessorImpl.invoke(NativeMethodAccessorImpl.java:62), sun.reflect.DelegatingMethodAccessorImpl.invoke(DelegatingMethodAccessorImpl.java:43), java.lang.reflect.Method.invoke(Method.java:498), org.springframework.web.method.support.InvocableHandlerMethod.doInvoke(InvocableHandlerMethod.java:190), org.springframework.web.method.support.InvocableHandlerMethod.invokeForRequest(InvocableHandlerMethod.java:138), org.springframework.web.servlet.mvc.method.annotation.ServletInvocableHandlerMethod.invokeAndHandle(ServletInvocableHandlerMethod.java:104), org.springframework.web.servlet.mvc.method.annotation.RequestMappingHandlerAdapter.invokeHandlerMethod(RequestMappingHandlerAdapter.java:892), org.springframework.web.servlet.mvc.method.annotation.RequestMappingHandlerAdapter.handleInternal(RequestMappingHandlerAdapter.java:797), org.springframework.web.servlet.mvc.method.AbstractHandlerMethodAdapter.handle(AbstractHandlerMethodAdapter.java:87), org.springframework.web.servlet.DispatcherServlet.doDispatch(DispatcherServlet.java:1039), org.springframework.web.servlet.DispatcherServlet.doService(DispatcherServlet.java:942), org.springframework.web.servlet.FrameworkServlet.processRequest(Framework')
,(NULL,NULL,'2021-05-18 05:03:04.511',NULL,NULL,NULL,'','ORIGINAL REQUEST ID MISSING','[com.intellect.contextual.service.orchestrator.SelectedSaveRecommendationOrchestrator.execute(SelectedSaveRecommendationOrchestrator.java:140), com.intellect.contextual.service.orchestrator.SelectedSaveRecommendationOrchestrator$$FastClassBySpringCGLIB$$63163ce4.invoke(<generated>), org.springframework.cglib.proxy.MethodProxy.invoke(MethodProxy.java:218), org.springframework.aop.framework.CglibAopProxy$CglibMethodInvocation.invokeJoinpoint(CglibAopProxy.java:749), org.springframework.aop.framework.ReflectiveMethodInvocation.proceed(ReflectiveMethodInvocation.java:163), org.springframework.aop.framework.adapter.AfterReturningAdviceInterceptor.invoke(AfterReturningAdviceInterceptor.java:55), org.springframework.aop.framework.ReflectiveMethodInvocation.proceed(ReflectiveMethodInvocation.java:186), org.springframework.aop.aspectj.AspectJAfterThrowingAdvice.invoke(AspectJAfterThrowingAdvice.java:62), org.springframework.aop.framework.ReflectiveMethodInvocation.proceed(ReflectiveMethodInvocation.java:186), org.springframework.aop.interceptor.ExposeInvocationInterceptor.invoke(ExposeInvocationInterceptor.java:93), org.springframework.aop.framework.ReflectiveMethodInvocation.proceed(ReflectiveMethodInvocation.java:186), org.springframework.aop.framework.CglibAopProxy$DynamicAdvisedInterceptor.intercept(CglibAopProxy.java:688), com.intellect.contextual.service.orchestrator.SelectedSaveRecommendationOrchestrator$$EnhancerBySpringCGLIB$$3b29cb26.execute(<generated>), com.intellect.contextual.controller.ContextualUpstreamController.upStreamRequestHandler(ContextualUpstreamController.java:169), com.intellect.contextual.controller.ContextualUpstreamController$$FastClassBySpringCGLIB$$29c21518.invoke(<generated>), org.springframework.cglib.proxy.MethodProxy.invoke(MethodProxy.java:218), org.springframework.aop.framework.CglibAopProxy$CglibMethodInvocation.invokeJoinpoint(CglibAopProxy.java:749), org.springframework.aop.framework.ReflectiveMethodInvocation.proceed(ReflectiveMethodInvocation.java:163), org.springframework.aop.framework.adapter.AfterReturningAdviceInterceptor.invoke(AfterReturningAdviceInterceptor.java:55), org.springframework.aop.framework.ReflectiveMethodInvocation.proceed(ReflectiveMethodInvocation.java:186), org.springframework.aop.interceptor.ExposeInvocationInterceptor.invoke(ExposeInvocationInterceptor.java:93), org.springframework.aop.framework.ReflectiveMethodInvocation.proceed(ReflectiveMethodInvocation.java:186), org.springframework.aop.framework.CglibAopProxy$DynamicAdvisedInterceptor.intercept(CglibAopProxy.java:688), com.intellect.contextual.controller.ContextualUpstreamController$$EnhancerBySpringCGLIB$$1fd51c28.upStreamRequestHandler(<generated>), sun.reflect.NativeMethodAccessorImpl.invoke0(Native Method), sun.reflect.NativeMethodAccessorImpl.invoke(NativeMethodAccessorImpl.java:62), sun.reflect.DelegatingMethodAccessorImpl.invoke(DelegatingMethodAccessorImpl.java:43), java.lang.reflect.Method.invoke(Method.java:498), org.springframework.web.method.support.InvocableHandlerMethod.doInvoke(InvocableHandlerMethod.java:190), org.springframework.web.method.support.InvocableHandlerMethod.invokeForRequest(InvocableHandlerMethod.java:138), org.springframework.web.servlet.mvc.method.annotation.ServletInvocableHandlerMethod.invokeAndHandle(ServletInvocableHandlerMethod.java:104), org.springframework.web.servlet.mvc.method.annotation.RequestMappingHandlerAdapter.invokeHandlerMethod(RequestMappingHandlerAdapter.java:892), org.springframework.web.servlet.mvc.method.annotation.RequestMappingHandlerAdapter.handleInternal(RequestMappingHandlerAdapter.java:797), org.springframework.web.servlet.mvc.method.AbstractHandlerMethodAdapter.handle(AbstractHandlerMethodAdapter.java:87), org.springframework.web.servlet.DispatcherServlet.doDispatch(DispatcherServlet.java:1039), org.springframework.web.servlet.DispatcherServlet.doService(DispatcherServlet.java:942), org.springframework.web.servlet.FrameworkServlet.processRequest(Framework')
,(NULL,NULL,'2021-06-04 00:13:45.461',NULL,NULL,NULL,'','ORIGINAL REQUEST ID MISSING','[com.intellect.contextual.service.orchestrator.SelectedSaveRecommendationOrchestrator.execute(SelectedSaveRecommendationOrchestrator.java:140), com.intellect.contextual.service.orchestrator.SelectedSaveRecommendationOrchestrator$$FastClassBySpringCGLIB$$63163ce4.invoke(<generated>), org.springframework.cglib.proxy.MethodProxy.invoke(MethodProxy.java:218), org.springframework.aop.framework.CglibAopProxy$CglibMethodInvocation.invokeJoinpoint(CglibAopProxy.java:749), org.springframework.aop.framework.ReflectiveMethodInvocation.proceed(ReflectiveMethodInvocation.java:163), org.springframework.aop.framework.adapter.AfterReturningAdviceInterceptor.invoke(AfterReturningAdviceInterceptor.java:55), org.springframework.aop.framework.ReflectiveMethodInvocation.proceed(ReflectiveMethodInvocation.java:186), org.springframework.aop.aspectj.AspectJAfterThrowingAdvice.invoke(AspectJAfterThrowingAdvice.java:62), org.springframework.aop.framework.ReflectiveMethodInvocation.proceed(ReflectiveMethodInvocation.java:186), org.springframework.aop.interceptor.ExposeInvocationInterceptor.invoke(ExposeInvocationInterceptor.java:93), org.springframework.aop.framework.ReflectiveMethodInvocation.proceed(ReflectiveMethodInvocation.java:186), org.springframework.aop.framework.CglibAopProxy$DynamicAdvisedInterceptor.intercept(CglibAopProxy.java:688), com.intellect.contextual.service.orchestrator.SelectedSaveRecommendationOrchestrator$$EnhancerBySpringCGLIB$$3b29cb26.execute(<generated>), com.intellect.contextual.controller.ContextualUpstreamController.upStreamRequestHandler(ContextualUpstreamController.java:169), com.intellect.contextual.controller.ContextualUpstreamController$$FastClassBySpringCGLIB$$29c21518.invoke(<generated>), org.springframework.cglib.proxy.MethodProxy.invoke(MethodProxy.java:218), org.springframework.aop.framework.CglibAopProxy$CglibMethodInvocation.invokeJoinpoint(CglibAopProxy.java:749), org.springframework.aop.framework.ReflectiveMethodInvocation.proceed(ReflectiveMethodInvocation.java:163), org.springframework.aop.framework.adapter.AfterReturningAdviceInterceptor.invoke(AfterReturningAdviceInterceptor.java:55), org.springframework.aop.framework.ReflectiveMethodInvocation.proceed(ReflectiveMethodInvocation.java:186), org.springframework.aop.interceptor.ExposeInvocationInterceptor.invoke(ExposeInvocationInterceptor.java:93), org.springframework.aop.framework.ReflectiveMethodInvocation.proceed(ReflectiveMethodInvocation.java:186), org.springframework.aop.framework.CglibAopProxy$DynamicAdvisedInterceptor.intercept(CglibAopProxy.java:688), com.intellect.contextual.controller.ContextualUpstreamController$$EnhancerBySpringCGLIB$$1fd51c28.upStreamRequestHandler(<generated>), sun.reflect.NativeMethodAccessorImpl.invoke0(Native Method), sun.reflect.NativeMethodAccessorImpl.invoke(NativeMethodAccessorImpl.java:62), sun.reflect.DelegatingMethodAccessorImpl.invoke(DelegatingMethodAccessorImpl.java:43), java.lang.reflect.Method.invoke(Method.java:498), org.springframework.web.method.support.InvocableHandlerMethod.doInvoke(InvocableHandlerMethod.java:190), org.springframework.web.method.support.InvocableHandlerMethod.invokeForRequest(InvocableHandlerMethod.java:138), org.springframework.web.servlet.mvc.method.annotation.ServletInvocableHandlerMethod.invokeAndHandle(ServletInvocableHandlerMethod.java:104), org.springframework.web.servlet.mvc.method.annotation.RequestMappingHandlerAdapter.invokeHandlerMethod(RequestMappingHandlerAdapter.java:892), org.springframework.web.servlet.mvc.method.annotation.RequestMappingHandlerAdapter.handleInternal(RequestMappingHandlerAdapter.java:797), org.springframework.web.servlet.mvc.method.AbstractHandlerMethodAdapter.handle(AbstractHandlerMethodAdapter.java:87), org.springframework.web.servlet.DispatcherServlet.doDispatch(DispatcherServlet.java:1039), org.springframework.web.servlet.DispatcherServlet.doService(DispatcherServlet.java:942), org.springframework.web.servlet.FrameworkServlet.processRequest(Framework')
,(NULL,NULL,'2021-06-07 04:49:07.903',NULL,NULL,NULL,'','ORIGINAL REQUEST ID MISSING','[com.intellect.contextual.service.orchestrator.SelectedSaveRecommendationOrchestrator.execute(SelectedSaveRecommendationOrchestrator.java:140), com.intellect.contextual.service.orchestrator.SelectedSaveRecommendationOrchestrator$$FastClassBySpringCGLIB$$63163ce4.invoke(<generated>), org.springframework.cglib.proxy.MethodProxy.invoke(MethodProxy.java:218), org.springframework.aop.framework.CglibAopProxy$CglibMethodInvocation.invokeJoinpoint(CglibAopProxy.java:749), org.springframework.aop.framework.ReflectiveMethodInvocation.proceed(ReflectiveMethodInvocation.java:163), org.springframework.aop.framework.adapter.AfterReturningAdviceInterceptor.invoke(AfterReturningAdviceInterceptor.java:55), org.springframework.aop.framework.ReflectiveMethodInvocation.proceed(ReflectiveMethodInvocation.java:186), org.springframework.aop.aspectj.AspectJAfterThrowingAdvice.invoke(AspectJAfterThrowingAdvice.java:62), org.springframework.aop.framework.ReflectiveMethodInvocation.proceed(ReflectiveMethodInvocation.java:186), org.springframework.aop.interceptor.ExposeInvocationInterceptor.invoke(ExposeInvocationInterceptor.java:93), org.springframework.aop.framework.ReflectiveMethodInvocation.proceed(ReflectiveMethodInvocation.java:186), org.springframework.aop.framework.CglibAopProxy$DynamicAdvisedInterceptor.intercept(CglibAopProxy.java:688), com.intellect.contextual.service.orchestrator.SelectedSaveRecommendationOrchestrator$$EnhancerBySpringCGLIB$$3b29cb26.execute(<generated>), com.intellect.contextual.controller.ContextualUpstreamController.upStreamRequestHandler(ContextualUpstreamController.java:169), com.intellect.contextual.controller.ContextualUpstreamController$$FastClassBySpringCGLIB$$29c21518.invoke(<generated>), org.springframework.cglib.proxy.MethodProxy.invoke(MethodProxy.java:218), org.springframework.aop.framework.CglibAopProxy$CglibMethodInvocation.invokeJoinpoint(CglibAopProxy.java:749), org.springframework.aop.framework.ReflectiveMethodInvocation.proceed(ReflectiveMethodInvocation.java:163), org.springframework.aop.framework.adapter.AfterReturningAdviceInterceptor.invoke(AfterReturningAdviceInterceptor.java:55), org.springframework.aop.framework.ReflectiveMethodInvocation.proceed(ReflectiveMethodInvocation.java:186), org.springframework.aop.interceptor.ExposeInvocationInterceptor.invoke(ExposeInvocationInterceptor.java:93), org.springframework.aop.framework.ReflectiveMethodInvocation.proceed(ReflectiveMethodInvocation.java:186), org.springframework.aop.framework.CglibAopProxy$DynamicAdvisedInterceptor.intercept(CglibAopProxy.java:688), com.intellect.contextual.controller.ContextualUpstreamController$$EnhancerBySpringCGLIB$$1fd51c28.upStreamRequestHandler(<generated>), sun.reflect.NativeMethodAccessorImpl.invoke0(Native Method), sun.reflect.NativeMethodAccessorImpl.invoke(NativeMethodAccessorImpl.java:62), sun.reflect.DelegatingMethodAccessorImpl.invoke(DelegatingMethodAccessorImpl.java:43), java.lang.reflect.Method.invoke(Method.java:498), org.springframework.web.method.support.InvocableHandlerMethod.doInvoke(InvocableHandlerMethod.java:190), org.springframework.web.method.support.InvocableHandlerMethod.invokeForRequest(InvocableHandlerMethod.java:138), org.springframework.web.servlet.mvc.method.annotation.ServletInvocableHandlerMethod.invokeAndHandle(ServletInvocableHandlerMethod.java:104), org.springframework.web.servlet.mvc.method.annotation.RequestMappingHandlerAdapter.invokeHandlerMethod(RequestMappingHandlerAdapter.java:892), org.springframework.web.servlet.mvc.method.annotation.RequestMappingHandlerAdapter.handleInternal(RequestMappingHandlerAdapter.java:797), org.springframework.web.servlet.mvc.method.AbstractHandlerMethodAdapter.handle(AbstractHandlerMethodAdapter.java:87), org.springframework.web.servlet.DispatcherServlet.doDispatch(DispatcherServlet.java:1039), org.springframework.web.servlet.DispatcherServlet.doService(DispatcherServlet.java:942), org.springframework.web.servlet.FrameworkServlet.processRequest(Framework')
,(NULL,NULL,'2021-06-07 04:57:16.500',NULL,NULL,NULL,'','ORIGINAL REQUEST ID MISSING','[com.intellect.contextual.service.orchestrator.SelectedSaveRecommendationOrchestrator.execute(SelectedSaveRecommendationOrchestrator.java:140), com.intellect.contextual.service.orchestrator.SelectedSaveRecommendationOrchestrator$$FastClassBySpringCGLIB$$63163ce4.invoke(<generated>), org.springframework.cglib.proxy.MethodProxy.invoke(MethodProxy.java:218), org.springframework.aop.framework.CglibAopProxy$CglibMethodInvocation.invokeJoinpoint(CglibAopProxy.java:749), org.springframework.aop.framework.ReflectiveMethodInvocation.proceed(ReflectiveMethodInvocation.java:163), org.springframework.aop.framework.adapter.AfterReturningAdviceInterceptor.invoke(AfterReturningAdviceInterceptor.java:55), org.springframework.aop.framework.ReflectiveMethodInvocation.proceed(ReflectiveMethodInvocation.java:186), org.springframework.aop.aspectj.AspectJAfterThrowingAdvice.invoke(AspectJAfterThrowingAdvice.java:62), org.springframework.aop.framework.ReflectiveMethodInvocation.proceed(ReflectiveMethodInvocation.java:186), org.springframework.aop.interceptor.ExposeInvocationInterceptor.invoke(ExposeInvocationInterceptor.java:93), org.springframework.aop.framework.ReflectiveMethodInvocation.proceed(ReflectiveMethodInvocation.java:186), org.springframework.aop.framework.CglibAopProxy$DynamicAdvisedInterceptor.intercept(CglibAopProxy.java:688), com.intellect.contextual.service.orchestrator.SelectedSaveRecommendationOrchestrator$$EnhancerBySpringCGLIB$$3b29cb26.execute(<generated>), com.intellect.contextual.controller.ContextualUpstreamController.upStreamRequestHandler(ContextualUpstreamController.java:169), com.intellect.contextual.controller.ContextualUpstreamController$$FastClassBySpringCGLIB$$29c21518.invoke(<generated>), org.springframework.cglib.proxy.MethodProxy.invoke(MethodProxy.java:218), org.springframework.aop.framework.CglibAopProxy$CglibMethodInvocation.invokeJoinpoint(CglibAopProxy.java:749), org.springframework.aop.framework.ReflectiveMethodInvocation.proceed(ReflectiveMethodInvocation.java:163), org.springframework.aop.framework.adapter.AfterReturningAdviceInterceptor.invoke(AfterReturningAdviceInterceptor.java:55), org.springframework.aop.framework.ReflectiveMethodInvocation.proceed(ReflectiveMethodInvocation.java:186), org.springframework.aop.interceptor.ExposeInvocationInterceptor.invoke(ExposeInvocationInterceptor.java:93), org.springframework.aop.framework.ReflectiveMethodInvocation.proceed(ReflectiveMethodInvocation.java:186), org.springframework.aop.framework.CglibAopProxy$DynamicAdvisedInterceptor.intercept(CglibAopProxy.java:688), com.intellect.contextual.controller.ContextualUpstreamController$$EnhancerBySpringCGLIB$$1fd51c28.upStreamRequestHandler(<generated>), sun.reflect.NativeMethodAccessorImpl.invoke0(Native Method), sun.reflect.NativeMethodAccessorImpl.invoke(NativeMethodAccessorImpl.java:62), sun.reflect.DelegatingMethodAccessorImpl.invoke(DelegatingMethodAccessorImpl.java:43), java.lang.reflect.Method.invoke(Method.java:498), org.springframework.web.method.support.InvocableHandlerMethod.doInvoke(InvocableHandlerMethod.java:190), org.springframework.web.method.support.InvocableHandlerMethod.invokeForRequest(InvocableHandlerMethod.java:138), org.springframework.web.servlet.mvc.method.annotation.ServletInvocableHandlerMethod.invokeAndHandle(ServletInvocableHandlerMethod.java:104), org.springframework.web.servlet.mvc.method.annotation.RequestMappingHandlerAdapter.invokeHandlerMethod(RequestMappingHandlerAdapter.java:892), org.springframework.web.servlet.mvc.method.annotation.RequestMappingHandlerAdapter.handleInternal(RequestMappingHandlerAdapter.java:797), org.springframework.web.servlet.mvc.method.AbstractHandlerMethodAdapter.handle(AbstractHandlerMethodAdapter.java:87), org.springframework.web.servlet.DispatcherServlet.doDispatch(DispatcherServlet.java:1039), org.springframework.web.servlet.DispatcherServlet.doService(DispatcherServlet.java:942), org.springframework.web.servlet.FrameworkServlet.processRequest(Framework')
;INSERT INTO "CP_Client".icp_field_master (field_code,field_name,field_bucket,data_type,is_array,data_length,vrule_code,is_system_defined,maker_id,maker_date,checker_id,checker_date,flag_closed) VALUES 
('IN_DR_AC_CCY','Debit Account Currency','Input','A','N',NULL,NULL,'Y','SYSTEM','2019-10-03 16:22:15.315','SYSTEM','2019-10-03 16:22:15.315','N')
,('IN_VAL_DT','Value Date','Input','D','N',NULL,NULL,'Y','SYSTEM','2019-10-03 16:22:15.315','SYSTEM','2019-10-03 16:22:15.315','N')
,('IN_INST_AMT','Instructed Amount','Input','N','N',NULL,NULL,'Y','SYSTEM','2019-10-03 16:22:15.315','SYSTEM','2019-10-03 16:22:15.315','N')
,('IN_INST_AMT_CCY','Instructed Currency','Input','A','N',NULL,NULL,'Y','SYSTEM','2019-10-03 16:22:15.315','SYSTEM','2019-10-03 16:22:15.315','N')
,('IN_DEBT_AMT','Debit Amount','Input','N','N',NULL,NULL,'Y','SYSTEM','2019-10-03 16:22:15.315','SYSTEM','2019-10-03 16:22:15.315','N')
,('IN_DEBT_AMT_CCY','Debit Currency','Input','A','N',NULL,NULL,'Y','SYSTEM','2019-10-03 16:22:15.315','SYSTEM','2019-10-03 16:22:15.315','N')
,('IN_CUST_ID','Customer ID','Input','A','N',NULL,NULL,'Y','SYSTEM','2019-10-03 16:22:15.315','SYSTEM','2019-10-03 16:22:15.315','N')
,('DV_CUST_CAT','Customer Category','Input','A','N',NULL,NULL,'Y','SYSTEM','2019-10-03 16:22:15.315','SYSTEM','2019-10-03 16:22:15.315','N')
,('DV_OFFERING_CODE','Offering code','Derived','A','N',NULL,NULL,'Y','SYSTEM','2019-10-03 16:22:15.315','SYSTEM','2019-10-03 16:22:15.315','N')
,('FLD_DER_ELIGIBLE_USER','Eligible User','Derived','A','N',NULL,NULL,'Y','SYSTEM','2019-10-03 16:22:15.000','SYSTEM','2019-10-03 16:22:15.000','N')
;
INSERT INTO "CP_Client".icp_field_master (field_code,field_name,field_bucket,data_type,is_array,data_length,vrule_code,is_system_defined,maker_id,maker_date,checker_id,checker_date,flag_closed) VALUES 
('DV_VD','Derived value date','Derived','A','N',NULL,NULL,'Y','SYSTEM','2019-10-03 16:22:15.000','SYSTEM','2019-10-03 16:22:15.000','N')
,('IN_DR_AC','Debit Account','Input','A','N','67',NULL,'N','SYSTEM','2019-10-23 11:25:50.165','SYSTEM','2019-10-23 11:25:50.165','N')
,('IN_CR_AGT_CTRY','Creditor Bank Country','Input','A','N','89',NULL,'N','SYSTEM','2019-10-23 12:32:34.409','SYSTEM','2019-10-23 12:32:34.409','N')
,('IN_PAY_REASON','Reason','INPUT','A','N','250',NULL,'N','SYSTEM','2019-10-24 12:59:40.496','SYSTEM','2019-10-24 12:59:40.496','N')
,('IN_CR_BANK_NAME','Creditor Bank Name','Fulfillment','A','N','250',NULL,'N','SYSTEM','2019-10-30 19:57:49.843','SYSTEM','2019-10-30 19:57:49.843','N')
,('IN_CR_ACC_TYPE','Creditor Account Type','Fulfillment','A','N','250',NULL,'N','SYSTEM','2019-10-30 19:58:28.511','SYSTEM','2019-10-30 19:58:28.511','N')
,('IN_CR_ROUTING_NO','Creditor Bank Routing No.','Fulfillment','A','N','25',NULL,'N','SYSTEM','2019-10-30 19:59:08.514','SYSTEM','2019-10-30 19:59:08.514','N')
,('IN_CR_BANK_ADD','Creditor Bank Address','Fulfillment','A','N','900',NULL,'N','SYSTEM','2019-10-30 20:00:13.831','SYSTEM','2019-10-30 20:00:13.831','N')
,('SWIFT_CODE','SWIFT Code','Fulfillment','A','N','25',NULL,'N','SYSTEM','2019-10-30 20:02:28.923','SYSTEM','2019-10-30 20:02:28.923','N')
,('IN_CR_NAME','Creditor Name','Fulfillment','A','N','250',NULL,'N','SYSTEM','2019-10-30 20:03:03.375','SYSTEM','2019-10-30 20:03:03.375','N')
;
INSERT INTO "CP_Client".icp_field_master (field_code,field_name,field_bucket,data_type,is_array,data_length,vrule_code,is_system_defined,maker_id,maker_date,checker_id,checker_date,flag_closed) VALUES 
('IN_CR_ADD','Creditor Address','Fulfillment','A','N','900',NULL,'N','SYSTEM','2019-10-30 20:03:37.338','SYSTEM','2019-10-30 20:03:37.338','N')
,('IN_CR_ALIAS_PHONE','Phone','Fulfillment','A','N',NULL,NULL,'Y','SYSTEM','2019-10-03 16:22:15.315','SYSTEM','2019-10-03 16:22:15.315','N')
,('IN_CR_ALIAS_EMAIL','Email','Fulfillment','A','N',NULL,NULL,'Y','SYSTEM','2019-10-03 16:22:15.315','SYSTEM','2019-10-03 16:22:15.315','N')
,('IN_CR_ACC_NO','Creditor Account No','Fulfillment','A','N','20',NULL,'Y','SYSTEM','2019-10-03 16:22:15.000','SYSTEM','2019-10-03 16:22:15.000','N')
,('IN_CR_ABA_ROUTING','Creditor BIC Routing No.','Fulfillment','A','N','25',NULL,'N','SYSTEM','2019-10-30 19:59:43.543','SYSTEM','2019-10-30 19:59:43.543','N')
,('IN_CR_DET_CHAR','Details of Charges','Fulfillment','A','N','250',NULL,'N','SYSTEM','2019-10-30 19:57:49.843','SYSTEM','2019-10-30 19:57:49.843','N')
,('IN_CR_REMIT_INFO','Remittance Info','Fulfillment','A','N','250',NULL,'N','SYSTEM','2019-10-30 19:57:49.843','SYSTEM','2019-10-30 19:57:49.843','N')
,('FL_NTNL_RATE','Notional rate','Input','A','N','7',NULL,'N','SYSTEM','2020-01-13 16:59:50.328','SYSTEM','2020-01-13 16:59:50.328','N')
,('DV_FLD_DISCLMR','Disclamer','Derived','A','N','400',NULL,'N','SYSTEM','2020-01-13 17:00:27.518','SYSTEM','2020-01-13 17:00:27.518','N')
,('IN_CONTACT','Contact','Input','A','N','50',NULL,'N','SYSTEM','2020-01-13 17:00:27.518','SYSTEM','2020-01-13 17:00:27.518','N')
;
INSERT INTO "CP_Client".icp_field_master (field_code,field_name,field_bucket,data_type,is_array,data_length,vrule_code,is_system_defined,maker_id,maker_date,checker_id,checker_date,flag_closed) VALUES 
('DV_FREQ_USED','Frequently Used Tag','Derived','A','N','50',NULL,'N','SYSTEM','2020-01-13 17:00:27.518','SYSTEM','2020-01-13 17:00:27.518','N')
;INSERT INTO "CP_Client".icp_interfacing_system (system_code,system_name,upstream_downstream,addr_disc_type,discovery_server_name,dns_name,port,is_system_defined,maker_id,maker_date,checker_id,checker_date,flag_closed) VALUES 
('CBX','CBX','U',NULL,NULL,NULL,NULL,'Y','SYSTEM','2019-08-27 16:58:00.503','SYSTEM','2019-08-27 16:58:00.503','N')
;INSERT INTO "CP_Client".icp_list_config (list_code,list_name,list_source,list_pk,query_sql,api_code,is_system_defined,maker_id,maker_date,checker_id,checker_date,flag_closed) VALUES 
('LIST_SANC_CNTRY','Sanctions country list','T',NULL,NULL,NULL,'N','SYSTEM','2019-08-27 16:58:54.554','SYSTEM','2019-08-27 16:58:54.554','N')
,('LIST_ALWD_CNTRY','Allowed country list','T',NULL,NULL,NULL,'N','SYSTEM','2019-08-27 16:58:54.554','SYSTEM','2019-08-27 16:58:54.554','N')
,('LIST_ALWD_CCY_USD','Allowed currency pairs for USD','T',NULL,NULL,NULL,'N','SYSTEM','2019-08-27 16:58:54.554','SYSTEM','2019-08-27 16:58:54.554','N')
,('LIST_ALWD_CCY_CAD','Allowed currency pairs for CAD','T',NULL,NULL,NULL,'N','SYSTEM','2019-08-27 16:58:54.554','SYSTEM','2019-08-27 16:58:54.554','N')
;INSERT INTO "CP_Client".icp_list_config_dtls (list_code,list_seq,list_name,list_value) VALUES 
('LIST_SANC_CNTRY',1,'Iran','IRN')
,('LIST_SANC_CNTRY',2,'North Korea','KOR')
,('LIST_SANC_CNTRY',3,'Sudan','SDN')
,('LIST_SANC_CNTRY',4,'Syria','SYR')
,('LIST_SANC_CNTRY',5,'Cuba','CUB')
,('LIST_SANC_CNTRY',6,'Venezuela','VEN')
,('LIST_ALWD_CNTRY',1,'Australia','AU')
,('LIST_ALWD_CNTRY',2,'Bangladesh','BD')
,('LIST_ALWD_CNTRY',3,'Canada','CA')
,('LIST_ALWD_CNTRY',4,'Denmark','DK')
;
INSERT INTO "CP_Client".icp_list_config_dtls (list_code,list_seq,list_name,list_value) VALUES 
('LIST_ALWD_CNTRY',5,'France','FR')
,('LIST_ALWD_CNTRY',6,'Greece','GR')
,('LIST_ALWD_CNTRY',7,'India','IN')
,('LIST_ALWD_CNTRY',8,'Japan','JP')
,('LIST_ALWD_CNTRY',9,'Mexico','MX')
,('LIST_ALWD_CNTRY',10,'Norway','NO')
,('LIST_ALWD_CNTRY',11,'Switzerland','CH')
,('LIST_ALWD_CCY_USD',1,'CAD','CAD')
,('LIST_ALWD_CCY_USD',2,'AUD','AUD')
,('LIST_ALWD_CCY_USD',3,'INR','INR')
;
INSERT INTO "CP_Client".icp_list_config_dtls (list_code,list_seq,list_name,list_value) VALUES 
('LIST_ALWD_CCY_USD',4,'GBP','GBP')
,('LIST_ALWD_CCY_USD',5,'EUR','EUR')
,('LIST_ALWD_CCY_USD',6,'DKK','DKK')
,('LIST_ALWD_CCY_USD',7,'AED','AED')
,('LIST_ALWD_CCY_CAD',1,'USD','USD')
,('LIST_ALWD_CCY_CAD',2,'AUD','AUD')
,('LIST_ALWD_CCY_CAD',3,'INR','INR')
,('LIST_ALWD_CCY_CAD',4,'GBP','GBP')
,('LIST_ALWD_CCY_CAD',5,'EUR','EUR')
,('LIST_ALWD_CCY_CAD',6,'DKK','DKK')
;
INSERT INTO "CP_Client".icp_list_config_dtls (list_code,list_seq,list_name,list_value) VALUES 
('LIST_ALWD_CCY_CAD',7,'SAR','SAR')
,('LIST_ALWD_CNTRY',12,'Zimbabwe','ZW')
,('LIST_ALWD_CNTRY',13,'United States','US')
;INSERT INTO "CP_Client".icp_offering_elimination (offering_code,vrule_code,raise_error,error_code) VALUES 
('PRD_OFRNG_ETRF_001','VR_ETRF_DEBT_CCY','Y','ERR_ETRF_DEBTCCY_001')
,('PRD_OFRNG_ETRF_001','VR_ETRF_MIN_TXN_AMT_LMT','Y','ERR_ETRF_MINLMT_001')
,('PRD_OFRNG_ETRF_001','VR_ETRF_MAX_TXN_AMT_LMT','Y','ERR_ETRF_MAXLMT_001')
,('PRD_OFRNG_ACH_001','VR_ACH_CTRY_US','Y','ERR_ACH_CTRY_001')
,('PRD_OFRNG_ACH_001','VR_ACH_INST_AMT_CCY','Y','ERR_ACH_AMTCCY_001')
,('PRD_OFRNG_ACH_001','VR_ACH_DEBT_CCY','Y','ERR_ACH_DEBTCCY_001')
,('PRD_OFRNG_ACH_001','VR_ACH_MIN_TXN_AMT_LMT','Y','ERR_ACH_MINLMT_001')
,('PRD_OFRNG_ACH_001','VR_ACH_MAX_TXN_AMT_LMT','Y','ERR_EFT_MAXLMT_001')
,('PRD_OFRNG_EFT_001','VR_EFT_MIN_TXN_AMT_LMT','Y','ERR_EFT_MINLMT_001')
,('PRD_OFRNG_EFT_001','VR_EFT_MAX_TXN_AMT_LMT','Y','ERR_EFT_MAXLMT_001')
;
INSERT INTO "CP_Client".icp_offering_elimination (offering_code,vrule_code,raise_error,error_code) VALUES 
('PRD_OFRNG_GMT_001','VR_GMT_MAX_TXN_AMT_LMT','Y','ERR_GMT_MAXLMT_001')
,('PRD_OFRNG_GMT_001','VR_GMT_MIN_TXN_AMT_LMT','Y','ERR_GMT_MINLMT_001')
,('PRD_OFRNG_ACH_001','VR_ACH_ENTITLEMENT_USER','Y','ERR_ACH_ENTUSR_001')
,('PRD_OFRNG_EFT_001','VR_EFT_ENTITLEMENT_USER','Y','ERR_EFT_ENTUSR_001')
,('PRD_OFRNG_GMT_001','VR_GMT_ENTITLEMENT_USER','Y','ERR_GMT_ENTUSR_001')
,('PRD_OFRNG_EFT_001','VR_EFT_ALWD_CCY_PAIR','Y','ERR_EFT_AMTCCY_001')
,('PRD_OFRNG_ETRF_001','VR_ETRF_CTRY_CA','Y','ERR_ETRF_CTRY_001')
,('PRD_OFRNG_ETRF_001_D','VR_VD_CHECK','N',NULL)
,('PRD_OFRNG_ACH_001_D','VR_VD_CHECK','N',NULL)
,('PRD_OFRNG_EFT_001_D','VR_VD_CHECK','N',NULL)
;
INSERT INTO "CP_Client".icp_offering_elimination (offering_code,vrule_code,raise_error,error_code) VALUES 
('PRD_OFRNG_GMT_001_D','VR_VD_CHECK','N',NULL)
,('PRD_OFRNG_ETRF_001','VR_ETRF_ENTITLEMENT_USER','Y','ERR_ETRF_ENTUSR_001')
,('PRD_OFRNG_EFT_001','VR_EFT_CTRY_CA','Y','ERR_EFT_CTRY_001')
,('PRD_OFRNG_WIRE_001','VR_WIRE_ALWD_CTRYS','Y','ERR_WIRE_CTRY_001')
,('PRD_OFRNG_WIRE_001','VR_WIRE_MAX_TXN_AMT_LMT','Y','ERR_WIRE_MAXLMT_001')
,('PRD_OFRNG_WIRE_001','VR_WIRE_MIN_TXN_AMT_LMT','Y','ERR_WIRE_MINLMT_001')
,('PRD_OFRNG_WIRE_001','VR_WIRE_ENTITLEMENT_USER','Y','ERR_WIRE_ENTUSR_001')
,('PRD_OFRNG_WIRE_001','VR_WIRE_ALWD_CCY_PAIR','Y','ERR_WIRE_AMTCCY_001')
,('PRD_OFRNG_WIRE_001_D','VR_VD_CHECK','Y',NULL)
;INSERT INTO "CP_Client".icp_offering_enrichment (offering_code,offering_field_code,enrich_seq,erule_code,raise_error,vrule_code,error_code) VALUES 
('PRD_OFRNG_ETRF_001','DV_OFFERING_CODE',1,'EN_DER_ETRF_OFFRCODE','N',NULL,NULL)
,('PRD_OFRNG_ACH_001','DV_OFFERING_CODE',1,'EN_DER_ACH_OFFRCODE','N',NULL,NULL)
,('PRD_OFRNG_EFT_001','DV_OFFERING_CODE',1,'EN_DER_EFT_OFFRCODE','N',NULL,NULL)
,('PRD_OFRNG_GMT_001','DV_OFFERING_CODE',1,'EN_DER_GMT_OFFRCODE','N',NULL,NULL)
,('PRD_OFRNG_ETRF_001','FLD_DER_ELIGIBLE_USER',1,'EN_DER_ELIGIBLE','N',NULL,NULL)
,('PRD_OFRNG_ACH_001','FLD_DER_ELIGIBLE_USER',1,'EN_DER_ELIGIBLE','N',NULL,NULL)
,('PRD_OFRNG_EFT_001','FLD_DER_ELIGIBLE_USER',1,'EN_DER_ELIGIBLE','N',NULL,NULL)
,('PRD_OFRNG_GMT_001','FLD_DER_ELIGIBLE_USER',1,'EN_DER_ELIGIBLE','N',NULL,NULL)
,('PRD_OFRNG_ETRF_001','DV_FLD_DISCLMR',1,'EN_DISCLMR_ETRF','N',NULL,NULL)
,('PRD_OFRNG_ACH_001','DV_FLD_DISCLMR',1,'EN_DISCLMR_ACH','N',NULL,NULL)
;
INSERT INTO "CP_Client".icp_offering_enrichment (offering_code,offering_field_code,enrich_seq,erule_code,raise_error,vrule_code,error_code) VALUES 
('PRD_OFRNG_EFT_001','DV_FLD_DISCLMR',1,'EN_DISCLMR_EFT','N',NULL,NULL)
,('PRD_OFRNG_GMT_001','DV_FLD_DISCLMR',1,'EN_DISCLMR_GMT','N',NULL,NULL)
,('PRD_OFRNG_ETRF_001','DV_VD',1,'EN_VALUE_DATE_DISPLAY','N',NULL,NULL)
,('PRD_OFRNG_ACH_001','DV_VD',1,'EN_VALUE_DATE_DISPLAY','N',NULL,NULL)
,('PRD_OFRNG_EFT_001','DV_VD',1,'EN_VALUE_DATE_DISPLAY','N',NULL,NULL)
,('PRD_OFRNG_GMT_001','DV_VD',1,'EN_VALUE_DATE_DISPLAY','N',NULL,NULL)
,('PRD_OFRNG_WIRE_001','DV_OFFERING_CODE',1,'EN_DER_WIRE_OFFRCODE','Y',NULL,NULL)
,('PRD_OFRNG_WIRE_001','FLD_DER_ELIGIBLE_USER',1,'EN_DER_ELIGIBLE','Y',NULL,NULL)
,('PRD_OFRNG_WIRE_001','DV_FLD_DISCLMR',1,'EN_DISCLMR_WIRE','Y',NULL,NULL)
,('PRD_OFRNG_WIRE_001','DV_VD',1,'EN_VALUE_DATE_DISPLAY','Y',NULL,NULL)
;
INSERT INTO "CP_Client".icp_offering_enrichment (offering_code,offering_field_code,enrich_seq,erule_code,raise_error,vrule_code,error_code) VALUES 
('PRD_OFRNG_ACH_001','DV_FREQ_USED',1,'EN_FREQ_USED','Y',NULL,NULL)
,('PRD_OFRNG_BILLPAY_001','DV_FREQ_USED',1,'EN_FREQ_USED','Y',NULL,NULL)
,('PRD_OFRNG_EFT_001','DV_FREQ_USED',1,'EN_FREQ_USED','Y',NULL,NULL)
,('PRD_OFRNG_ETRF_001','DV_FREQ_USED',1,'EN_FREQ_USED','Y',NULL,NULL)
,('PRD_OFRNG_GMT_001','DV_FREQ_USED',1,'EN_FREQ_USED','Y',NULL,NULL)
,('PRD_OFRNG_WIRE_001','DV_FREQ_USED',1,'EN_FREQ_USED','Y',NULL,NULL)
;INSERT INTO "CP_Client".icp_offering_fields (offering_code,offering_field_code,field_bucket,is_mandatory,input_derived_fulfilment) VALUES 
('PRD_OFRNG_ETRF_001','IN_DR_AC','Input','Y','I')
,('PRD_OFRNG_ETRF_001','IN_DR_AC_CCY','Input','Y','I')
,('PRD_OFRNG_ETRF_001','IN_CR_AGT_CTRY','Input','Y','I')
,('PRD_OFRNG_ETRF_001','IN_INST_AMT','Input','Y','I')
,('PRD_OFRNG_ETRF_001','IN_INST_AMT_CCY','Input','Y','I')
,('PRD_OFRNG_ETRF_001','IN_CUST_ID','Input','Y','I')
,('PRD_OFRNG_ETRF_001','DV_CUST_CAT','Input','Y','I')
,('PRD_OFRNG_ACH_001','IN_DR_AC','Input','Y','I')
,('PRD_OFRNG_ACH_001','IN_DR_AC_CCY','Input','Y','I')
,('PRD_OFRNG_ACH_001','IN_CR_AGT_CTRY','Input','Y','I')
;
INSERT INTO "CP_Client".icp_offering_fields (offering_code,offering_field_code,field_bucket,is_mandatory,input_derived_fulfilment) VALUES 
('PRD_OFRNG_ACH_001','IN_INST_AMT','Input','Y','I')
,('PRD_OFRNG_ACH_001','IN_INST_AMT_CCY','Input','Y','I')
,('PRD_OFRNG_ACH_001','IN_CUST_ID','Input','Y','I')
,('PRD_OFRNG_ACH_001','DV_CUST_CAT','Input','Y','I')
,('PRD_OFRNG_EFT_001','IN_DR_AC','Input','Y','I')
,('PRD_OFRNG_EFT_001','IN_DR_AC_CCY','Input','Y','I')
,('PRD_OFRNG_EFT_001','IN_CR_AGT_CTRY','Input','Y','I')
,('PRD_OFRNG_EFT_001','IN_INST_AMT','Input','Y','I')
,('PRD_OFRNG_EFT_001','IN_INST_AMT_CCY','Input','Y','I')
,('PRD_OFRNG_EFT_001','IN_CUST_ID','Input','Y','I')
;
INSERT INTO "CP_Client".icp_offering_fields (offering_code,offering_field_code,field_bucket,is_mandatory,input_derived_fulfilment) VALUES 
('PRD_OFRNG_EFT_001','DV_CUST_CAT','Input','Y','I')
,('PRD_OFRNG_GMT_001','IN_DR_AC','Input','Y','I')
,('PRD_OFRNG_GMT_001','IN_DR_AC_CCY','Input','Y','I')
,('PRD_OFRNG_GMT_001','IN_CR_AGT_CTRY','Input','Y','I')
,('PRD_OFRNG_GMT_001','IN_INST_AMT','Input','Y','I')
,('PRD_OFRNG_GMT_001','IN_INST_AMT_CCY','Input','Y','I')
,('PRD_OFRNG_GMT_001','IN_CUST_ID','Input','Y','I')
,('PRD_OFRNG_GMT_001','DV_CUST_CAT','Input','Y','I')
,('PRD_OFRNG_ACH_001','DV_OFFERING_CODE','Derived','N','D')
,('PRD_OFRNG_EFT_001','DV_OFFERING_CODE','Derived','N','D')
;
INSERT INTO "CP_Client".icp_offering_fields (offering_code,offering_field_code,field_bucket,is_mandatory,input_derived_fulfilment) VALUES 
('PRD_OFRNG_GMT_001','DV_OFFERING_CODE','Derived','N','D')
,('PRD_OFRNG_ETRF_001','DV_FLD_DISCLMR','Derived','N','D')
,('PRD_OFRNG_ETRF_001','FLD_DER_ELIGIBLE_USER','Derived','Y','D')
,('PRD_OFRNG_ACH_001','FLD_DER_ELIGIBLE_USER','Derived','Y','D')
,('PRD_OFRNG_EFT_001','FLD_DER_ELIGIBLE_USER','Derived','Y','D')
,('PRD_OFRNG_GMT_001','FLD_DER_ELIGIBLE_USER','Derived','Y','D')
,('PRD_OFRNG_ETRF_001','IN_CR_ALIAS_PHONE','Fulfillment','Y','F')
,('PRD_OFRNG_ETRF_001','IN_CR_ALIAS_EMAIL','Fulfillment','Y','F')
,('PRD_OFRNG_ETRF_001','DV_OFFERING_CODE','Derived','N','D')
,('PRD_OFRNG_ACH_001','DV_FLD_DISCLMR','Derived','N','D')
;
INSERT INTO "CP_Client".icp_offering_fields (offering_code,offering_field_code,field_bucket,is_mandatory,input_derived_fulfilment) VALUES 
('PRD_OFRNG_EFT_001','DV_FLD_DISCLMR','Derived','N','D')
,('PRD_OFRNG_GMT_001','DV_FLD_DISCLMR','Derived','N','D')
,('PRD_OFRNG_ACH_001','IN_VAL_DT','Input','N','I')
,('PRD_OFRNG_ACH_001','IN_DEBT_AMT','Input','N','I')
,('PRD_OFRNG_ACH_001','IN_DEBT_AMT_CCY','Input','N','I')
,('PRD_OFRNG_ACH_001','FL_NTNL_RATE','Input','N','I')
,('PRD_OFRNG_EFT_001','IN_VAL_DT','Input','N','I')
,('PRD_OFRNG_EFT_001','IN_DEBT_AMT','Input','N','I')
,('PRD_OFRNG_EFT_001','IN_DEBT_AMT_CCY','Input','N','I')
,('PRD_OFRNG_EFT_001','FL_NTNL_RATE','Input','N','I')
;
INSERT INTO "CP_Client".icp_offering_fields (offering_code,offering_field_code,field_bucket,is_mandatory,input_derived_fulfilment) VALUES 
('PRD_OFRNG_ETRF_001','IN_VAL_DT','Input','N','I')
,('PRD_OFRNG_ETRF_001','IN_DEBT_AMT','Input','N','I')
,('PRD_OFRNG_ETRF_001','IN_DEBT_AMT_CCY','Input','N','I')
,('PRD_OFRNG_ETRF_001','FL_NTNL_RATE','Input','N','I')
,('PRD_OFRNG_GMT_001','IN_VAL_DT','Input','N','I')
,('PRD_OFRNG_GMT_001','IN_DEBT_AMT','Input','N','I')
,('PRD_OFRNG_GMT_001','IN_DEBT_AMT_CCY','Input','N','I')
,('PRD_OFRNG_GMT_001','FL_NTNL_RATE','Input','N','I')
,('PRD_OFRNG_ETRF_001','DV_VD','Derived','N','D')
,('PRD_OFRNG_ACH_001','DV_VD','Derived','N','D')
;
INSERT INTO "CP_Client".icp_offering_fields (offering_code,offering_field_code,field_bucket,is_mandatory,input_derived_fulfilment) VALUES 
('PRD_OFRNG_EFT_001','DV_VD','Derived','N','D')
,('PRD_OFRNG_GMT_001','DV_VD','Derived','N','D')
,('PRD_OFRNG_ETRF_001','IN_CR_ALIAS_PHONE','Fulfillment','Y','F')
,('PRD_OFRNG_ETRF_001','IN_CR_ALIAS_EMAIL','Fulfillment','Y','F')
,('PRD_OFRNG_EFT_001','IN_CR_BANK_NAME','Fulfillment','Y','F')
,('PRD_OFRNG_EFT_001','IN_CR_ROUTING_NO','Fulfillment','Y','F')
,('PRD_OFRNG_ACH_001','IN_CR_ROUTING_NO','Fulfillment','Y','F')
,('PRD_OFRNG_ACH_001','IN_CR_ACC_TYPE','Fulfillment','Y','F')
,('PRD_OFRNG_GMT_001','SWIFT_CODE','Fulfillment','Y','F')
,('PRD_OFRNG_GMT_001','IN_CR_NAME','Fulfillment','Y','F')
;
INSERT INTO "CP_Client".icp_offering_fields (offering_code,offering_field_code,field_bucket,is_mandatory,input_derived_fulfilment) VALUES 
('PRD_OFRNG_GMT_001','IN_CR_ADD','Fulfillment','Y','F')
,('PRD_OFRNG_EFT_001','IN_CR_ACC_NO','Fulfillment','Y','F')
,('PRD_OFRNG_ACH_001','IN_CR_REMIT_INFO','Fulfillment','Y','F')
,('PRD_OFRNG_ACH_001','IN_CR_ACC_NO','Fulfillment','Y','F')
,('PRD_OFRNG_ETRF_001','IN_CR_REMIT_INFO','Fulfillment','Y','F')
,('PRD_OFRNG_WIRE_001','IN_DR_AC','Input','Y','I')
,('PRD_OFRNG_WIRE_001','IN_DR_AC_CCY','Input','Y','I')
,('PRD_OFRNG_WIRE_001','IN_CR_AGT_CTRY','Input','Y','I')
,('PRD_OFRNG_WIRE_001','IN_INST_AMT','Input','Y','I')
,('PRD_OFRNG_WIRE_001','IN_INST_AMT_CCY','Input','Y','I')
;
INSERT INTO "CP_Client".icp_offering_fields (offering_code,offering_field_code,field_bucket,is_mandatory,input_derived_fulfilment) VALUES 
('PRD_OFRNG_WIRE_001','IN_CUST_ID','Input','Y','I')
,('PRD_OFRNG_WIRE_001','DV_CUST_CAT','Input','Y','I')
,('PRD_OFRNG_WIRE_001','DV_OFFERING_CODE','Derived','N','D')
,('PRD_OFRNG_WIRE_001','FLD_DER_ELIGIBLE_USER','Derived','Y','D')
,('PRD_OFRNG_WIRE_001','DV_FLD_DISCLMR','Derived','N','D')
,('PRD_OFRNG_WIRE_001','IN_VAL_DT','Input','N','I')
,('PRD_OFRNG_WIRE_001','IN_DEBT_AMT','Input','N','I')
,('PRD_OFRNG_WIRE_001','IN_DEBT_AMT_CCY','Input','N','I')
,('PRD_OFRNG_WIRE_001','FL_NTNL_RATE','Input','N','I')
,('PRD_OFRNG_WIRE_001','DV_VD','Derived','N','D')
;
INSERT INTO "CP_Client".icp_offering_fields (offering_code,offering_field_code,field_bucket,is_mandatory,input_derived_fulfilment) VALUES 
('PRD_OFRNG_WIRE_001','IN_CR_ABA_ROUTING','Fulfillment','Y','F')
,('PRD_OFRNG_WIRE_001','IN_CR_BANK_ADD','Fulfillment','Y','F')
,('PRD_OFRNG_WIRE_001','IN_CR_BANK_NAME','Fulfillment','Y','F')
,('PRD_OFRNG_WIRE_001','IN_CR_NAME','Fulfillment','Y','F')
,('PRD_OFRNG_WIRE_001','IN_CR_DET_CHAR','Fulfillment','Y','F')
,('PRD_OFRNG_WIRE_001','IN_CR_REMIT_INFO','Fulfillment','Y','F')
,('PRD_OFRNG_WIRE_001','IN_CR_ADD','Fulfillment','Y','F')
,('PRD_OFRNG_ACH_001','IN_CONTACT','Input','N','I')
,('PRD_OFRNG_BILLPAY_001','IN_CONTACT','Input','N','I')
,('PRD_OFRNG_EFT_001','IN_CONTACT','Input','N','I')
;
INSERT INTO "CP_Client".icp_offering_fields (offering_code,offering_field_code,field_bucket,is_mandatory,input_derived_fulfilment) VALUES 
('PRD_OFRNG_ETRF_001','IN_CONTACT','Input','N','I')
,('PRD_OFRNG_GMT_001','IN_CONTACT','Input','N','I')
,('PRD_OFRNG_WIRE_001','IN_CONTACT','Input','N','I')
,('PRD_OFRNG_ACH_001','DV_FREQ_USED','Derived','N','D')
,('PRD_OFRNG_BILLPAY_001','DV_FREQ_USED','Derived','N','D')
,('PRD_OFRNG_EFT_001','DV_FREQ_USED','Derived','N','D')
,('PRD_OFRNG_ETRF_001','DV_FREQ_USED','Derived','N','D')
,('PRD_OFRNG_GMT_001','DV_FREQ_USED','Derived','N','D')
,('PRD_OFRNG_WIRE_001','DV_FREQ_USED','Derived','N','D')
;INSERT INTO "CP_Client".icp_offering_pref_impl (offering_code,seq,is_system_defined,maker_id,maker_date,checker_id,checker_date,flag_closed) VALUES 
('PRD_OFRNG_ETRF_001',1,'Y','SYSTEM','2019-08-27 17:10:12.254','SYSTEM','2019-08-27 17:10:12.254','N')
,('PRD_OFRNG_WIRE_001',2,'Y','SYSTEM','2019-08-27 17:10:12.254','SYSTEM','2019-08-27 17:10:12.254','N')
,('PRD_OFRNG_ACH_001',3,'Y','SYSTEM','2019-08-27 17:10:12.254','SYSTEM','2019-08-27 17:10:12.254','N')
,('PRD_OFRNG_EFT_001',4,'Y','SYSTEM','2019-08-27 17:10:12.254','SYSTEM','2019-08-27 17:10:12.254','N')
,('PRD_OFRNG_GMT_001',5,'Y','SYSTEM','2019-08-27 17:10:12.254','SYSTEM','2019-08-27 17:10:12.254','N')
;INSERT INTO "CP_Client".icp_parameter (parameter_pk,param_type,param_sub_type,param_key,param_value,param_order,is_system_defined,maker_id,maker_date,checker_id,checker_date,flag_closed) VALUES 
(101,'DROPDOWN','VRULE_BUCKET','Validation','Validation',1,'N','SYSTEM','2019-08-27 17:10:12.254','SYSTEM','2019-08-27 17:10:12.254','N')
,(102,'DROPDOWN','VRULE_BUCKET','Elimination','Elimination',2,'N','SYSTEM','2019-08-27 17:10:12.254','SYSTEM','2019-08-27 17:10:12.254','N')
,(103,'DROPDOWN','VRULE_BUCKET','Decision','Decision',3,'N','SYSTEM','2019-08-27 17:10:12.254','SYSTEM','2019-08-27 17:10:12.254','N')
,(104,'DROPDOWN','ERULE_BUCKET','Disclaimer','Disclaimer',1,'N','SYSTEM','2019-08-27 17:10:12.254','SYSTEM','2019-08-27 17:10:12.254','N')
,(105,'DROPDOWN','ERULE_BUCKET','Decision','Decision',2,'N','SYSTEM','2019-08-27 17:10:12.254','SYSTEM','2019-08-27 17:10:12.254','N')
,(106,'DROPDOWN','ERULE_BUCKET','Derived Fields','Derived Fields',3,'N','SYSTEM','2019-08-27 17:10:12.254','SYSTEM','2019-08-27 17:10:12.254','N')
,(107,'DROPDOWN','ERULE_BUCKET','Enrichment','Enrichment',4,'N','SYSTEM','2019-08-27 17:10:12.254','SYSTEM','2019-08-27 17:10:12.254','N')
,(108,'DROPDOWN','FIELD_BUCKET','Input','Input',1,'N','SYSTEM','2019-08-27 17:10:12.254','SYSTEM','2019-08-27 17:10:12.254','N')
,(109,'DROPDOWN','FIELD_BUCKET','Derived','Derived',2,'N','SYSTEM','2019-08-27 17:10:12.254','SYSTEM','2019-08-27 17:10:12.254','N')
,(110,'DROPDOWN','FIELD_BUCKET','Fulfilment','Fulfilment',3,'N','SYSTEM','2019-08-27 17:10:12.254','SYSTEM','2019-08-27 17:10:12.254','N')
;
INSERT INTO "CP_Client".icp_parameter (parameter_pk,param_type,param_sub_type,param_key,param_value,param_order,is_system_defined,maker_id,maker_date,checker_id,checker_date,flag_closed) VALUES 
(111,'CONFIG','AUDIT','PROCESSING_AUDIT','N',1,'N','SYSTEM',NULL,NULL,NULL,'N')
,(112,'CONFIG','AUDIT','UP_STREAM_AUDIT','N',1,'N','SYSTEM',NULL,NULL,NULL,'N')
,(113,'CONFIG','AUDIT','DOWN_STREAM_AUDIT','Y',1,'N','SYSTEM',NULL,NULL,NULL,'N')
,(115,'CONFIG','ENTITLEMENT','ENTITLEMENT_ERROR_CODES','ERR_WIRES_ENTUSR_001',1,'N','SYSTEM',NULL,NULL,NULL,'N')
,(116,'CONFIG','ENTITLEMENT','ENTITLEMENT_ERROR_CODES','ERR_ACH_ENTUSR_001',1,'N','SYSTEM',NULL,NULL,NULL,'N')
,(117,'CONFIG','ENTITLEMENT','ENTITLEMENT_ERROR_CODES','ERR_BILLPAY_ENTUSR_001',1,'N','SYSTEM',NULL,NULL,NULL,'N')
,(118,'CONFIG','ENTITLEMENT','ENTITLEMENT_ERROR_CODES','ERR_EFT_ENTUSR_001',1,'N','SYSTEM',NULL,NULL,NULL,'N')
,(119,'CONFIG','ENTITLEMENT','ENTITLEMENT_ERROR_CODES','ERR_GMT_ENTUSR_001',1,'N','SYSTEM',NULL,NULL,NULL,'N')
,(114,'CONFIG','ENTITLEMENT','ENTITLEMENT_ERROR_CODES','ERR_ETRF_ENTUSR_001',1,'N','SYSTEM',NULL,NULL,NULL,'N')
;INSERT INTO "CP_Client".icp_pref_details (hierarchy_master_pk,decision_param_code,pref_score_multiplier) VALUES 
(81,'TIME_VD','6')
,(86,'COST','2')
,(93,'COST','4')
,(94,'COST','47')
,(98,'COST','4')
,(100,'COST','47')
,(102,'COST','55')
,(105,'COST','6')
,(126,'COST','50')
,(128,'COST','56')
;
INSERT INTO "CP_Client".icp_pref_details (hierarchy_master_pk,decision_param_code,pref_score_multiplier) VALUES 
(130,'COST','99')
,(90,'TIME_VD','68')
,(180,'TIME_VD','777')
,(87,'COST','21')
,(183,'TIME_VD','27')
,(190,'COST','16667')
,(191,'COST','6')
,(202,'COST','444')
,(206,'COST','4')
,(208,'COST','5')
;
INSERT INTO "CP_Client".icp_pref_details (hierarchy_master_pk,decision_param_code,pref_score_multiplier) VALUES 
(210,'TIME_VD','5')
,(212,'COST','8')
,(216,'COST','7')
,(217,'TIME_VD','123')
,(218,'COST','5')
;INSERT INTO "CP_Client".icp_pref_hierarchy_impl (pref_hierarchy_pk,hierarchy_entity_type,hierarchy_level,field_code,is_system_defined,maker_id,maker_date,checker_id,checker_date,flag_closed) VALUES 
(2,'CUSTOMER',2,'IN_CUST_ID','Y','SYSTEM','2019-08-19 18:39:58.521','SYSTEM','2019-08-19 18:39:58.521','N')
,(1,'CATEGORY',1,'FLD_DER_ELIGIBLE_USER','Y','SYSTEM','2019-08-19 18:38:51.715','SYSTEM','2019-08-19 18:38:51.715','N')
;INSERT INTO "CP_Client".icp_pref_master (hierarchy_entity_type,hierarchy_entity_code,disclaimer_bucket,advise_bucket,marketing_bucket,disclaimer_erule,advise_erule,marketing_erule,is_system_defined,maker_id,maker_date,checker_id,checker_date,flag_closed) VALUES 
('CATEGORY','345',NULL,NULL,NULL,NULL,NULL,NULL,'N','SYSTEM','2019-10-22 09:09:18.127','SYSTEM','2019-10-22 09:09:18.127','N')
,('CUSTOMER','3459',NULL,NULL,NULL,NULL,NULL,NULL,'N','SYSTEM','2019-10-22 09:50:38.886','SYSTEM','2019-10-22 09:50:38.886','N')
,('CUSTOMER','SHAHID',NULL,NULL,NULL,NULL,NULL,NULL,'N','SYSTEM','2019-10-22 13:10:54.982','SYSTEM','2019-10-22 13:10:54.982','N')
,('CUSTOMER','SAM',NULL,NULL,NULL,NULL,NULL,NULL,'N','SYSTEM','2019-10-22 13:14:40.189','SYSTEM','2019-10-22 13:14:40.189','N')
,('CUSTOMER','234567',NULL,NULL,NULL,NULL,NULL,NULL,'N','SYSTEM','2019-10-22 15:32:49.270','SYSTEM','2019-10-22 15:32:49.270','N')
,('CUSTOMER','234567',NULL,NULL,NULL,NULL,NULL,NULL,'N','SYSTEM','2019-10-22 15:33:36.658','SYSTEM','2019-10-22 15:33:36.658','N')
,('CUSTOMER','7865',NULL,NULL,NULL,NULL,NULL,NULL,'N','SYSTEM','2019-10-22 15:38:47.626','SYSTEM','2019-10-22 15:38:47.626','N')
,('CUSTOMER','7865',NULL,NULL,NULL,NULL,NULL,NULL,'N','SYSTEM','2019-10-22 15:39:54.933','SYSTEM','2019-10-22 15:39:54.933','N')
,('CATEGORY','FGTY',NULL,NULL,NULL,NULL,NULL,NULL,'N','SYSTEM','2019-10-22 15:43:05.280','SYSTEM','2019-10-22 15:43:05.280','N')
,('CATEGORY','GHT',NULL,NULL,NULL,NULL,NULL,NULL,'N','SYSTEM','2019-10-22 15:49:27.704','SYSTEM','2019-10-22 15:49:27.704','N')
;
INSERT INTO "CP_Client".icp_pref_master (hierarchy_entity_type,hierarchy_entity_code,disclaimer_bucket,advise_bucket,marketing_bucket,disclaimer_erule,advise_erule,marketing_erule,is_system_defined,maker_id,maker_date,checker_id,checker_date,flag_closed) VALUES 
('CUSTOMER','SAM',NULL,NULL,NULL,NULL,NULL,NULL,'N','SYSTEM','2019-10-23 11:08:45.447','SYSTEM','2019-10-23 11:08:45.447','N')
,('CATEGORY','CAT_345',NULL,NULL,NULL,NULL,NULL,NULL,'N','SYSTEM','2019-10-23 11:31:29.354','SYSTEM','2019-10-23 11:31:29.354','N')
,('CUSTOMER','VICK',NULL,NULL,NULL,NULL,NULL,NULL,'N','SYSTEM','2019-10-23 11:32:05.126','SYSTEM','2019-10-23 11:32:05.126','N')
,('CUSTOMER','2345',NULL,NULL,NULL,NULL,NULL,NULL,'N','SYSTEM','2019-10-23 15:09:47.065','SYSTEM','2019-10-23 15:09:47.065','N')
,('CATEGORY','hgh',NULL,NULL,NULL,NULL,NULL,NULL,'N','SYSTEM','2019-10-24 12:34:33.312','SYSTEM','2019-10-24 12:34:33.312','N')
,('CATEGORY','PriSam',NULL,NULL,NULL,NULL,NULL,NULL,'N','SYSTEM','2019-10-24 12:37:58.539','SYSTEM','2019-10-24 12:37:58.539','N')
,('CATEGORY','erg45',NULL,NULL,NULL,NULL,NULL,NULL,'N','SYSTEM','2019-10-24 12:39:59.483','SYSTEM','2019-10-24 12:39:59.483','N')
,('CATEGORY','TYYU',NULL,NULL,NULL,NULL,NULL,NULL,'N','SYSTEM','2019-10-24 12:44:55.763','SYSTEM','2019-10-24 12:44:55.763','N')
,('CATEGORY','6788',NULL,NULL,NULL,NULL,NULL,NULL,'N','SYSTEM','2019-10-24 12:48:33.125','SYSTEM','2019-10-24 12:48:33.125','N')
,('CUSTOMER','REWRT',NULL,NULL,NULL,NULL,NULL,NULL,'N','SYSTEM','2019-10-24 12:51:32.423','SYSTEM','2019-10-24 12:51:32.423','N')
;
INSERT INTO "CP_Client".icp_pref_master (hierarchy_entity_type,hierarchy_entity_code,disclaimer_bucket,advise_bucket,marketing_bucket,disclaimer_erule,advise_erule,marketing_erule,is_system_defined,maker_id,maker_date,checker_id,checker_date,flag_closed) VALUES 
('CATEGORY','RTYU',NULL,NULL,NULL,NULL,NULL,NULL,'N','SYSTEM','2019-10-24 12:55:14.738','SYSTEM','2019-10-24 12:55:14.738','N')
;INSERT INTO "CP_Client".icp_product_offering (offering_code,entity_code,product_code,sub_product_code,offering_name,offering_description,disclaimer_erule,advise_erule,marketing_erule,iteration_count,is_system_defined,maker_id,maker_date,checker_id,checker_date,flag_closed) VALUES 
('PRD_OFRNG_ACH_001','CIBC','Payments','ACH Payment','ACH','ACH Payment','EN_DISCLMR_ACH',NULL,NULL,NULL,'Y','SYSTEM','2019-08-27 17:09:48.089','SYSTEM','2019-08-27 17:09:48.089','N')
,('PRD_OFRNG_BILLPAY_001','CIBC','Payments','Bill Payment','Bill Payment','Bill Payment','EN_DISCLMR_BILLPAY',NULL,NULL,NULL,'Y','SYSTEM','2019-08-27 17:09:48.089','SYSTEM','2019-08-27 17:09:48.089','N')
,('PRD_OFRNG_EFT_001','CIBC','Payments','EFT Payment','EFT','EFT Payment','EN_DISCLMR_EFT',NULL,NULL,NULL,'Y','SYSTEM','2019-08-27 17:09:48.089','SYSTEM','2019-08-27 17:09:48.089','N')
,('PRD_OFRNG_ETRF_001','CIBC','Payments','Business e-Transfer','Interac e-Transfer','Interac e-Transfer','EN_DISCLMR_ETRF',NULL,NULL,NULL,'Y','SYSTEM','2019-08-27 17:09:48.089','SYSTEM','2019-08-27 17:09:48.089','N')
,('PRD_OFRNG_GMT_001','CIBC','Payments','GMT Payment','Global Money Transfer','Global Money Transfer','EN_DISCLMR_GMT',NULL,NULL,NULL,'Y','SYSTEM','2019-08-27 17:09:48.089','SYSTEM','2019-08-27 17:09:48.089','Y')
,('PRD_OFRNG_WIRE_001','CIBC','Payments','Wire Payment','Wires','Standard Wires','EN_DISCLMR_WIRE',NULL,NULL,NULL,'Y','ADMIN',NULL,'ADMIN',NULL,'N')
;INSERT INTO "CP_Client".icp_query_config (sql_code,sql_name,sql_descrition,sql_type,sql_datasource,query_string,response_alias,single_row,is_system_defined,maker_id,maker_date,checker_id,checker_date,flag_closed) VALUES 
('QRY_NEW_VD_SCORE','Value date score','Value date score','sql','CIM','select case when (to_date(substring(hrs,1,6),''YYMMDD'') >= to_date(?,''mm/dd/yyyy'')) then hrs else to_char(to_date(?,''mm/dd/yyyy''),''YYMMDD'')||''12'' end dat from ( select ''PRD_OFRNG_ETRF_001'' ofr, to_char(current_date, ''YYMMDD'')||''01'' hrs from dual union select ''PRD_OFRNG_WIRE_001'' ofr, to_char(current_date, ''YYMMDD'')||''24'' hrs from dual union select ''PRD_OFRNG_ACH_001'' ofr, to_char(current_date, ''YYMMDD'')||''48'' hrs from dual union select ''PRD_OFRNG_EFT_001'' ofr, to_char(current_date+1, ''YYMMDD'')||''12'' hrs from dual union select ''PRD_OFRNG_GMT_001'' ofr, to_char(current_date + 1, ''YYMMDD'')||''12'' hrs from dual union select ''PRD_OFRNG_BILLPAY_001'' ofr, to_char(current_date, ''YYMMDD'')||''12'' hrs from dual ) tim where tim.ofr = ?','dat','','N',NULL,'2019-10-24 15:30:29.455',NULL,'2019-10-24 15:30:29.455','N')
,('QRY_NEW_VD_DISPLAY','Value date score display','Value date score display','SQL','CIM','select to_char(greatest(to_date(hrs,''dd-Mon-YYYY''),to_date(?,''mm/dd/yyyy'')),''dd-Mon-YYYY'') dat from ( select ''PRD_OFRNG_ETRF_001'' ofr, to_char(current_date, ''dd-Mon-YYYY'') hrs from dual union select ''PRD_OFRNG_WIRE_001'' ofr, to_char(current_date, ''dd-Mon-YYYY'') hrs from dual union select ''PRD_OFRNG_ACH_001'' ofr, to_char(current_date, ''dd-Mon-YYYY'') hrs from dual union select ''PRD_OFRNG_EFT_001'' ofr, to_char(current_date+1, ''dd-Mon-YYYY'') hrs from dual union select ''PRD_OFRNG_GMT_001'' ofr, to_char(current_date + 1, ''dd-Mon-YYYY'') hrs from dual union select ''PRD_OFRNG_BILLPAY_001'' ofr, to_char(current_date, ''dd-Mon-YYYY'') hrs from dual ) tim where tim.ofr = ?','dat','Y','N','SYSTEM','2019-10-22 16:56:52.292','SYSTEM','2019-10-22 16:56:52.292','N')
,('QRY_USER_ELIGIBLE','User Eligible','User Eligible','sql','CIM','select case when max(ofr) is null then ''N'' else ''Y'' end dat from ( select ''PRD_OFRNG_EFT_001'' ofr, ''CEB09345'' userid from dual union select ''PRD_OFRNG_ETRF_001'' ofr, ''CEB09345'' userid from dual union select ''PRD_OFRNG_WIRE_001'' ofr,''CEB09345'' userid from dual union select ''PRD_OFRNG_ACH_001'' ofr, ''CEB08971'' userid from dual union select ''PRD_OFRNG_EFT_001'' ofr, ''CEB08971'' userid from dual union select ''PRD_OFRNG_ACH_001'' ofr, ''CEB08971'' userid from dual union select ''PRD_OFRNG_ETRF_001'' ofr, ''CEB08971'' userid from dual union select ''PRD_OFRNG_WIRE_001'' ofr, ''CEB07894'' userid from dual union select ''PRD_OFRNG_EFT_001'' ofr, ''CEB07894'' userid from dual union select ''PRD_OFRNG_ACH_001'' ofr, ''CEB07894'' userid from dual union select ''PRD_OFRNG_ETRF_001'' ofr, ''CEB07894'' userid from dual union select ''PRD_OFRNG_WIRE_001'' ofr, ''CEB23478'' userid from dual union select ''PRD_OFRNG_EFT_001'' ofr, ''CEB23478'' userid from dual union select ''PRD_OFRNG_ACH_001'' ofr, ''CEB23478'' userid from dual union select ''PRD_OFRNG_ETRF_001'' ofr, ''CEB23478'' userid from dual union select ''PRD_OFRNG_WIRE_001'' ofr, ''CEB30826'' userid from dual union select ''PRD_OFRNG_EFT_001'' ofr, ''CEB30826'' userid from dual union select ''PRD_OFRNG_ACH_001'' ofr, ''CEB30826'' userid from dual union select ''PRD_OFRNG_ETRF_001'' ofr, ''CEB30826'' userid from dual ) tim where tim.userid = ? and ofr =? ','dat','Y','N',NULL,'2019-10-24 15:24:18.982',NULL,'2019-10-24 15:24:18.982','N')
,('QRY_FREQ','Frequently Used','Frequently Used','sql','CIM','select case when max(ofr) is null then ''N'' else ''Y'' end dat from ( select ''PRD_OFRNG_ACH_001'' ofr, ''TBC001'' contact from dual union select ''PRD_OFRNG_EFT_001'' ofr, ''TBC002'' contact from dual union select ''PRD_OFRNG_ETRF_001'' ofr, ''TBC003'' contact from dual union select ''PRD_OFRNG_WIRE_001'' ofr, ''TBC004'' contact from dual ) tim where tim.contact = ? and tim.ofr = ?','dat','','N',NULL,'2019-10-24 15:30:29.455',NULL,'2019-10-24 15:30:29.455','N')
;INSERT INTO "CP_Client".icp_query_config_input (sql_code,seq,param_datatype,param_field_code) VALUES 
('QRY_NEW_VD_DISPLAY',1,NULL,'IN_VAL_DT')
,('QRY_NEW_VD_DISPLAY',2,NULL,'DV_OFFERING_CODE')
,('QRY_NEW_VD_SCORE',1,NULL,'IN_VAL_DT')
,('QRY_NEW_VD_SCORE',2,NULL,'IN_VAL_DT')
,('QRY_NEW_VD_SCORE',3,NULL,'DV_OFFERING_CODE')
,('QRY_FREQ',1,NULL,'IN_CONTACT')
,('QRY_FREQ',2,NULL,'DV_OFFERING_CODE')
,('QRY_USER_ELIGIBLE',1,NULL,'IN_USERID')
,('QRY_USER_ELIGIBLE',2,NULL,'DV_OFFERING_CODE')
;INSERT INTO "CP_Client".icp_vrule_dtls (vrule_code,field_code,"operator",negate,comparator,value_type,value,vrule_and_seq) VALUES 
('VR_WIRE_MIN_TXN_AMT_LMT','IN_INST_AMT','VALUE','N','GT','FIXED','0','SET1')
,('VR_WIRE_MAX_TXN_AMT_LMT','IN_INST_AMT','VALUE','N','LE','FIXED','9999999999.99','SET1')
,('VR_ACH_CTRY_US','IN_CR_AGT_CTRY','VALUE','N','EQ','FIXED','US','SET1')
,('VR_ACH_INST_AMT_CCY','IN_INST_AMT_CCY','VALUE','N','EQ','FIXED','USD','SET1')
,('VR_ACH_MIN_TXN_AMT_LMT','IN_INST_AMT','VALUE','N','GT','FIXED','0','SET1')
,('VR_ACH_MAX_TXN_AMT_LMT','IN_INST_AMT','VALUE','N','LE','FIXED','9999999999.99','SET1')
,('VR_EFT_MIN_TXN_AMT_LMT','IN_INST_AMT','VALUE','N','GT','FIXED','0','SET1')
,('VR_EFT_MAX_TXN_AMT_LMT','IN_INST_AMT','VALUE','N','LE','FIXED','9999999999.99','SET1')
,('VR_BILLPAY_CTRY_CAD','IN_CR_AGT_CTRY','VALUE','N','EQ','FIXED','CA','SET1')
,('VR_BILLPAY_INST_AMT_CCY','IN_INST_AMT_CCY','VALUE','N','EQ','FIXED','CAD','SET1')
;
INSERT INTO "CP_Client".icp_vrule_dtls (vrule_code,field_code,"operator",negate,comparator,value_type,value,vrule_and_seq) VALUES 
('VR_BILLPAY_MIN_TXN_AMT_LMT','IN_INST_AMT','VALUE','N','GT','FIXED','0','SET1')
,('VR_BILLPAY_MAX_TXN_AMT_LMT','IN_INST_AMT','VALUE','N','LE','FIXED','9999999999.99','SET1')
,('VR_BILLPAY_ENTITLEMENT_USER','FLD_DER_ELIGIBLE_USER','VALUE','N','EQ','FIXED','Y','SET1')
,('VR_GMT_MAX_TXN_AMT_LMT','IN_INST_AMT','VALUE','N','LE','FIXED','30000','SET1')
,('ALWAYS_TRUE',NULL,'VALUE','N','ISNULL',NULL,NULL,'SET1')
,('ALWAYS_TRUE',NULL,'VALUE','Y','ISNULL',NULL,NULL,'SET1')
,('IS_SMARTBNK_EFTR','DV_OFFERING_CODE','VALUE','N','EQ','FIXED','PRD_OFRNG_ETRF_001','SET1')
,('IS_SMARTBNK_WIRE','DV_OFFERING_CODE','VALUE','N','EQ','FIXED','PRD_OFRNG_WIRE_001','SET1')
,('IS_SMARTBNK_ACH','DV_OFFERING_CODE','VALUE','N','EQ','FIXED','PRD_OFRNG_ACH_001','SET1')
,('IS_SMARTBNK_EFT','DV_OFFERING_CODE','VALUE','N','EQ','FIXED','PRD_OFRNG_EFT_001','SET1')
;
INSERT INTO "CP_Client".icp_vrule_dtls (vrule_code,field_code,"operator",negate,comparator,value_type,value,vrule_and_seq) VALUES 
('IS_SMARTBNK_BILLPAY','DV_OFFERING_CODE','VALUE','N','EQ','FIXED','PRD_OFRNG_BILLPAY_001','SET1')
,('IS_CASHMGM_EFTR','DV_OFFERING_CODE','VALUE','N','EQ','FIXED','PRD_OFRNG_ETRF_001','SET1')
,('IS_CASHMGM_WIRE','DV_OFFERING_CODE','VALUE','N','EQ','FIXED','PRD_OFRNG_WIRE_001','SET1')
,('IS_CASHMGM_ACH','DV_OFFERING_CODE','VALUE','N','EQ','FIXED','PRD_OFRNG_ACH_001','SET1')
,('IS_CASHMGM_EFT','DV_OFFERING_CODE','VALUE','N','EQ','FIXED','PRD_OFRNG_EFT_001','SET1')
,('IS_CASHMGM_GMT','DV_OFFERING_CODE','VALUE','N','EQ','FIXED','PRD_OFRNG_GMT_001','SET1')
,('IS_CASHMGM_BILLPAY','DV_OFFERING_CODE','VALUE','N','EQ','FIXED','PRD_OFRNG_BILLPAY_001','SET1')
,('VR_ETRF_MIN_TXN_AMT_LMT','IN_INST_AMT','VALUE','N','GE','FIXED','1','SET1')
,('VR_ETRF_DEBT_CCY','IN_DR_AC_CCY','VALUE','N','EQ','FIXED','CAD','SET1')
,('VR_BILLPAY_DEBT_CCY','IN_DR_AC_CCY','VALUE','N','EQ','FIXED','CAD','SET1')
;
INSERT INTO "CP_Client".icp_vrule_dtls (vrule_code,field_code,"operator",negate,comparator,value_type,value,vrule_and_seq) VALUES 
('VR_ACH_DEBT_CCY','IN_DR_AC_CCY','VALUE','N','EQ','FIXED','USD','SET1')
,('VR_GMT_MIN_TXN_AMT_LMT','IN_INST_AMT','VALUE','N','GT','FIXED','0','SET1')
,('VR_WIRE_ALWD_CTRYS','IN_CR_AGT_CTRY','VALUE','N','CONTAIN','LIST','LIST_ALWD_CNTRY','SET1')
,('VR_WIRE_ALWD_CCY_PAIR','IN_DR_AC_CCY','VALUE','N','EQ','FIXED','USD','SET1')
,('VR_WIRE_ALWD_CCY_PAIR','IN_INST_AMT_CCY','VALUE','N','CONTAIN','LIST','LIST_ALWD_CCY_USD','SET2')
,('VR_WIRE_ALWD_CCY_PAIR','IN_DR_AC_CCY','VALUE','N','EQ','FIXED','CAD','SET1')
,('VR_WIRE_ALWD_CCY_PAIR','IN_INST_AMT_CCY','VALUE','N','CONTAIN','LIST','LIST_ALWD_CCY_CAD','SET2')
,('VR_ETRF_CTRY_CA','IN_CR_AGT_CTRY','VALUE','N','EQ','FIXED','CA','SET1')
,('IS_SMARTBNK_GMT','DV_OFFERING_CODE','VALUE','N','EQ','FIXED','PRD_OFRNG_GMT_001','SET1')
,('VR_DV_VAL_DT','DV_VAL_DT','VALUE','N','LE','FIELD','IN_INIT_DATE','SET1')
;
INSERT INTO "CP_Client".icp_vrule_dtls (vrule_code,field_code,"operator",negate,comparator,value_type,value,vrule_and_seq) VALUES 
('VR_EFT_ALWD_CCY_PAIR','IN_DR_AC_CCY','VALUE','N','EQ','FIXED','CAD','SET1')
,('VR_EFT_ALWD_CCY_PAIR','IN_DR_AC_CCY','VALUE','N','EQ','FIXED','USD','SET1')
,('VR_EFT_ALWD_CCY_PAIR','IN_INST_AMT_CCY','VALUE','N','EQ','FIXED','USD','SET2')
,('VR_EFT_ALWD_CCY_PAIR','IN_INST_AMT_CCY','VALUE','N','EQ','FIXED','CAD','SET2')
,('VR_EFT_ALWD_CTRY','IN_CR_AGT_CTRY','VALUE','N','EQ','FIXED','CA','SET1')
,('VR_EFT_ALWD_CTRY','IN_CR_AGT_CTRY','VALUE','N','EQ','FIXED','US','SET2')
,('VR_EFT_CTRY_US','IN_CR_AGT_CTRY','VALUE','N','EQ','FIXED','US','SET1')
,('VR_EFT_CTRY_CA','IN_CR_AGT_CTRY','VALUE','N','EQ','FIXED','CA','SET1')
,('IS_CASHMGM_EFTR','DV_CUST_CAT','VALUE','N','EQ','FIXED','Large Corporates','SET2')
,('IS_CASHMGM_WIRE','DV_CUST_CAT','VALUE','N','EQ','FIXED','Large Corporates','SET2')
;
INSERT INTO "CP_Client".icp_vrule_dtls (vrule_code,field_code,"operator",negate,comparator,value_type,value,vrule_and_seq) VALUES 
('IS_CASHMGM_ACH','DV_CUST_CAT','VALUE','N','EQ','FIXED','Large Corporates','SET2')
,('IS_CASHMGM_EFT','DV_CUST_CAT','VALUE','N','EQ','FIXED','Large Corporates','SET2')
,('IS_CASHMGM_GMT','DV_CUST_CAT','VALUE','N','EQ','FIXED','Large Corporates','SET2')
,('IS_CASHMGM_BILLPAY','DV_CUST_CAT','VALUE','N','EQ','FIXED','Large Corporates','SET2')
,('IS_SMARTBNK_WIRE','DV_CUST_CAT','VALUE','N','EQ','FIXED','Small Businesses','SET2')
,('IS_SMARTBNK_EFTR','DV_CUST_CAT','VALUE','N','EQ','FIXED','Small Businesses','SET2')
,('IS_SMARTBNK_EFT','DV_CUST_CAT','VALUE','N','EQ','FIXED','Small Businesses','SET2')
,('IS_SMARTBNK_BILLPAY','DV_CUST_CAT','VALUE','N','EQ','FIXED','Small Businesses','SET2')
,('IS_SMARTBNK_GMT','DV_CUST_CAT','VALUE','N','EQ','FIXED','Small Businesses','SET2')
,('IS_SMARTBNK_ACH','DV_CUST_CAT','VALUE','N','EQ','FIXED','Small Businesses','SET2')
;
INSERT INTO "CP_Client".icp_vrule_dtls (vrule_code,field_code,"operator",negate,comparator,value_type,value,vrule_and_seq) VALUES 
('VR_VD_CHECK','IN_VAL_DT','VALUE','N','GE','FIELD','DV_VD','SET1')
,('VR_ETRF_ENTITLEMENT_USER','FLD_DER_ELIGIBLE_USER','VALUE','N','EQ','FIXED','Y','SET1')
,('VR_WIRE_ENTITLEMENT_USER','FLD_DER_ELIGIBLE_USER','VALUE','N','EQ','FIXED','Y','SET1')
,('VR_ACH_ENTITLEMENT_USER','FLD_DER_ELIGIBLE_USER','VALUE','N','EQ','FIXED','Y','SET1')
,('VR_EFT_ENTITLEMENT_USER','FLD_DER_ELIGIBLE_USER','VALUE','N','EQ','FIXED','Y','SET1')
,('VR_GMT_ENTITLEMENT_USER','FLD_DER_ELIGIBLE_USER','VALUE','N','EQ','FIXED','Y','SET1')
,('VR_EFT_ALWD_CCY_PAIR','IN_DR_AC_CCY','VALUE','N','EQ','FIELD','IN_INST_AMT_CCY','SET3')
,('VR_ETRF_MAX_TXN_AMT_LMT','IN_INST_AMT','VALUE','N','LE','FIXED','25000','SET1')
;INSERT INTO "CP_Client".icp_vrule_master (vrule_code,vrule_name,vrule_description,vrule_bucket,vrule_type,is_system_defined,maker_id,maker_date,checker_id,checker_date,flag_closed) VALUES 
('VR_ETRF_DEBT_CCY','ETRF-Debit Currency Rule','Debit Currency must be ''CAD''','Elimination','V','N','SYSTEM','2019-08-27 17:00:53.785','SYSTEM','2019-08-27 17:00:53.785','N')
,('VR_ETRF_MIN_TXN_AMT_LMT','ETRF -Minimum Transaction Amount Check','Txn amtis less than the Max Txn Limit per Payment','Elimination','V','N','SYSTEM','2019-08-27 17:00:53.785','SYSTEM','2019-08-27 17:00:53.785','N')
,('VR_ETRF_ENTITLEMENT_USER','ETRF-User Entitlement Check','User is entitled to send  Interac e-Transfers','Elimination','V','N','SYSTEM','2019-08-27 17:00:53.785','SYSTEM','2019-08-27 17:00:53.785','N')
,('VR_WIRE_ALWD_CTRYS','WIRE-Allowed Countries Check','Destination country one if the Allowed Countries','Elimination','V','N','SYSTEM','2019-08-27 17:00:53.785','SYSTEM','2019-08-27 17:00:53.785','N')
,('VR_WIRE_MAX_TXN_AMT_LMT','WIRE-Minimum Transaction Amount Limit For Wires','Txn amtis less than the Max Txn Limit per Payment for wires','Elimination','V','N','SYSTEM','2019-08-27 17:00:53.785','SYSTEM','2019-08-27 17:00:53.785','N')
,('VR_WIRE_MIN_TXN_AMT_LMT','WIRE-Maximum Transaction Amount Limit For Wires','Txn amt is greater than the Min limit per Payment for wires','Elimination','V','N','SYSTEM','2019-08-27 17:00:53.785','SYSTEM','2019-08-27 17:00:53.785','N')
,('VR_WIRE_ENTITLEMENT_USER','WIRE-User Entitlement Validation','User is entitled to send  wires','Elimination','V','N','SYSTEM','2019-08-27 17:00:53.785','SYSTEM','2019-08-27 17:00:53.785','N')
,('VR_ACH_CTRY_US','ACH-Destination Country Check','Destination country must be ''US''','Elimination','V','N','SYSTEM','2019-08-27 17:00:53.785','SYSTEM','2019-08-27 17:00:53.785','N')
,('VR_ACH_INST_AMT_CCY','ACH-Instructured Currency Rule','Instructured Currency must be ''USD''','Elimination','V','N','SYSTEM','2019-08-27 17:00:53.785','SYSTEM','2019-08-27 17:00:53.785','N')
,('VR_ACH_DEBT_CCY','ACH-Debit Currency Check','Debit Currency must be ''USD''','Elimination','V','N','SYSTEM','2019-08-27 17:00:53.785','SYSTEM','2019-08-27 17:00:53.785','N')
;
INSERT INTO "CP_Client".icp_vrule_master (vrule_code,vrule_name,vrule_description,vrule_bucket,vrule_type,is_system_defined,maker_id,maker_date,checker_id,checker_date,flag_closed) VALUES 
('VR_ACH_MIN_TXN_AMT_LMT','ACH-Minimum Transaction Amount Check','Txn amt is greater than the Min limit per Payment for ACH','Elimination','V','N','SYSTEM','2019-08-27 17:00:53.785','SYSTEM','2019-08-27 17:00:53.785','N')
,('VR_ACH_MAX_TXN_AMT_LMT','ACH-Maximum Transaction Amount Check','Txn amtis less than the Max Txn Limit per Payment for ACH','Elimination','V','N','SYSTEM','2019-08-27 17:00:53.785','SYSTEM','2019-08-27 17:00:53.785','N')
,('VR_ACH_ENTITLEMENT_USER','ACH-User Entitlement Validation','User is entitled to send  ACH','Elimination','V','N','SYSTEM','2019-08-27 17:00:53.785','SYSTEM','2019-08-27 17:00:53.785','N')
,('VR_EFT_MIN_TXN_AMT_LMT','EFT-Minimum Transaction Amount Check','Txn amt is greater than the Min limit per Payment for EFT','Elimination','V','N','SYSTEM','2019-08-27 17:00:53.785','SYSTEM','2019-08-27 17:00:53.785','N')
,('VR_EFT_MAX_TXN_AMT_LMT','EFT-Maximum Transaction Amount Check','Txn amtis less than the Max Txn Limit per Payment for EFT','Elimination','V','N','SYSTEM','2019-08-27 17:00:53.785','SYSTEM','2019-08-27 17:00:53.785','N')
,('VR_EFT_ENTITLEMENT_USER','EFT-User Entitlement Validation','User is entitled to send  EFT','Elimination','V','N','SYSTEM','2019-08-27 17:00:53.785','SYSTEM','2019-08-27 17:00:53.785','N')
,('VR_BILLPAY_CTRY_CAD','BILLPAY-Destination Country Check','Destination country must be ''CA''','Elimination','V','N','SYSTEM','2019-08-27 17:00:53.785','SYSTEM','2019-08-27 17:00:53.785','N')
,('VR_BILLPAY_INST_AMT_CCY','BILLPAY-Instructured Currency Rule','Instructured Currency must be ''CAD''','Elimination','V','N','SYSTEM','2019-08-27 17:00:53.785','SYSTEM','2019-08-27 17:00:53.785','N')
,('VR_BILLPAY_DEBT_CCY','BILLPAY-Debit Currency Rule','Debit Currency must be ''CAD''','Elimination','V','N','SYSTEM','2019-08-27 17:00:53.785','SYSTEM','2019-08-27 17:00:53.785','N')
,('VR_BILLPAY_MIN_TXN_AMT_LMT','BILLPAY-Minimum Transaction Amount Check','Txn amt is greater than the Min limit per Payment for BILLPAY','Elimination','V','N','SYSTEM','2019-08-27 17:00:53.785','SYSTEM','2019-08-27 17:00:53.785','N')
;
INSERT INTO "CP_Client".icp_vrule_master (vrule_code,vrule_name,vrule_description,vrule_bucket,vrule_type,is_system_defined,maker_id,maker_date,checker_id,checker_date,flag_closed) VALUES 
('VR_BILLPAY_MAX_TXN_AMT_LMT','BILLPAY-Maximum Transaction Amount Check','Txn amtis less than the Max Txn Limit per Payment for BILLPAY','Elimination','V','N','SYSTEM','2019-08-27 17:00:53.785','SYSTEM','2019-08-27 17:00:53.785','N')
,('VR_BILLPAY_ENTITLEMENT_USER','BILLPAY-User Entitlement Validation','User is entitled to send  BILLPAY','Elimination','V','N','SYSTEM','2019-08-27 17:00:53.785','SYSTEM','2019-08-27 17:00:53.785','N')
,('VR_BILLPAY_CONTACT_EXISTS','BILLPAY Contact Exists Check','To check payee is exists in contact or not','Elimination','V','N','SYSTEM','2019-08-27 17:00:53.785','SYSTEM','2019-08-27 17:00:53.785','Y')
,('VR_BILLPAY_PAYEE_NAME_PRESENT','BILLPAY Payee Name Check','Payee name should be present','Elimination','V','N','SYSTEM','2019-08-27 17:00:53.785','SYSTEM','2019-08-27 17:00:53.785','Y')
,('VR_GMT_ENTITLEMENT_USER','GMT-User Entitlement Validation','User is entitled to send  GMT','Elimination','V','N','SYSTEM','2019-08-27 17:00:53.785','SYSTEM','2019-08-27 17:00:53.785','N')
,('VR_DV_VAL_DT','Derived Value Date Check','Value Date should be greater than Intiate Date','Elimination','V','N','SYSTEM','2019-08-27 17:00:53.785','SYSTEM','2019-08-27 17:00:53.785','N')
,('VR_GMT_MAX_TXN_AMT_LMT','GMT-Maximum Transaction Amount Check','Txn amtis less than the Max Txn Limit per Payment for GMT','Elimination','V','N','SYSTEM','2019-08-27 17:00:53.785','SYSTEM','2019-08-27 17:00:53.785','N')
,('VR_WIRE_ALWD_CCY_PAIR','WIRE-Allowed Currency Check','The Currency pair  must beAllowed Currencies Pairs for Wires','Elimination','V','N','SYSTEM','2019-08-27 17:00:53.785','SYSTEM','2019-08-27 17:00:53.785','N')
,('ALWAYS_TRUE','Always True','Always True','Validation','I','N','SYSTEM','2019-08-27 17:00:53.785','SYSTEM','2019-08-27 17:00:53.785','N')
,('IS_SMARTBNK_EFTR','SmartBanking Intrac e-Transfer Check','Is Offering is EFTR and Customer Catageory is Smart Banking','Validation','V','N','SYSTEM','2019-08-27 17:00:53.785','SYSTEM','2019-08-27 17:00:53.785','N')
;
INSERT INTO "CP_Client".icp_vrule_master (vrule_code,vrule_name,vrule_description,vrule_bucket,vrule_type,is_system_defined,maker_id,maker_date,checker_id,checker_date,flag_closed) VALUES 
('IS_SMARTBNK_WIRE','SmartBanking Wire Check','Is Offering is Wire and Customer Catageory is Smart Banking','Validation','V','N','SYSTEM','2019-08-27 17:00:53.785','SYSTEM','2019-08-27 17:00:53.785','N')
,('IS_SMARTBNK_ACH','SmartBanking ACH Check','Is Offering is ACH and Customer Catageory is Smart Banking','Validation','V','N','SYSTEM','2019-08-27 17:00:53.785','SYSTEM','2019-08-27 17:00:53.785','N')
,('IS_CASHMGM_EFTR','CashManagement Intrac e-Transfer Check','Is Offering is EFTR and Customer Catageory is Cash Management','Validation','V','N','SYSTEM','2019-08-27 17:00:53.785','SYSTEM','2019-08-27 17:00:53.785','N')
,('IS_SMARTBNK_EFT','SmartBanking EFT Check','Is Offering is EFT and Customer Catageory is Smart Banking','Validation','V','N','SYSTEM','2019-08-27 17:00:53.785','SYSTEM','2019-08-27 17:00:53.785','N')
,('IS_SMARTBNK_BILLPAY','SmartBanking BILLPAY Check','Is Offering is BillPAY and Customer Catageory is Smart Banking','Validation','V','N','SYSTEM','2019-08-27 17:00:53.785','SYSTEM','2019-08-27 17:00:53.785','N')
,('IS_CASHMGM_WIRE','CashManagement Wire Check','Is Offering is Wire and Customer Catageory is Cash Management','Validation','V','N','SYSTEM','2019-08-27 17:00:53.785','SYSTEM','2019-08-27 17:00:53.785','N')
,('IS_CASHMGM_ACH','CashManagement ACH Check','Is Offering is ACH and Customer Catageory is Cash Management','Validation','V','N','SYSTEM','2019-08-27 17:00:53.785','SYSTEM','2019-08-27 17:00:53.785','N')
,('IS_CASHMGM_EFT','CashManagement EFT Check','Is Offering is EFT and Customer Catageory is Cash Management','Validation','V','N','SYSTEM','2019-08-27 17:00:53.785','SYSTEM','2019-08-27 17:00:53.785','N')
,('VR_GMT_MIN_TXN_AMT_LMT','GMT-Minimum Transaction Amount Check','Txn amtis less than the Min Txn Limit per Payment for GMT','Elimination','V','N','SYSTEM','2019-08-27 17:00:53.000','SYSTEM','2019-08-27 17:00:53.000','N')
,('VR_ETRF_CTRY_CA','Allowed country E-Transfer','Allowed country E-Transfer','Elimination','V','N','SYSTEM','2019-08-27 17:00:53.000','SYSTEM','2019-08-27 17:00:53.000','N')
;
INSERT INTO "CP_Client".icp_vrule_master (vrule_code,vrule_name,vrule_description,vrule_bucket,vrule_type,is_system_defined,maker_id,maker_date,checker_id,checker_date,flag_closed) VALUES 
('VR_VD_CHECK','Derived value date check','Derived value date check','Validation','V','N','SYSTEM','2019-08-27 17:00:53.000','SYSTEM','2019-08-27 17:00:53.000','N')
,('IS_CASHMGM_BILLPAY','CashManagement BILLPAY Check','Is Offering is BILLPAY and Customer Catageory is Cash Management','Validation','V','N','SYSTEM','2019-08-27 17:00:53.785','SYSTEM','2019-08-27 17:00:53.785','N')
,('IS_CASHMGM_GMT','CashManagement GMT Check','Is Offering is GMT and Customer Catageory is Cash Management','Validation','V','N','SYSTEM','2019-08-27 17:00:53.785','SYSTEM','2019-08-27 17:00:53.785','N')
,('IS_SMARTBNK_GMT','smart banking GMT','smart banking GMT','Validation','V','N','SYSTEM','2019-08-27 17:00:53.000','SYSTEM','2019-08-27 17:00:53.000','N')
,('VR_EFT_ALWD_CCY_PAIR','EFT-Allowed Currency Check','The Currency pair given as an Input must be either be ''CAD-CAD'' or ''USD-USD''','Elimination','V','N','SYSTEM','2019-08-27 17:00:53.785','SYSTEM','2019-08-27 17:00:53.785','N')
,('VR_EFT_CTRY_US','EFT- US Destination Country Check','Destination country must be ''US''','Elimination','V','N','SYSTEM','2019-08-27 17:00:53.785','SYSTEM','2019-08-27 17:00:53.785','N')
,('VR_EFT_ALWD_CTRY','EFT-Destination Country Check','Destination country must be ''CA'' or ''US''','Elimination','V','N','SYSTEM','2019-08-27 17:00:53.785','SYSTEM','2019-08-27 17:00:53.785','N')
,('VR_EFT_CTRY_CA','EFT- Destination Country Check','Destination country must be ''CA''','Elimination','V','N','SYSTEM','2019-08-27 17:00:53.785','SYSTEM','2019-08-27 17:00:53.785','N')
,('VR_ETRF_MAX_TXN_AMT_LMT','ETRF-Maximum Transaction Amount Check','Txn amt is greater than the Min limit per Payment','Elimination','V','N','ADMIN','2021-05-01 05:11:51.986','ADMIN','2021-05-01 05:11:51.986','N')
;INSERT INTO "CP_Client".sp_transaction_master (id_channel_reqid,id_contextual_refid,in_dr_ac,in_dr_ac_ccy,in_cr_agt_ctry,in_val_dt,in_inst_amt,in_inst_amt_ccy,in_debt_amt,in_debt_amt_ccy,fl_ntnl_rate,in_cust_id,offering_code_recommended,offering_code_selected,decision_score_cost,decision_score_time,decision_score_display_cost,decision_score_display_time,ful_field1,ful_field2,ful_field3,ful_field4,ful_field5,ful_field6,ful_field7,ful_field8,maker_id,maker_date,checker_id,checker_date,status) VALUES 
('775034007','210204-03245729-e96cbb4283','987654321','CAD','CA','02/04/2021',21.00000000000000000000000000000000000000000000000000,'CAD',21.00000000000000000000000000000000000000000000000000,'CAD','1','PayFromAcc1','PRD_OFRNG_ACH_001','PRD_OFRNG_ETRF_001',1.50000000000000000000000000000000000000000000000000,21020401.00000000000000000000000000000000000000000000000000,'1.50 CAD','04-Feb-2021','9876543210','i@intellect.com','ASD_intellect',NULL,NULL,NULL,NULL,NULL,'CEB08971',NULL,NULL,NULL,'I')
,('184773483','210204-04240121-52e8844028','987654321','CAD','CA','02/05/2021',21.00000000000000000000000000000000000000000000000000,'CAD',21.00000000000000000000000000000000000000000000000000,'CAD','1','PayFromAcc1','PRD_OFRNG_ACH_001','PRD_OFRNG_EFT_001',2.00000000000000000000000000000000000000000000000000,21020512.00000000000000000000000000000000000000000000000000,'2.00 CAD','05-Feb-2021','asd','ads','ads',NULL,NULL,NULL,NULL,NULL,'CEB09345',NULL,NULL,NULL,'I')
,('569094555','210429-04240611-0a7ea14a89','987654321','CAD','CA','04/30/2021',21.00000000000000000000000000000000000000000000000000,'CAD',21.00000000000000000000000000000000000000000000000000,'CAD','1','PayFromAcc1','PRD_OFRNG_ACH_001','PRD_OFRNG_EFT_001',2.00000000000000000000000000000000000000000000000000,21043012.00000000000000000000000000000000000000000000000000,'2.00 CAD','30-Apr-2021','qwe','qe','qwe',NULL,NULL,NULL,NULL,NULL,'CEB09345',NULL,NULL,NULL,'I')
,('886458074','210518-05240226-367e38442a','975356861','CAD','CA','05/18/2021',500.00000000000000000000000000000000000000000000000000,'CAD',500.00000000000000000000000000000000000000000000000000,'CAD','1','PayFromAcc4','PRD_OFRNG_ACH_001','PRD_OFRNG_ETRF_001',5.00000000000000000000000000000000000000000000000000,21051801.00000000000000000000000000000000000000000000000000,'5.00 CAD','18-May-2021','9378698092','sid@gmail.com',NULL,NULL,NULL,NULL,NULL,NULL,'CEB07894',NULL,NULL,NULL,'I')
,('233873338','210607-04244856-46cfc442bf','987654321','CAD','CA','06/07/2021',130.00000000000000000000000000000000000000000000000000,'CAD',130.00000000000000000000000000000000000000000000000000,'CAD','1','PayFromAcc1','PRD_OFRNG_ACH_001','PRD_OFRNG_ETRF_001',1.50000000000000000000000000000000000000000000000000,21060701.00000000000000000000000000000000000000000000000000,'1.50 CAD','07-Jun-2021','9378698092','abc@gmail.com',NULL,NULL,NULL,NULL,NULL,NULL,'CEB08971',NULL,NULL,NULL,'I')
;